Bug Id,Modified Classes
JacksonCore/1_buggy,com.fasterxml.jackson.core.util.TextBuffer
JacksonCore/2_buggy,com.fasterxml.jackson.core.json.UTF8StreamJsonParser
JacksonCore/3_buggy,com.fasterxml.jackson.core.json.UTF8StreamJsonParser
JacksonCore/4_buggy,com.fasterxml.jackson.core.util.TextBuffer
JacksonCore/5_buggy,com.fasterxml.jackson.core.JsonPointer
JacksonCore/6_buggy,com.fasterxml.jackson.core.JsonPointer
JacksonCore/7_buggy,com.fasterxml.jackson.core.json.JsonWriteContext
JacksonCore/8_buggy,com.fasterxml.jackson.core.util.TextBuffer
JacksonCore/9_buggy,com.fasterxml.jackson.core.json.UTF8StreamJsonParser
JacksonCore/10_buggy,com.fasterxml.jackson.core.sym.ByteQuadsCanonicalizer
JacksonCore/11_buggy,com.fasterxml.jackson.core.sym.ByteQuadsCanonicalizer
JacksonCore/12_buggy,com.fasterxml.jackson.core.json.UTF8StreamJsonParser
JacksonCore/13_buggy,com.fasterxml.jackson.core.json.JsonGeneratorImpl
JacksonCore/14_buggy,com.fasterxml.jackson.core.io.IOContext
JacksonCore/15_buggy,com.fasterxml.jackson.core.filter.FilteringParserDelegate
JacksonCore/16_buggy,com.fasterxml.jackson.core.util.JsonParserSequence
JacksonCore/17_buggy,com.fasterxml.jackson.core.json.UTF8JsonGenerator
JacksonCore/18_buggy,com.fasterxml.jackson.core.json.WriterBasedJsonGenerator
JacksonCore/19_buggy,com.fasterxml.jackson.core.json.UTF8StreamJsonParser
JacksonCore/20_buggy,com.fasterxml.jackson.core.JsonGenerator
JacksonCore/21_buggy,com.fasterxml.jackson.core.filter.FilteringParserDelegate
JacksonCore/22_buggy,com.fasterxml.jackson.core.filter.FilteringParserDelegate
JacksonCore/23_buggy,com.fasterxml.jackson.core.util.DefaultPrettyPrinter
JacksonCore/24_buggy,com.fasterxml.jackson.core.base.ParserMinimalBase
JacksonCore/25_buggy,com.fasterxml.jackson.core.json.ReaderBasedJsonParser
JacksonCore/26_buggy,com.fasterxml.jackson.core.json.async.NonBlockingJsonParser
