"Bug Id","Warning Type","Code","Warning"
"JacksonDatabind/4_buggy","Bad practice Warning","CN","com.fasterxml.jackson.databind.util.ISO8601DateFormat.clone() does not call super.clone()"
"JacksonDatabind/4_buggy","Bad practice Warning","CN","com.fasterxml.jackson.databind.util.StdDateFormat.clone() does not call super.clone()"
"JacksonDatabind/4_buggy","Bad practice Warning","DE","com.fasterxml.jackson.databind.introspect.AnnotatedClass.resolveMemberMethods() might ignore java.lang.Exception"
"JacksonDatabind/4_buggy","Bad practice Warning","ES","Comparison of String parameter using == or != in com.fasterxml.jackson.databind.deser.impl.BeanPropertyMap.find(String)"
"JacksonDatabind/4_buggy","Bad practice Warning","Eq","com.fasterxml.jackson.databind.introspect.POJOPropertyBuilder defines compareTo(POJOPropertyBuilder) and uses Object.equals()"
"JacksonDatabind/4_buggy","Bad practice Warning","HE","com.fasterxml.jackson.databind.node.BooleanNode defines equals and uses Object.hashCode()"
"JacksonDatabind/4_buggy","Bad practice Warning","HE","com.fasterxml.jackson.databind.util.ArrayBuilders$1 defines equals and uses Object.hashCode()"
"JacksonDatabind/4_buggy","Bad practice Warning","NP","com.fasterxml.jackson.databind.AnnotationIntrospector.isIgnorableType(AnnotatedClass) has Boolean return type and returns explicit null"
"JacksonDatabind/4_buggy","Bad practice Warning","NP","com.fasterxml.jackson.databind.AnnotationIntrospector.isTypeId(AnnotatedMember) has Boolean return type and returns explicit null"
"JacksonDatabind/4_buggy","Bad practice Warning","NP","com.fasterxml.jackson.databind.AnnotationIntrospector.findIgnoreUnknownProperties(AnnotatedClass) has Boolean return type and returns explicit null"
"JacksonDatabind/4_buggy","Bad practice Warning","NP","com.fasterxml.jackson.databind.AnnotationIntrospector.findSerializationSortAlphabetically(Annotated) has Boolean return type and returns explicit null"
"JacksonDatabind/4_buggy","Bad practice Warning","NP","com.fasterxml.jackson.databind.AnnotationIntrospector.findSerializationSortAlphabetically(AnnotatedClass) has Boolean return type and returns explicit null"
"JacksonDatabind/4_buggy","Bad practice Warning","NP","com.fasterxml.jackson.databind.AnnotationIntrospector.hasRequiredMarker(AnnotatedMember) has Boolean return type and returns explicit null"
"JacksonDatabind/4_buggy","Bad practice Warning","NP","com.fasterxml.jackson.databind.introspect.JacksonAnnotationIntrospector.hasRequiredMarker(AnnotatedMember) has Boolean return type and returns explicit null"
"JacksonDatabind/4_buggy","Bad practice Warning","NP","com.fasterxml.jackson.databind.ser.std.EnumSerializer._isShapeWrittenUsingIndex(Class, JsonFormat$Value, boolean) has Boolean return type and returns explicit null"
"JacksonDatabind/4_buggy","Bad practice Warning","RC","Suspicious comparison of Boolean references in com.fasterxml.jackson.databind.ser.std.EnumSerializer.createContextual(SerializerProvider, BeanProperty)"
"JacksonDatabind/4_buggy","Bad practice Warning","Se","Class com.fasterxml.jackson.databind.DeserializationConfig defines non-transient non-serializable instance field _problemHandlers"
"JacksonDatabind/4_buggy","Bad practice Warning","Se","Class com.fasterxml.jackson.databind.ObjectReader defines non-transient non-serializable instance field _dataFormatReaders"
"JacksonDatabind/4_buggy","Bad practice Warning","Se","Class com.fasterxml.jackson.databind.ObjectWriter defines non-transient non-serializable instance field _rootSerializer"
"JacksonDatabind/4_buggy","Bad practice Warning","Se","Class com.fasterxml.jackson.databind.cfg.BaseSettings defines non-transient non-serializable instance field _handlerInstantiator"
"JacksonDatabind/4_buggy","Bad practice Warning","Se","Class com.fasterxml.jackson.databind.cfg.BaseSettings defines non-transient non-serializable instance field _typeResolverBuilder"
"JacksonDatabind/4_buggy","Bad practice Warning","Se","Class com.fasterxml.jackson.databind.cfg.DeserializerFactoryConfig defines non-transient non-serializable instance field _modifiers"
"JacksonDatabind/4_buggy","Bad practice Warning","Se","Class com.fasterxml.jackson.databind.cfg.DeserializerFactoryConfig defines non-transient non-serializable instance field _valueInstantiators"
"JacksonDatabind/4_buggy","Bad practice Warning","Se","Class com.fasterxml.jackson.databind.cfg.SerializerFactoryConfig defines non-transient non-serializable instance field _additionalKeySerializers"
"JacksonDatabind/4_buggy","Bad practice Warning","Se","Class com.fasterxml.jackson.databind.cfg.SerializerFactoryConfig defines non-transient non-serializable instance field _additionalSerializers"
"JacksonDatabind/4_buggy","Bad practice Warning","Se","Class com.fasterxml.jackson.databind.cfg.SerializerFactoryConfig defines non-transient non-serializable instance field _modifiers"
"JacksonDatabind/4_buggy","Bad practice Warning","Se","Class com.fasterxml.jackson.databind.deser.impl.InnerClassProperty defines non-transient non-serializable instance field _creator"
"JacksonDatabind/4_buggy","Bad practice Warning","Se","Class com.fasterxml.jackson.databind.deser.impl.SetterlessProperty defines non-transient non-serializable instance field _getter"
"JacksonDatabind/4_buggy","Bad practice Warning","Se","Class com.fasterxml.jackson.databind.deser.std.EnumDeserializer$FactoryBasedDeserializer defines non-transient non-serializable instance field _factory"
"JacksonDatabind/4_buggy","Bad practice Warning","Se","Class com.fasterxml.jackson.databind.deser.std.MapDeserializer defines non-transient non-serializable instance field _propertyBasedCreator"
"JacksonDatabind/4_buggy","Bad practice Warning","Se","Class com.fasterxml.jackson.databind.deser.std.StdDelegatingDeserializer defines non-transient non-serializable instance field _converter"
"JacksonDatabind/4_buggy","Bad practice Warning","Se","Class com.fasterxml.jackson.databind.deser.std.StdKeyDeserializer$StringCtorKeyDeserializer defines non-transient non-serializable instance field _ctor"
"JacksonDatabind/4_buggy","Bad practice Warning","Se","Class com.fasterxml.jackson.databind.deser.std.StdKeyDeserializer$StringFactoryKeyDeserializer defines non-transient non-serializable instance field _factoryMethod"
"JacksonDatabind/4_buggy","Bad practice Warning","Se","Class com.fasterxml.jackson.databind.introspect.AnnotatedConstructor defines non-transient non-serializable instance field _constructor"
"JacksonDatabind/4_buggy","Bad practice Warning","Se","Class com.fasterxml.jackson.databind.module.SimpleModule defines non-transient non-serializable instance field _deserializerModifier"
"JacksonDatabind/4_buggy","Bad practice Warning","Se","Class com.fasterxml.jackson.databind.module.SimpleModule defines non-transient non-serializable instance field _serializerModifier"
"JacksonDatabind/4_buggy","Bad practice Warning","Se","Class com.fasterxml.jackson.databind.module.SimpleSerializers defines non-transient non-serializable instance field _classMappings"
"JacksonDatabind/4_buggy","Bad practice Warning","Se","Class com.fasterxml.jackson.databind.module.SimpleSerializers defines non-transient non-serializable instance field _interfaceMappings"
"JacksonDatabind/4_buggy","Bad practice Warning","Se","Class com.fasterxml.jackson.databind.type.TypeFactory defines non-transient non-serializable instance field _modifiers"
"JacksonDatabind/4_buggy","Bad practice Warning","Se","The field com.fasterxml.jackson.databind.util.StdDateFormat._timezone is transient but isn't set by deserialization"
"JacksonDatabind/4_buggy","Bad practice Warning","SnVI","com.fasterxml.jackson.databind.util.StdDateFormat is Serializable; consider declaring a serialVersionUID"
"JacksonDatabind/4_buggy","Correctness Warning","NP","Possible null pointer dereference of intr in com.fasterxml.jackson.databind.deser.BasicDeserializerFactory.constructCreatorProperty(DeserializationContext, BeanDescription, PropertyName, int, AnnotatedParameter, Object)"
"JacksonDatabind/4_buggy","Correctness Warning","NP","Possible null pointer dereference of null in com.fasterxml.jackson.databind.deser.BeanDeserializer._deserializeUsingPropertyBased(JsonParser, DeserializationContext)"
"JacksonDatabind/4_buggy","Correctness Warning","NP","Non-virtual method call in com.fasterxml.jackson.databind.deser.std.MapDeserializer.wrapAndThrow(Throwable, Object) passes null for non-null parameter of com.fasterxml.jackson.databind.JsonMappingException.wrapWithPath(Throwable, Object, String)"
"JacksonDatabind/4_buggy","Correctness Warning","NP","Possible null pointer dereference of b in com.fasterxml.jackson.databind.introspect.POJOPropertyBuilder.getMetadata()"
"JacksonDatabind/4_buggy","Correctness Warning","NP","Null passed for non-null parameter of _handleSelfReference(Object, JsonGenerator, SerializerProvider, JsonSerializer) in com.fasterxml.jackson.databind.ser.BeanPropertyWriter._handleSelfReference(Object, JsonSerializer)"
"JacksonDatabind/4_buggy","Dodgy code Warning","EI","com.fasterxml.jackson.databind.BeanProperty$Std.getMember() may expose internal representation by returning BeanProperty$Std._member"
"JacksonDatabind/4_buggy","Dodgy code Warning","EI","com.fasterxml.jackson.databind.ObjectMapper.getDeserializationContext() may expose internal representation by returning ObjectMapper._deserializationContext"
"JacksonDatabind/4_buggy","Dodgy code Warning","EI","com.fasterxml.jackson.databind.ObjectMapper.getSerializerProvider() may expose internal representation by returning ObjectMapper._serializerProvider"
"JacksonDatabind/4_buggy","Dodgy code Warning","EI","com.fasterxml.jackson.databind.ObjectMapper.getTypeFactory() may expose internal representation by returning ObjectMapper._typeFactory"
"JacksonDatabind/4_buggy","Dodgy code Warning","EI","com.fasterxml.jackson.databind.cfg.BaseSettings.getDateFormat() may expose internal representation by returning BaseSettings._dateFormat"
"JacksonDatabind/4_buggy","Dodgy code Warning","EI","com.fasterxml.jackson.databind.cfg.BaseSettings.getTimeZone() may expose internal representation by returning BaseSettings._timeZone"
"JacksonDatabind/4_buggy","Dodgy code Warning","EI","com.fasterxml.jackson.databind.cfg.BaseSettings.getTypeFactory() may expose internal representation by returning BaseSettings._typeFactory"
"JacksonDatabind/4_buggy","Dodgy code Warning","EI","com.fasterxml.jackson.databind.deser.BeanDeserializerBuilder.getAnySetter() may expose internal representation by returning BeanDeserializerBuilder._anySetter"
"JacksonDatabind/4_buggy","Dodgy code Warning","EI","com.fasterxml.jackson.databind.deser.BeanDeserializerBuilder.getBuildMethod() may expose internal representation by returning BeanDeserializerBuilder._buildMethod"
"JacksonDatabind/4_buggy","Dodgy code Warning","EI","com.fasterxml.jackson.databind.deser.BeanDeserializerBuilder.getInjectables() may expose internal representation by returning BeanDeserializerBuilder._injectables"
"JacksonDatabind/4_buggy","Dodgy code Warning","EI","com.fasterxml.jackson.databind.deser.CreatorProperty.getMember() may expose internal representation by returning CreatorProperty._annotated"
"JacksonDatabind/4_buggy","Dodgy code Warning","EI","com.fasterxml.jackson.databind.deser.DataFormatReaders$Match.getReader() may expose internal representation by returning DataFormatReaders$Match._match"
"JacksonDatabind/4_buggy","Dodgy code Warning","EI","com.fasterxml.jackson.databind.deser.UnresolvedForwardReference.getRoid() may expose internal representation by returning UnresolvedForwardReference._roid"
"JacksonDatabind/4_buggy","Dodgy code Warning","EI","com.fasterxml.jackson.databind.deser.UnresolvedForwardReference.getUnresolvedIds() may expose internal representation by returning UnresolvedForwardReference._unresolvedIds"
"JacksonDatabind/4_buggy","Dodgy code Warning","EI","com.fasterxml.jackson.databind.deser.impl.FieldProperty.getMember() may expose internal representation by returning FieldProperty._annotated"
"JacksonDatabind/4_buggy","Dodgy code Warning","EI","com.fasterxml.jackson.databind.deser.impl.MethodProperty.getMember() may expose internal representation by returning MethodProperty._annotated"
"JacksonDatabind/4_buggy","Dodgy code Warning","EI","com.fasterxml.jackson.databind.deser.impl.SetterlessProperty.getMember() may expose internal representation by returning SetterlessProperty._annotated"
"JacksonDatabind/4_buggy","Dodgy code Warning","EI","com.fasterxml.jackson.databind.deser.std.StdValueInstantiator.getDefaultCreator() may expose internal representation by returning StdValueInstantiator._defaultCreator"
"JacksonDatabind/4_buggy","Dodgy code Warning","EI","com.fasterxml.jackson.databind.deser.std.StdValueInstantiator.getDelegateCreator() may expose internal representation by returning StdValueInstantiator._delegateCreator"
"JacksonDatabind/4_buggy","Dodgy code Warning","EI","com.fasterxml.jackson.databind.deser.std.StdValueInstantiator.getFromObjectArguments(DeserializationConfig) may expose internal representation by returning StdValueInstantiator._constructorArguments"
"JacksonDatabind/4_buggy","Dodgy code Warning","EI","com.fasterxml.jackson.databind.deser.std.StdValueInstantiator.getIncompleteParameter() may expose internal representation by returning StdValueInstantiator._incompleteParameter"
"JacksonDatabind/4_buggy","Dodgy code Warning","EI","com.fasterxml.jackson.databind.deser.std.StdValueInstantiator.getWithArgsCreator() may expose internal representation by returning StdValueInstantiator._withArgsCreator"
"JacksonDatabind/4_buggy","Dodgy code Warning","EI","com.fasterxml.jackson.databind.introspect.AnnotatedClass.fields() may expose internal representation by returning AnnotatedClass._fields"
"JacksonDatabind/4_buggy","Dodgy code Warning","EI","com.fasterxml.jackson.databind.introspect.AnnotatedClass.getAnnotations() may expose internal representation by returning AnnotatedClass._classAnnotations"
"JacksonDatabind/4_buggy","Dodgy code Warning","EI","com.fasterxml.jackson.databind.introspect.AnnotatedClass.getConstructors() may expose internal representation by returning AnnotatedClass._constructors"
"JacksonDatabind/4_buggy","Dodgy code Warning","EI","com.fasterxml.jackson.databind.introspect.AnnotatedClass.getDefaultConstructor() may expose internal representation by returning AnnotatedClass._defaultConstructor"
"JacksonDatabind/4_buggy","Dodgy code Warning","EI","com.fasterxml.jackson.databind.introspect.AnnotatedClass.getStaticMethods() may expose internal representation by returning AnnotatedClass._creatorMethods"
"JacksonDatabind/4_buggy","Dodgy code Warning","EI","com.fasterxml.jackson.databind.introspect.AnnotatedClass.memberMethods() may expose internal representation by returning AnnotatedClass._memberMethods"
"JacksonDatabind/4_buggy","Dodgy code Warning","EI","com.fasterxml.jackson.databind.introspect.AnnotatedConstructor.getAnnotated() may expose internal representation by returning AnnotatedConstructor._constructor"
"JacksonDatabind/4_buggy","Dodgy code Warning","EI","com.fasterxml.jackson.databind.introspect.AnnotatedConstructor.getMember() may expose internal representation by returning AnnotatedConstructor._constructor"
"JacksonDatabind/4_buggy","Dodgy code Warning","EI","com.fasterxml.jackson.databind.introspect.AnnotatedField.getAnnotated() may expose internal representation by returning AnnotatedField._field"
"JacksonDatabind/4_buggy","Dodgy code Warning","EI","com.fasterxml.jackson.databind.introspect.AnnotatedField.getMember() may expose internal representation by returning AnnotatedField._field"
"JacksonDatabind/4_buggy","Dodgy code Warning","EI","com.fasterxml.jackson.databind.introspect.AnnotatedMethod.getAnnotated() may expose internal representation by returning AnnotatedMethod._method"
"JacksonDatabind/4_buggy","Dodgy code Warning","EI","com.fasterxml.jackson.databind.introspect.AnnotatedMethod.getMember() may expose internal representation by returning AnnotatedMethod._method"
"JacksonDatabind/4_buggy","Dodgy code Warning","EI","com.fasterxml.jackson.databind.introspect.AnnotatedMethod.getRawParameterTypes() may expose internal representation by returning AnnotatedMethod._paramClasses"
"JacksonDatabind/4_buggy","Dodgy code Warning","EI","com.fasterxml.jackson.databind.introspect.AnnotatedParameter.getOwner() may expose internal representation by returning AnnotatedParameter._owner"
"JacksonDatabind/4_buggy","Dodgy code Warning","EI","com.fasterxml.jackson.databind.introspect.BasicBeanDescription.bindingsForBeanType() may expose internal representation by returning BasicBeanDescription._bindings"
"JacksonDatabind/4_buggy","Dodgy code Warning","EI","com.fasterxml.jackson.databind.introspect.BasicBeanDescription.findAnyGetter() may expose internal representation by returning BasicBeanDescription._anyGetter"
"JacksonDatabind/4_buggy","Dodgy code Warning","EI","com.fasterxml.jackson.databind.introspect.BasicBeanDescription.findAnySetter() may expose internal representation by returning BasicBeanDescription._anySetterMethod"
"JacksonDatabind/4_buggy","Dodgy code Warning","EI","com.fasterxml.jackson.databind.introspect.BasicBeanDescription.findInjectables() may expose internal representation by returning BasicBeanDescription._injectables"
"JacksonDatabind/4_buggy","Dodgy code Warning","EI","com.fasterxml.jackson.databind.introspect.BasicBeanDescription.findJsonValueMethod() may expose internal representation by returning BasicBeanDescription._jsonValueMethod"
"JacksonDatabind/4_buggy","Dodgy code Warning","EI","com.fasterxml.jackson.databind.introspect.BasicBeanDescription.findProperties() may expose internal representation by returning BasicBeanDescription._properties"
"JacksonDatabind/4_buggy","Dodgy code Warning","EI","com.fasterxml.jackson.databind.introspect.BasicBeanDescription.getIgnoredPropertyNames() may expose internal representation by returning BasicBeanDescription._ignoredPropertyNames"
"JacksonDatabind/4_buggy","Dodgy code Warning","EI","com.fasterxml.jackson.databind.introspect.POJOPropertiesCollector.getIgnoredPropertyNames() may expose internal representation by returning POJOPropertiesCollector._ignoredPropertyNames"
"JacksonDatabind/4_buggy","Dodgy code Warning","EI","com.fasterxml.jackson.databind.introspect.POJOPropertiesCollector.getInjectables() may expose internal representation by returning POJOPropertiesCollector._injectables"
"JacksonDatabind/4_buggy","Dodgy code Warning","EI","com.fasterxml.jackson.databind.jsonFormatVisitors.JsonArrayFormatVisitor$Base.getProvider() may expose internal representation by returning JsonArrayFormatVisitor$Base._provider"
"JacksonDatabind/4_buggy","Dodgy code Warning","EI","com.fasterxml.jackson.databind.jsonFormatVisitors.JsonMapFormatVisitor$Base.getProvider() may expose internal representation by returning JsonMapFormatVisitor$Base._provider"
"JacksonDatabind/4_buggy","Dodgy code Warning","EI","com.fasterxml.jackson.databind.jsonFormatVisitors.JsonObjectFormatVisitor$Base.getProvider() may expose internal representation by returning JsonObjectFormatVisitor$Base._provider"
"JacksonDatabind/4_buggy","Dodgy code Warning","EI","com.fasterxml.jackson.databind.jsonschema.JsonSchema.getSchemaNode() may expose internal representation by returning JsonSchema.schema"
"JacksonDatabind/4_buggy","Dodgy code Warning","EI","com.fasterxml.jackson.databind.node.BinaryNode.binaryValue() may expose internal representation by returning BinaryNode._data"
"JacksonDatabind/4_buggy","Dodgy code Warning","EI","com.fasterxml.jackson.databind.ser.BeanPropertyWriter.getMember() may expose internal representation by returning BeanPropertyWriter._member"
"JacksonDatabind/4_buggy","Dodgy code Warning","EI","com.fasterxml.jackson.databind.ser.BeanPropertyWriter.getViews() may expose internal representation by returning BeanPropertyWriter._includeInViews"
"JacksonDatabind/4_buggy","Dodgy code Warning","EI","com.fasterxml.jackson.databind.ser.BeanSerializerBuilder.getFilteredProperties() may expose internal representation by returning BeanSerializerBuilder._filteredProperties"
"JacksonDatabind/4_buggy","Dodgy code Warning","EI","com.fasterxml.jackson.databind.ser.BeanSerializerBuilder.getProperties() may expose internal representation by returning BeanSerializerBuilder._properties"
"JacksonDatabind/4_buggy","Dodgy code Warning","EI","com.fasterxml.jackson.databind.ser.BeanSerializerBuilder.getTypeId() may expose internal representation by returning BeanSerializerBuilder._typeId"
"JacksonDatabind/4_buggy","Dodgy code Warning","EI","com.fasterxml.jackson.databind.type.HierarchicType.getSubType() may expose internal representation by returning HierarchicType._subType"
"JacksonDatabind/4_buggy","Dodgy code Warning","EI","com.fasterxml.jackson.databind.type.HierarchicType.getSuperType() may expose internal representation by returning HierarchicType._superType"
"JacksonDatabind/4_buggy","Dodgy code Warning","EI","com.fasterxml.jackson.databind.util.ArrayBuilders.getBooleanBuilder() may expose internal representation by returning ArrayBuilders._booleanBuilder"
"JacksonDatabind/4_buggy","Dodgy code Warning","EI","com.fasterxml.jackson.databind.util.ArrayBuilders.getByteBuilder() may expose internal representation by returning ArrayBuilders._byteBuilder"
"JacksonDatabind/4_buggy","Dodgy code Warning","EI","com.fasterxml.jackson.databind.util.ArrayBuilders.getDoubleBuilder() may expose internal representation by returning ArrayBuilders._doubleBuilder"
"JacksonDatabind/4_buggy","Dodgy code Warning","EI","com.fasterxml.jackson.databind.util.ArrayBuilders.getFloatBuilder() may expose internal representation by returning ArrayBuilders._floatBuilder"
"JacksonDatabind/4_buggy","Dodgy code Warning","EI","com.fasterxml.jackson.databind.util.ArrayBuilders.getIntBuilder() may expose internal representation by returning ArrayBuilders._intBuilder"
"JacksonDatabind/4_buggy","Dodgy code Warning","EI","com.fasterxml.jackson.databind.util.ArrayBuilders.getLongBuilder() may expose internal representation by returning ArrayBuilders._longBuilder"
"JacksonDatabind/4_buggy","Dodgy code Warning","EI","com.fasterxml.jackson.databind.util.ArrayBuilders.getShortBuilder() may expose internal representation by returning ArrayBuilders._shortBuilder"
"JacksonDatabind/4_buggy","Dodgy code Warning","EI","com.fasterxml.jackson.databind.util.EnumValues.internalMap() may expose internal representation by returning EnumValues._values"
"JacksonDatabind/4_buggy","Dodgy code Warning","EI","com.fasterxml.jackson.databind.util.ObjectBuffer.resetAndStart() may expose internal representation by returning ObjectBuffer._freeBuffer"
"JacksonDatabind/4_buggy","Dodgy code Warning","EI","com.fasterxml.jackson.databind.util.SimpleBeanPropertyDefinition.getGetter() may expose internal representation by returning SimpleBeanPropertyDefinition._member"
"JacksonDatabind/4_buggy","Dodgy code Warning","EI","com.fasterxml.jackson.databind.util.SimpleBeanPropertyDefinition.getPrimaryMember() may expose internal representation by returning SimpleBeanPropertyDefinition._member"
"JacksonDatabind/4_buggy","Dodgy code Warning","EI","com.fasterxml.jackson.databind.util.SimpleBeanPropertyDefinition.getSetter() may expose internal representation by returning SimpleBeanPropertyDefinition._member"
"JacksonDatabind/4_buggy","Dodgy code Warning","EI","com.fasterxml.jackson.databind.util.TokenBuffer$Segment.append(int, JsonToken) may expose internal representation by returning TokenBuffer$Segment._next"
"JacksonDatabind/4_buggy","Dodgy code Warning","EI","com.fasterxml.jackson.databind.util.TokenBuffer$Segment.append(int, JsonToken, Object) may expose internal representation by returning TokenBuffer$Segment._next"
"JacksonDatabind/4_buggy","Dodgy code Warning","EI","com.fasterxml.jackson.databind.util.TokenBuffer$Segment.append(int, JsonToken, Object, Object) may expose internal representation by returning TokenBuffer$Segment._next"
"JacksonDatabind/4_buggy","Dodgy code Warning","EI","com.fasterxml.jackson.databind.util.TokenBuffer$Segment.append(int, JsonToken, Object, Object, Object) may expose internal representation by returning TokenBuffer$Segment._next"
"JacksonDatabind/4_buggy","Dodgy code Warning","EI","com.fasterxml.jackson.databind.util.TokenBuffer$Segment.appendRaw(int, int, Object) may expose internal representation by returning TokenBuffer$Segment._next"
"JacksonDatabind/4_buggy","Dodgy code Warning","EI","com.fasterxml.jackson.databind.util.TokenBuffer$Segment.appendRaw(int, int, Object, Object, Object) may expose internal representation by returning TokenBuffer$Segment._next"
"JacksonDatabind/4_buggy","Dodgy code Warning","EI","com.fasterxml.jackson.databind.util.TokenBuffer$Segment.next() may expose internal representation by returning TokenBuffer$Segment._next"
"JacksonDatabind/4_buggy","Dodgy code Warning","EI2","new com.fasterxml.jackson.databind.BeanProperty$Std(PropertyName, JavaType, PropertyName, Annotations, AnnotatedMember, PropertyMetadata) may expose internal representation by storing an externally mutable object into BeanProperty$Std._member"
"JacksonDatabind/4_buggy","Dodgy code Warning","EI2","com.fasterxml.jackson.databind.DeserializationContext.returnObjectBuffer(ObjectBuffer) may expose internal representation by storing an externally mutable object into DeserializationContext._objectBuffer"
"JacksonDatabind/4_buggy","Dodgy code Warning","EI2","new com.fasterxml.jackson.databind.InjectableValues$Std(Map) may expose internal representation by storing an externally mutable object into InjectableValues$Std._values"
"JacksonDatabind/4_buggy","Dodgy code Warning","EI2","com.fasterxml.jackson.databind.ObjectMapper.setSerializerProvider(DefaultSerializerProvider) may expose internal representation by storing an externally mutable object into ObjectMapper._serializerProvider"
"JacksonDatabind/4_buggy","Dodgy code Warning","EI2","com.fasterxml.jackson.databind.ObjectMapper.setTypeFactory(TypeFactory) may expose internal representation by storing an externally mutable object into ObjectMapper._typeFactory"
"JacksonDatabind/4_buggy","Dodgy code Warning","EI2","new com.fasterxml.jackson.databind.cfg.BaseSettings(ClassIntrospector, AnnotationIntrospector, VisibilityChecker, PropertyNamingStrategy, TypeFactory, TypeResolverBuilder, DateFormat, HandlerInstantiator, Locale, TimeZone, Base64Variant) may expose internal representation by storing an externally mutable object into BaseSettings._dateFormat"
"JacksonDatabind/4_buggy","Dodgy code Warning","EI2","new com.fasterxml.jackson.databind.cfg.BaseSettings(ClassIntrospector, AnnotationIntrospector, VisibilityChecker, PropertyNamingStrategy, TypeFactory, TypeResolverBuilder, DateFormat, HandlerInstantiator, Locale, TimeZone, Base64Variant) may expose internal representation by storing an externally mutable object into BaseSettings._timeZone"
"JacksonDatabind/4_buggy","Dodgy code Warning","EI2","new com.fasterxml.jackson.databind.cfg.BaseSettings(ClassIntrospector, AnnotationIntrospector, VisibilityChecker, PropertyNamingStrategy, TypeFactory, TypeResolverBuilder, DateFormat, HandlerInstantiator, Locale, TimeZone, Base64Variant) may expose internal representation by storing an externally mutable object into BaseSettings._typeFactory"
"JacksonDatabind/4_buggy","Dodgy code Warning","EI2","new com.fasterxml.jackson.databind.deser.AbstractDeserializer(BeanDeserializerBuilder, BeanDescription, Map) may expose internal representation by storing an externally mutable object into AbstractDeserializer._backRefProperties"
"JacksonDatabind/4_buggy","Dodgy code Warning","EI2","new com.fasterxml.jackson.databind.deser.BeanDeserializerBase(BeanDeserializerBase, HashSet) may expose internal representation by storing an externally mutable object into BeanDeserializerBase._ignorableProps"
"JacksonDatabind/4_buggy","Dodgy code Warning","EI2","com.fasterxml.jackson.databind.deser.BeanDeserializerBuilder.setAnySetter(SettableAnyProperty) may expose internal representation by storing an externally mutable object into BeanDeserializerBuilder._anySetter"
"JacksonDatabind/4_buggy","Dodgy code Warning","EI2","com.fasterxml.jackson.databind.deser.BeanDeserializerBuilder.setPOJOBuilder(AnnotatedMethod, JsonPOJOBuilder$Value) may expose internal representation by storing an externally mutable object into BeanDeserializerBuilder._buildMethod"
"JacksonDatabind/4_buggy","Dodgy code Warning","EI2","new com.fasterxml.jackson.databind.deser.CreatorProperty(PropertyName, JavaType, PropertyName, TypeDeserializer, Annotations, AnnotatedParameter, int, Object, PropertyMetadata) may expose internal representation by storing an externally mutable object into CreatorProperty._annotated"
"JacksonDatabind/4_buggy","Dodgy code Warning","EI2","new com.fasterxml.jackson.databind.deser.SettableAnyProperty(BeanProperty, Method, JavaType, JsonDeserializer, TypeDeserializer) may expose internal representation by storing an externally mutable object into SettableAnyProperty._setter"
"JacksonDatabind/4_buggy","Dodgy code Warning","EI2","new com.fasterxml.jackson.databind.deser.UnresolvedForwardReference(String, JsonLocation, ReadableObjectId) may expose internal representation by storing an externally mutable object into UnresolvedForwardReference._roid"
"JacksonDatabind/4_buggy","Dodgy code Warning","EI2","new com.fasterxml.jackson.databind.deser.impl.BeanAsArrayBuilderDeserializer(BeanDeserializerBase, SettableBeanProperty[], AnnotatedMethod) may expose internal representation by storing an externally mutable object into BeanAsArrayBuilderDeserializer._buildMethod"
"JacksonDatabind/4_buggy","Dodgy code Warning","EI2","new com.fasterxml.jackson.databind.deser.impl.BeanAsArrayBuilderDeserializer(BeanDeserializerBase, SettableBeanProperty[], AnnotatedMethod) may expose internal representation by storing an externally mutable object into BeanAsArrayBuilderDeserializer._delegate"
"JacksonDatabind/4_buggy","Dodgy code Warning","EI2","new com.fasterxml.jackson.databind.deser.impl.BeanAsArrayBuilderDeserializer(BeanDeserializerBase, SettableBeanProperty[], AnnotatedMethod) may expose internal representation by storing an externally mutable object into BeanAsArrayBuilderDeserializer._orderedProperties"
"JacksonDatabind/4_buggy","Dodgy code Warning","EI2","new com.fasterxml.jackson.databind.deser.impl.BeanAsArrayDeserializer(BeanDeserializerBase, SettableBeanProperty[]) may expose internal representation by storing an externally mutable object into BeanAsArrayDeserializer._delegate"
"JacksonDatabind/4_buggy","Dodgy code Warning","EI2","new com.fasterxml.jackson.databind.deser.impl.BeanAsArrayDeserializer(BeanDeserializerBase, SettableBeanProperty[]) may expose internal representation by storing an externally mutable object into BeanAsArrayDeserializer._orderedProperties"
"JacksonDatabind/4_buggy","Dodgy code Warning","EI2","com.fasterxml.jackson.databind.deser.impl.CreatorCollector.addDelegatingCreator(AnnotatedWithParams, CreatorProperty[]) may expose internal representation by storing an externally mutable object into CreatorCollector._delegateArgs"
"JacksonDatabind/4_buggy","Dodgy code Warning","EI2","com.fasterxml.jackson.databind.deser.impl.CreatorCollector.addIncompeteParameter(AnnotatedParameter) may expose internal representation by storing an externally mutable object into CreatorCollector._incompleteParameter"
"JacksonDatabind/4_buggy","Dodgy code Warning","EI2","com.fasterxml.jackson.databind.deser.impl.CreatorCollector.addPropertyCreator(AnnotatedWithParams, CreatorProperty[]) may expose internal representation by storing an externally mutable object into CreatorCollector._propertyBasedArgs"
"JacksonDatabind/4_buggy","Dodgy code Warning","EI2","new com.fasterxml.jackson.databind.deser.impl.FieldProperty(BeanPropertyDefinition, JavaType, TypeDeserializer, Annotations, AnnotatedField) may expose internal representation by storing an externally mutable object into FieldProperty._annotated"
"JacksonDatabind/4_buggy","Dodgy code Warning","EI2","new com.fasterxml.jackson.databind.deser.impl.InnerClassProperty(SettableBeanProperty, Constructor) may expose internal representation by storing an externally mutable object into InnerClassProperty._creator"
"JacksonDatabind/4_buggy","Dodgy code Warning","EI2","new com.fasterxml.jackson.databind.deser.impl.InnerClassProperty(SettableBeanProperty, Constructor) may expose internal representation by storing an externally mutable object into InnerClassProperty._delegate"
"JacksonDatabind/4_buggy","Dodgy code Warning","EI2","new com.fasterxml.jackson.databind.deser.impl.ManagedReferenceProperty(SettableBeanProperty, String, SettableBeanProperty, Annotations, boolean) may expose internal representation by storing an externally mutable object into ManagedReferenceProperty._backProperty"
"JacksonDatabind/4_buggy","Dodgy code Warning","EI2","new com.fasterxml.jackson.databind.deser.impl.ManagedReferenceProperty(SettableBeanProperty, String, SettableBeanProperty, Annotations, boolean) may expose internal representation by storing an externally mutable object into ManagedReferenceProperty._managedProperty"
"JacksonDatabind/4_buggy","Dodgy code Warning","EI2","new com.fasterxml.jackson.databind.deser.impl.MethodProperty(BeanPropertyDefinition, JavaType, TypeDeserializer, Annotations, AnnotatedMethod) may expose internal representation by storing an externally mutable object into MethodProperty._annotated"
"JacksonDatabind/4_buggy","Dodgy code Warning","EI2","new com.fasterxml.jackson.databind.deser.impl.ObjectIdReferenceProperty(SettableBeanProperty, ObjectIdInfo) may expose internal representation by storing an externally mutable object into ObjectIdReferenceProperty._forward"
"JacksonDatabind/4_buggy","Dodgy code Warning","EI2","new com.fasterxml.jackson.databind.deser.impl.ObjectIdReferenceProperty$PropertyReferring(ObjectIdReferenceProperty, UnresolvedForwardReference, Class, Object) may expose internal representation by storing an externally mutable object into ObjectIdReferenceProperty$PropertyReferring._parent"
"JacksonDatabind/4_buggy","Dodgy code Warning","EI2","new com.fasterxml.jackson.databind.deser.impl.PropertyValueBuffer(JsonParser, DeserializationContext, int, ObjectIdReader) may expose internal representation by storing an externally mutable object into PropertyValueBuffer._context"
"JacksonDatabind/4_buggy","Dodgy code Warning","EI2","new com.fasterxml.jackson.databind.deser.impl.ReadableObjectId$Referring(UnresolvedForwardReference, Class) may expose internal representation by storing an externally mutable object into ReadableObjectId$Referring._reference"
"JacksonDatabind/4_buggy","Dodgy code Warning","EI2","new com.fasterxml.jackson.databind.deser.impl.SetterlessProperty(BeanPropertyDefinition, JavaType, TypeDeserializer, Annotations, AnnotatedMethod) may expose internal representation by storing an externally mutable object into SetterlessProperty._annotated"
"JacksonDatabind/4_buggy","Dodgy code Warning","EI2","new com.fasterxml.jackson.databind.deser.std.CollectionDeserializer$CollectionReferringAccumulator(Class, Collection) may expose internal representation by storing an externally mutable object into CollectionDeserializer$CollectionReferringAccumulator._result"
"JacksonDatabind/4_buggy","Dodgy code Warning","EI2","com.fasterxml.jackson.databind.deser.std.StdValueInstantiator.configureFromBooleanCreator(AnnotatedWithParams) may expose internal representation by storing an externally mutable object into StdValueInstantiator._fromBooleanCreator"
"JacksonDatabind/4_buggy","Dodgy code Warning","EI2","com.fasterxml.jackson.databind.deser.std.StdValueInstantiator.configureFromDoubleCreator(AnnotatedWithParams) may expose internal representation by storing an externally mutable object into StdValueInstantiator._fromDoubleCreator"
"JacksonDatabind/4_buggy","Dodgy code Warning","EI2","com.fasterxml.jackson.databind.deser.std.StdValueInstantiator.configureFromIntCreator(AnnotatedWithParams) may expose internal representation by storing an externally mutable object into StdValueInstantiator._fromIntCreator"
"JacksonDatabind/4_buggy","Dodgy code Warning","EI2","com.fasterxml.jackson.databind.deser.std.StdValueInstantiator.configureFromLongCreator(AnnotatedWithParams) may expose internal representation by storing an externally mutable object into StdValueInstantiator._fromLongCreator"
"JacksonDatabind/4_buggy","Dodgy code Warning","EI2","com.fasterxml.jackson.databind.deser.std.StdValueInstantiator.configureFromObjectSettings(AnnotatedWithParams, AnnotatedWithParams, JavaType, CreatorProperty[], AnnotatedWithParams, CreatorProperty[]) may expose internal representation by storing an externally mutable object into StdValueInstantiator._constructorArguments"
"JacksonDatabind/4_buggy","Dodgy code Warning","EI2","com.fasterxml.jackson.databind.deser.std.StdValueInstantiator.configureFromObjectSettings(AnnotatedWithParams, AnnotatedWithParams, JavaType, CreatorProperty[], AnnotatedWithParams, CreatorProperty[]) may expose internal representation by storing an externally mutable object into StdValueInstantiator._defaultCreator"
"JacksonDatabind/4_buggy","Dodgy code Warning","EI2","com.fasterxml.jackson.databind.deser.std.StdValueInstantiator.configureFromObjectSettings(AnnotatedWithParams, AnnotatedWithParams, JavaType, CreatorProperty[], AnnotatedWithParams, CreatorProperty[]) may expose internal representation by storing an externally mutable object into StdValueInstantiator._delegateArguments"
"JacksonDatabind/4_buggy","Dodgy code Warning","EI2","com.fasterxml.jackson.databind.deser.std.StdValueInstantiator.configureFromObjectSettings(AnnotatedWithParams, AnnotatedWithParams, JavaType, CreatorProperty[], AnnotatedWithParams, CreatorProperty[]) may expose internal representation by storing an externally mutable object into StdValueInstantiator._delegateCreator"
"JacksonDatabind/4_buggy","Dodgy code Warning","EI2","com.fasterxml.jackson.databind.deser.std.StdValueInstantiator.configureFromObjectSettings(AnnotatedWithParams, AnnotatedWithParams, JavaType, CreatorProperty[], AnnotatedWithParams, CreatorProperty[]) may expose internal representation by storing an externally mutable object into StdValueInstantiator._withArgsCreator"
"JacksonDatabind/4_buggy","Dodgy code Warning","EI2","com.fasterxml.jackson.databind.deser.std.StdValueInstantiator.configureFromStringCreator(AnnotatedWithParams) may expose internal representation by storing an externally mutable object into StdValueInstantiator._fromStringCreator"
"JacksonDatabind/4_buggy","Dodgy code Warning","EI2","com.fasterxml.jackson.databind.deser.std.StdValueInstantiator.configureIncompleteParameter(AnnotatedParameter) may expose internal representation by storing an externally mutable object into StdValueInstantiator._incompleteParameter"
"JacksonDatabind/4_buggy","Dodgy code Warning","EI2","new com.fasterxml.jackson.databind.introspect.AnnotatedConstructor(Constructor, AnnotationMap, AnnotationMap[]) may expose internal representation by storing an externally mutable object into AnnotatedConstructor._constructor"
"JacksonDatabind/4_buggy","Dodgy code Warning","EI2","new com.fasterxml.jackson.databind.introspect.AnnotatedField(Field, AnnotationMap) may expose internal representation by storing an externally mutable object into AnnotatedField._field"
"JacksonDatabind/4_buggy","Dodgy code Warning","EI2","new com.fasterxml.jackson.databind.introspect.AnnotatedMethod(Method, AnnotationMap, AnnotationMap[]) may expose internal representation by storing an externally mutable object into AnnotatedMethod._method"
"JacksonDatabind/4_buggy","Dodgy code Warning","EI2","new com.fasterxml.jackson.databind.introspect.AnnotatedParameter(AnnotatedWithParams, Type, AnnotationMap, int) may expose internal representation by storing an externally mutable object into AnnotatedParameter._owner"
"JacksonDatabind/4_buggy","Dodgy code Warning","EI2","new com.fasterxml.jackson.databind.jsonFormatVisitors.JsonArrayFormatVisitor$Base(SerializerProvider) may expose internal representation by storing an externally mutable object into JsonArrayFormatVisitor$Base._provider"
"JacksonDatabind/4_buggy","Dodgy code Warning","EI2","com.fasterxml.jackson.databind.jsonFormatVisitors.JsonArrayFormatVisitor$Base.setProvider(SerializerProvider) may expose internal representation by storing an externally mutable object into JsonArrayFormatVisitor$Base._provider"
"JacksonDatabind/4_buggy","Dodgy code Warning","EI2","new com.fasterxml.jackson.databind.jsonFormatVisitors.JsonMapFormatVisitor$Base(SerializerProvider) may expose internal representation by storing an externally mutable object into JsonMapFormatVisitor$Base._provider"
"JacksonDatabind/4_buggy","Dodgy code Warning","EI2","com.fasterxml.jackson.databind.jsonFormatVisitors.JsonMapFormatVisitor$Base.setProvider(SerializerProvider) may expose internal representation by storing an externally mutable object into JsonMapFormatVisitor$Base._provider"
"JacksonDatabind/4_buggy","Dodgy code Warning","EI2","new com.fasterxml.jackson.databind.jsonFormatVisitors.JsonObjectFormatVisitor$Base(SerializerProvider) may expose internal representation by storing an externally mutable object into JsonObjectFormatVisitor$Base._provider"
"JacksonDatabind/4_buggy","Dodgy code Warning","EI2","com.fasterxml.jackson.databind.jsonFormatVisitors.JsonObjectFormatVisitor$Base.setProvider(SerializerProvider) may expose internal representation by storing an externally mutable object into JsonObjectFormatVisitor$Base._provider"
"JacksonDatabind/4_buggy","Dodgy code Warning","EI2","new com.fasterxml.jackson.databind.jsonschema.JsonSchema(ObjectNode) may expose internal representation by storing an externally mutable object into JsonSchema.schema"
"JacksonDatabind/4_buggy","Dodgy code Warning","EI2","com.fasterxml.jackson.databind.module.SimpleModule.setDeserializers(SimpleDeserializers) may expose internal representation by storing an externally mutable object into SimpleModule._deserializers"
"JacksonDatabind/4_buggy","Dodgy code Warning","EI2","com.fasterxml.jackson.databind.module.SimpleModule.setKeySerializers(SimpleSerializers) may expose internal representation by storing an externally mutable object into SimpleModule._keySerializers"
"JacksonDatabind/4_buggy","Dodgy code Warning","EI2","com.fasterxml.jackson.databind.module.SimpleModule.setSerializers(SimpleSerializers) may expose internal representation by storing an externally mutable object into SimpleModule._serializers"
"JacksonDatabind/4_buggy","Dodgy code Warning","EI2","new com.fasterxml.jackson.databind.node.BinaryNode(byte[]) may expose internal representation by storing an externally mutable object into BinaryNode._data"
"JacksonDatabind/4_buggy","Dodgy code Warning","EI2","new com.fasterxml.jackson.databind.node.BinaryNode(byte[], int, int) may expose internal representation by storing an externally mutable object into BinaryNode._data"
"JacksonDatabind/4_buggy","Dodgy code Warning","EI2","new com.fasterxml.jackson.databind.node.ObjectNode(JsonNodeFactory, Map) may expose internal representation by storing an externally mutable object into ObjectNode._children"
"JacksonDatabind/4_buggy","Dodgy code Warning","EI2","new com.fasterxml.jackson.databind.ser.AnyGetterWriter(BeanProperty, AnnotatedMember, MapSerializer) may expose internal representation by storing an externally mutable object into AnyGetterWriter._accessor"
"JacksonDatabind/4_buggy","Dodgy code Warning","EI2","new com.fasterxml.jackson.databind.ser.BeanPropertyWriter(BeanPropertyDefinition, AnnotatedMember, Annotations, JavaType, JsonSerializer, TypeSerializer, JavaType, boolean, Object) may expose internal representation by storing an externally mutable object into BeanPropertyWriter._member"
"JacksonDatabind/4_buggy","Dodgy code Warning","EI2","new com.fasterxml.jackson.databind.ser.BeanPropertyWriter(BeanPropertyDefinition, AnnotatedMember, Annotations, JavaType, JsonSerializer, TypeSerializer, JavaType, boolean, Object) may expose internal representation by storing an externally mutable object into BeanPropertyWriter._typeSerializer"
"JacksonDatabind/4_buggy","Dodgy code Warning","EI2","com.fasterxml.jackson.databind.ser.BeanSerializerBuilder.setFilteredProperties(BeanPropertyWriter[]) may expose internal representation by storing an externally mutable object into BeanSerializerBuilder._filteredProperties"
"JacksonDatabind/4_buggy","Dodgy code Warning","EI2","com.fasterxml.jackson.databind.ser.BeanSerializerBuilder.setProperties(List) may expose internal representation by storing an externally mutable object into BeanSerializerBuilder._properties"
"JacksonDatabind/4_buggy","Dodgy code Warning","EI2","com.fasterxml.jackson.databind.ser.BeanSerializerBuilder.setTypeId(AnnotatedMember) may expose internal representation by storing an externally mutable object into BeanSerializerBuilder._typeId"
"JacksonDatabind/4_buggy","Dodgy code Warning","EI2","new com.fasterxml.jackson.databind.ser.impl.SimpleBeanPropertyFilter$FilterExceptFilter(Set) may expose internal representation by storing an externally mutable object into SimpleBeanPropertyFilter$FilterExceptFilter._propertiesToInclude"
"JacksonDatabind/4_buggy","Dodgy code Warning","EI2","new com.fasterxml.jackson.databind.ser.impl.SimpleBeanPropertyFilter$SerializeExceptFilter(Set) may expose internal representation by storing an externally mutable object into SimpleBeanPropertyFilter$SerializeExceptFilter._propertiesToExclude"
"JacksonDatabind/4_buggy","Dodgy code Warning","EI2","new com.fasterxml.jackson.databind.ser.impl.SimpleFilterProvider(Map) may expose internal representation by storing an externally mutable object into SimpleFilterProvider._filtersById"
"JacksonDatabind/4_buggy","Dodgy code Warning","EI2","new com.fasterxml.jackson.databind.ser.impl.TypeWrappedSerializer(TypeSerializer, JsonSerializer) may expose internal representation by storing an externally mutable object into TypeWrappedSerializer._typeSerializer"
"JacksonDatabind/4_buggy","Dodgy code Warning","EI2","new com.fasterxml.jackson.databind.ser.std.BeanSerializerBase(BeanSerializerBase, BeanPropertyWriter[], BeanPropertyWriter[]) may expose internal representation by storing an externally mutable object into BeanSerializerBase._filteredProps"
"JacksonDatabind/4_buggy","Dodgy code Warning","EI2","new com.fasterxml.jackson.databind.ser.std.BeanSerializerBase(BeanSerializerBase, BeanPropertyWriter[], BeanPropertyWriter[]) may expose internal representation by storing an externally mutable object into BeanSerializerBase._props"
"JacksonDatabind/4_buggy","Dodgy code Warning","EI2","new com.fasterxml.jackson.databind.ser.std.EnumMapSerializer(JavaType, boolean, EnumValues, TypeSerializer, JsonSerializer) may expose internal representation by storing an externally mutable object into EnumMapSerializer._valueTypeSerializer"
"JacksonDatabind/4_buggy","Dodgy code Warning","EI2","new com.fasterxml.jackson.databind.ser.std.JsonValueSerializer(Method, JsonSerializer) may expose internal representation by storing an externally mutable object into JsonValueSerializer._accessorMethod"
"JacksonDatabind/4_buggy","Dodgy code Warning","EI2","new com.fasterxml.jackson.databind.ser.std.MapProperty(TypeSerializer) may expose internal representation by storing an externally mutable object into MapProperty._typeSerializer"
"JacksonDatabind/4_buggy","Dodgy code Warning","EI2","new com.fasterxml.jackson.databind.ser.std.ObjectArraySerializer(JavaType, boolean, TypeSerializer, JsonSerializer) may expose internal representation by storing an externally mutable object into ObjectArraySerializer._valueTypeSerializer"
"JacksonDatabind/4_buggy","Dodgy code Warning","EI2","new com.fasterxml.jackson.databind.ser.std.ObjectArraySerializer(ObjectArraySerializer, BeanProperty, TypeSerializer, JsonSerializer) may expose internal representation by storing an externally mutable object into ObjectArraySerializer._valueTypeSerializer"
"JacksonDatabind/4_buggy","Dodgy code Warning","EI2","new com.fasterxml.jackson.databind.ser.std.ObjectArraySerializer(ObjectArraySerializer, TypeSerializer) may expose internal representation by storing an externally mutable object into ObjectArraySerializer._valueTypeSerializer"
"JacksonDatabind/4_buggy","Dodgy code Warning","EI2","com.fasterxml.jackson.databind.type.HierarchicType.setSubType(HierarchicType) may expose internal representation by storing an externally mutable object into HierarchicType._subType"
"JacksonDatabind/4_buggy","Dodgy code Warning","EI2","com.fasterxml.jackson.databind.type.HierarchicType.setSuperType(HierarchicType) may expose internal representation by storing an externally mutable object into HierarchicType._superType"
"JacksonDatabind/4_buggy","Dodgy code Warning","EI2","new com.fasterxml.jackson.databind.type.TypeParser(TypeFactory) may expose internal representation by storing an externally mutable object into TypeParser._factory"
"JacksonDatabind/4_buggy","Dodgy code Warning","EI2","new com.fasterxml.jackson.databind.util.ArrayIterator(Object[]) may expose internal representation by storing an externally mutable object into ArrayIterator._a"
"JacksonDatabind/4_buggy","Dodgy code Warning","EI2","new com.fasterxml.jackson.databind.util.StdDateFormat(TimeZone, Locale) may expose internal representation by storing an externally mutable object into StdDateFormat._timezone"
"JacksonDatabind/4_buggy","Dodgy code Warning","EI2","com.fasterxml.jackson.databind.util.StdDateFormat.setTimeZone(TimeZone) may expose internal representation by storing an externally mutable object into StdDateFormat._timezone"
"JacksonDatabind/4_buggy","Dodgy code Warning","EI2","new com.fasterxml.jackson.databind.util.TokenBuffer$Parser(TokenBuffer$Segment, ObjectCodec, boolean, boolean) may expose internal representation by storing an externally mutable object into TokenBuffer$Parser._segment"
"JacksonDatabind/4_buggy","Dodgy code Warning","MS","com.fasterxml.jackson.databind.cfg.DeserializerFactoryConfig.DEFAULT_KEY_DESERIALIZERS should be package protected"
"JacksonDatabind/4_buggy","Dodgy code Warning","MS","com.fasterxml.jackson.databind.ser.BasicSerializerFactory._concrete is a mutable collection which should be package protected"
"JacksonDatabind/4_buggy","Dodgy code Warning","MS","com.fasterxml.jackson.databind.ser.BasicSerializerFactory._concreteLazy is a mutable collection which should be package protected"
"JacksonDatabind/4_buggy","Dodgy code Warning","MS","com.fasterxml.jackson.databind.ser.std.StdArraySerializers._arraySerializers is a mutable collection which should be package protected"
"JacksonDatabind/4_buggy","Dodgy code Warning","MS","Public static com.fasterxml.jackson.databind.type.TypeFactory.defaultInstance() may expose internal representation by returning TypeFactory.instance"
"JacksonDatabind/4_buggy","Dodgy code Warning","MS","Public static com.fasterxml.jackson.databind.util.EmptyIterator.instance() may expose internal representation by returning EmptyIterator.instance"
"JacksonDatabind/4_buggy","Dodgy code Warning","MS","Public static com.fasterxml.jackson.databind.util.ISO8601Utils.timeZoneGMT() may expose internal representation by returning ISO8601Utils.TIMEZONE_GMT"
"JacksonDatabind/4_buggy","Dodgy code Warning","MS","Public static com.fasterxml.jackson.databind.util.StdDateFormat.getBlueprintISO8601Format() may expose internal representation by returning StdDateFormat.DATE_FORMAT_ISO8601"
"JacksonDatabind/4_buggy","Dodgy code Warning","MS","Public static com.fasterxml.jackson.databind.util.StdDateFormat.getBlueprintRFC1123Format() may expose internal representation by returning StdDateFormat.DATE_FORMAT_RFC1123"
"JacksonDatabind/4_buggy","Dodgy code Warning","MS","Public static com.fasterxml.jackson.databind.util.StdDateFormat.getDefaultTimeZone() may expose internal representation by returning StdDateFormat.DEFAULT_TIMEZONE"
"JacksonDatabind/4_buggy","Dodgy code Warning","MS","com.fasterxml.jackson.databind.util.StdDateFormat.ALL_FORMATS should be package protected"
"JacksonDatabind/4_buggy","Malicious code vulnerability Warning","AT","Sequence of calls to java.util.concurrent.ConcurrentHashMap may not be atomic in com.fasterxml.jackson.databind.ObjectReader._prefetchRootDeserializer(DeserializationConfig, JavaType)"
"JacksonDatabind/4_buggy","Malicious code vulnerability Warning","STCAL","com.fasterxml.jackson.databind.util.StdDateFormat.DATE_FORMAT_ISO8601 is a static field of type java.text.DateFormat, which isn't thread safe"
"JacksonDatabind/4_buggy","Malicious code vulnerability Warning","STCAL","com.fasterxml.jackson.databind.util.StdDateFormat.DATE_FORMAT_ISO8601_Z is a static field of type java.text.DateFormat, which isn't thread safe"
"JacksonDatabind/4_buggy","Malicious code vulnerability Warning","STCAL","com.fasterxml.jackson.databind.util.StdDateFormat.DATE_FORMAT_PLAIN is a static field of type java.text.DateFormat, which isn't thread safe"
"JacksonDatabind/4_buggy","Malicious code vulnerability Warning","STCAL","com.fasterxml.jackson.databind.util.StdDateFormat.DATE_FORMAT_RFC1123 is a static field of type java.text.DateFormat, which isn't thread safe"
"JacksonDatabind/4_buggy","Malicious code vulnerability Warning","STCAL","com.fasterxml.jackson.databind.util.StdDateFormat.instance is a static field of type java.text.DateFormat, which isn't thread safe"
"JacksonDatabind/4_buggy","Multithreaded correctness Warning","Dm","com.fasterxml.jackson.databind.PropertyName.<static initializer for PropertyName>() invokes inefficient new String(String) constructor"
"JacksonDatabind/4_buggy","Performance Warning","BC","instanceof will always return true for all non-null values in com.fasterxml.jackson.databind.deser.BasicDeserializerFactory.resolveType(DeserializationContext, BeanDescription, JavaType, AnnotatedMember), since all com.fasterxml.jackson.databind.introspect.AnnotatedMember are instances of com.fasterxml.jackson.databind.introspect.AnnotatedMember"
"JacksonDatabind/4_buggy","Performance Warning","DCN","Do not catch NullPointerException like in com.fasterxml.jackson.databind.util.ClassUtil.getOuterClass(Class)"
"JacksonDatabind/4_buggy","Performance Warning","DCN","Do not catch NullPointerException like in com.fasterxml.jackson.databind.util.ClassUtil.isLocalType(Class, boolean)"
"JacksonDatabind/4_buggy","Performance Warning","DLS","Dead store to keyType in com.fasterxml.jackson.databind.deser.BasicDeserializerFactory.modifyTypeByAnnotation(DeserializationContext, Annotated, JavaType)"
"JacksonDatabind/4_buggy","Performance Warning","DLS","Dead store to keyType in com.fasterxml.jackson.databind.deser.BasicDeserializerFactory.resolveType(DeserializationContext, BeanDescription, JavaType, AnnotatedMember)"
"JacksonDatabind/4_buggy","Performance Warning","DLS","Dead store to property in com.fasterxml.jackson.databind.deser.BeanDeserializerFactory.constructSettableProperty(DeserializationContext, BeanDescription, BeanPropertyDefinition, Type)"
"JacksonDatabind/4_buggy","Performance Warning","DLS","Dead store to cdDef in com.fasterxml.jackson.databind.deser.DeserializerCache.modifyTypeByAnnotation(DeserializationContext, Annotated, JavaType)"
"JacksonDatabind/4_buggy","Performance Warning","DLS","Dead store to keyType in com.fasterxml.jackson.databind.deser.DeserializerCache.modifyTypeByAnnotation(DeserializationContext, Annotated, JavaType)"
"JacksonDatabind/4_buggy","Performance Warning","NP","Load of known null value in com.fasterxml.jackson.databind.deser.std.StringCollectionDeserializer.createContextual(DeserializationContext, BeanProperty)"
"JacksonDatabind/4_buggy","Performance Warning","RCN","Redundant nullcheck of n, which is known to be non-null in com.fasterxml.jackson.databind.node.TreeTraversingParser.getNumberType()"
"JacksonDatabind/4_buggy","Performance Warning","REC","Exception is caught when Exception is not thrown in com.fasterxml.jackson.databind.introspect.AnnotatedClass.resolveMemberMethods()"
"JacksonDatabind/4_buggy","Performance Warning","REC","Exception is caught when Exception is not thrown in com.fasterxml.jackson.databind.introspect.AnnotatedConstructor.readResolve()"
"JacksonDatabind/4_buggy","Performance Warning","REC","Exception is caught when Exception is not thrown in com.fasterxml.jackson.databind.introspect.AnnotatedField.readResolve()"
"JacksonDatabind/4_buggy","Performance Warning","REC","Exception is caught when Exception is not thrown in com.fasterxml.jackson.databind.introspect.AnnotatedMethod.readResolve()"
"JacksonDatabind/4_buggy","Performance Warning","SF","Switch statement found in com.fasterxml.jackson.databind.ser.PropertyBuilder.buildWriter(SerializerProvider, BeanPropertyDefinition, JavaType, JsonSerializer, TypeSerializer, TypeSerializer, AnnotatedMember, boolean) where one case falls through to the next case"
"JacksonDatabind/4_buggy","Performance Warning","SF","Switch statement found in com.fasterxml.jackson.databind.ser.PropertyBuilder.buildWriter(SerializerProvider, BeanPropertyDefinition, JavaType, JsonSerializer, TypeSerializer, TypeSerializer, AnnotatedMember, boolean) where default case is missing"
"JacksonDatabind/4_buggy","Performance Warning","UC","Useless object stored in variable property of method com.fasterxml.jackson.databind.deser.BeanDeserializerFactory.constructSettableProperty(DeserializationContext, BeanDescription, BeanPropertyDefinition, Type)"
"JacksonDatabind/4_buggy","Performance Warning","UCF","Useless control flow in com.fasterxml.jackson.databind.DeserializationContext.readValue(JsonParser, JavaType)"
"JacksonDatabind/4_buggy","Performance Warning","UrF","Unread public/protected field: com.fasterxml.jackson.databind.deser.impl.ReadableObjectId.item"
