"Bug Id","Warning Type","Code","Warning"
"JacksonDatabind/66_buggy","Bad practice Warning","CN","com.fasterxml.jackson.databind.util.ISO8601DateFormat.clone() does not call super.clone()"
"JacksonDatabind/66_buggy","Bad practice Warning","CN","com.fasterxml.jackson.databind.util.StdDateFormat.clone() does not call super.clone()"
"JacksonDatabind/66_buggy","Bad practice Warning","DE","com.fasterxml.jackson.databind.introspect.AnnotatedClass.resolveMemberMethods() might ignore java.lang.Exception"
"JacksonDatabind/66_buggy","Bad practice Warning","ES","Comparison of String parameter using == or != in com.fasterxml.jackson.databind.deser.impl.BeanPropertyMap._find2(String, int, Object)"
"JacksonDatabind/66_buggy","Bad practice Warning","ES","Comparison of String parameter using == or != in com.fasterxml.jackson.databind.util.CompactStringObjectMap._find2(String, int, Object)"
"JacksonDatabind/66_buggy","Bad practice Warning","Eq","com.fasterxml.jackson.databind.introspect.POJOPropertyBuilder defines compareTo(POJOPropertyBuilder) and uses Object.equals()"
"JacksonDatabind/66_buggy","Bad practice Warning","HE","com.fasterxml.jackson.databind.util.ArrayBuilders$1 defines equals and uses Object.hashCode()"
"JacksonDatabind/66_buggy","Bad practice Warning","NP","com.fasterxml.jackson.databind.AnnotationIntrospector.isIgnorableType(AnnotatedClass) has Boolean return type and returns explicit null"
"JacksonDatabind/66_buggy","Bad practice Warning","NP","com.fasterxml.jackson.databind.AnnotationIntrospector.isTypeId(AnnotatedMember) has Boolean return type and returns explicit null"
"JacksonDatabind/66_buggy","Bad practice Warning","NP","com.fasterxml.jackson.databind.AnnotationIntrospector.findIgnoreUnknownProperties(AnnotatedClass) has Boolean return type and returns explicit null"
"JacksonDatabind/66_buggy","Bad practice Warning","NP","com.fasterxml.jackson.databind.AnnotationIntrospector.findSerializationSortAlphabetically(Annotated) has Boolean return type and returns explicit null"
"JacksonDatabind/66_buggy","Bad practice Warning","NP","com.fasterxml.jackson.databind.AnnotationIntrospector.hasRequiredMarker(AnnotatedMember) has Boolean return type and returns explicit null"
"JacksonDatabind/66_buggy","Bad practice Warning","NP","com.fasterxml.jackson.databind.deser.std.StdDeserializer.findFormatFeature(DeserializationContext, BeanProperty, Class, JsonFormat$Feature) has Boolean return type and returns explicit null"
"JacksonDatabind/66_buggy","Bad practice Warning","NP","com.fasterxml.jackson.databind.ext.Java7SupportImpl.findTransient(Annotated) has Boolean return type and returns explicit null"
"JacksonDatabind/66_buggy","Bad practice Warning","NP","com.fasterxml.jackson.databind.ext.Java7SupportImpl.hasCreatorAnnotation(Annotated) has Boolean return type and returns explicit null"
"JacksonDatabind/66_buggy","Bad practice Warning","NP","com.fasterxml.jackson.databind.introspect.JacksonAnnotationIntrospector._findSortAlpha(Annotated) has Boolean return type and returns explicit null"
"JacksonDatabind/66_buggy","Bad practice Warning","NP","com.fasterxml.jackson.databind.introspect.JacksonAnnotationIntrospector.hasRequiredMarker(AnnotatedMember) has Boolean return type and returns explicit null"
"JacksonDatabind/66_buggy","Bad practice Warning","NP","com.fasterxml.jackson.databind.ser.std.EnumSerializer._isShapeWrittenUsingIndex(Class, JsonFormat$Value, boolean) has Boolean return type and returns explicit null"
"JacksonDatabind/66_buggy","Bad practice Warning","NP","com.fasterxml.jackson.databind.ser.std.StdSerializer.findFormatFeature(SerializerProvider, BeanProperty, Class, JsonFormat$Feature) has Boolean return type and returns explicit null"
"JacksonDatabind/66_buggy","Bad practice Warning","RC","Suspicious comparison of Boolean references in com.fasterxml.jackson.databind.deser.std.ArrayBlockingQueueDeserializer.withResolved(JsonDeserializer, JsonDeserializer, TypeDeserializer, Boolean)"
"JacksonDatabind/66_buggy","Bad practice Warning","RC","Suspicious comparison of Boolean references in com.fasterxml.jackson.databind.deser.std.CollectionDeserializer.handleNonArray(JsonParser, DeserializationContext, Collection)"
"JacksonDatabind/66_buggy","Bad practice Warning","RC","Suspicious comparison of Boolean references in com.fasterxml.jackson.databind.deser.std.CollectionDeserializer.withResolved(JsonDeserializer, JsonDeserializer, TypeDeserializer, Boolean)"
"JacksonDatabind/66_buggy","Bad practice Warning","RC","Suspicious comparison of Boolean references in com.fasterxml.jackson.databind.deser.std.EnumSetDeserializer.handleNonArray(JsonParser, DeserializationContext)"
"JacksonDatabind/66_buggy","Bad practice Warning","RC","Suspicious comparison of Boolean references in com.fasterxml.jackson.databind.deser.std.EnumSetDeserializer.withResolved(JsonDeserializer, Boolean)"
"JacksonDatabind/66_buggy","Bad practice Warning","RC","Suspicious comparison of Boolean references in com.fasterxml.jackson.databind.deser.std.ObjectArrayDeserializer.handleNonArray(JsonParser, DeserializationContext)"
"JacksonDatabind/66_buggy","Bad practice Warning","RC","Suspicious comparison of Boolean references in com.fasterxml.jackson.databind.deser.std.ObjectArrayDeserializer.withResolved(TypeDeserializer, JsonDeserializer, Boolean)"
"JacksonDatabind/66_buggy","Bad practice Warning","RC","Suspicious comparison of Boolean references in com.fasterxml.jackson.databind.deser.std.PrimitiveArrayDeserializers.createContextual(DeserializationContext, BeanProperty)"
"JacksonDatabind/66_buggy","Bad practice Warning","RC","Suspicious comparison of Boolean references in com.fasterxml.jackson.databind.deser.std.PrimitiveArrayDeserializers.handleNonArray(JsonParser, DeserializationContext)"
"JacksonDatabind/66_buggy","Bad practice Warning","RC","Suspicious comparison of Boolean references in com.fasterxml.jackson.databind.deser.std.StringArrayDeserializer.createContextual(DeserializationContext, BeanProperty)"
"JacksonDatabind/66_buggy","Bad practice Warning","RC","Suspicious comparison of Boolean references in com.fasterxml.jackson.databind.deser.std.StringArrayDeserializer.handleNonArray(JsonParser, DeserializationContext)"
"JacksonDatabind/66_buggy","Bad practice Warning","RC","Suspicious comparison of Boolean references in com.fasterxml.jackson.databind.deser.std.StringCollectionDeserializer.handleNonArray(JsonParser, DeserializationContext, Collection)"
"JacksonDatabind/66_buggy","Bad practice Warning","RC","Suspicious comparison of Boolean references in com.fasterxml.jackson.databind.deser.std.StringCollectionDeserializer.withResolved(JsonDeserializer, JsonDeserializer, Boolean)"
"JacksonDatabind/66_buggy","Bad practice Warning","RC","Suspicious comparison of Boolean references in com.fasterxml.jackson.databind.ser.PropertyBuilder.getDefaultBean()"
"JacksonDatabind/66_buggy","Bad practice Warning","RC","Suspicious comparison of Boolean references in com.fasterxml.jackson.databind.ser.impl.IndexedListSerializer.serialize(List, JsonGenerator, SerializerProvider)"
"JacksonDatabind/66_buggy","Bad practice Warning","RC","Suspicious comparison of Boolean references in com.fasterxml.jackson.databind.ser.impl.IndexedStringListSerializer.serialize(List, JsonGenerator, SerializerProvider)"
"JacksonDatabind/66_buggy","Bad practice Warning","RC","Suspicious comparison of Boolean references in com.fasterxml.jackson.databind.ser.impl.IteratorSerializer.serialize(Iterator, JsonGenerator, SerializerProvider)"
"JacksonDatabind/66_buggy","Bad practice Warning","RC","Suspicious comparison of Boolean references in com.fasterxml.jackson.databind.ser.impl.StringArraySerializer.createContextual(SerializerProvider, BeanProperty)"
"JacksonDatabind/66_buggy","Bad practice Warning","RC","Suspicious comparison of Boolean references in com.fasterxml.jackson.databind.ser.impl.StringArraySerializer.serialize(String[], JsonGenerator, SerializerProvider)"
"JacksonDatabind/66_buggy","Bad practice Warning","RC","Suspicious comparison of Boolean references in com.fasterxml.jackson.databind.ser.impl.StringCollectionSerializer.serialize(Collection, JsonGenerator, SerializerProvider)"
"JacksonDatabind/66_buggy","Bad practice Warning","RC","Suspicious comparison of Boolean references in com.fasterxml.jackson.databind.ser.std.ArraySerializerBase.createContextual(SerializerProvider, BeanProperty)"
"JacksonDatabind/66_buggy","Bad practice Warning","RC","Suspicious comparison of Boolean references in com.fasterxml.jackson.databind.ser.std.ArraySerializerBase.serialize(Object, JsonGenerator, SerializerProvider)"
"JacksonDatabind/66_buggy","Bad practice Warning","RC","Suspicious comparison of Boolean references in com.fasterxml.jackson.databind.ser.std.AsArraySerializerBase.createContextual(SerializerProvider, BeanProperty)"
"JacksonDatabind/66_buggy","Bad practice Warning","RC","Suspicious comparison of Boolean references in com.fasterxml.jackson.databind.ser.std.CollectionSerializer.serialize(Collection, JsonGenerator, SerializerProvider)"
"JacksonDatabind/66_buggy","Bad practice Warning","RC","Suspicious comparison of Boolean references in com.fasterxml.jackson.databind.ser.std.EnumSerializer.createContextual(SerializerProvider, BeanProperty)"
"JacksonDatabind/66_buggy","Bad practice Warning","RC","Suspicious comparison of Boolean references in com.fasterxml.jackson.databind.ser.std.EnumSetSerializer.serialize(EnumSet, JsonGenerator, SerializerProvider)"
"JacksonDatabind/66_buggy","Bad practice Warning","RC","Suspicious comparison of Boolean references in com.fasterxml.jackson.databind.ser.std.IterableSerializer.serialize(Iterable, JsonGenerator, SerializerProvider)"
"JacksonDatabind/66_buggy","Bad practice Warning","RC","Suspicious comparison of Boolean references in com.fasterxml.jackson.databind.ser.std.ObjectArraySerializer.serialize(Object[], JsonGenerator, SerializerProvider)"
"JacksonDatabind/66_buggy","Bad practice Warning","RC","Suspicious comparison of Boolean references in com.fasterxml.jackson.databind.ser.std.ObjectArraySerializer.withResolved(BeanProperty, TypeSerializer, JsonSerializer, Boolean)"
"JacksonDatabind/66_buggy","Bad practice Warning","RC","Suspicious comparison of Boolean references in com.fasterxml.jackson.databind.ser.std.StaticListSerializerBase.createContextual(SerializerProvider, BeanProperty)"
"JacksonDatabind/66_buggy","Bad practice Warning","RC","Suspicious comparison of Boolean references in com.fasterxml.jackson.databind.ser.std.StdArraySerializers$BooleanArraySerializer.serialize(boolean[], JsonGenerator, SerializerProvider)"
"JacksonDatabind/66_buggy","Bad practice Warning","RC","Suspicious comparison of Boolean references in com.fasterxml.jackson.databind.ser.std.StdArraySerializers$DoubleArraySerializer.serialize(double[], JsonGenerator, SerializerProvider)"
"JacksonDatabind/66_buggy","Bad practice Warning","RC","Suspicious comparison of Boolean references in com.fasterxml.jackson.databind.ser.std.StdArraySerializers$FloatArraySerializer.serialize(float[], JsonGenerator, SerializerProvider)"
"JacksonDatabind/66_buggy","Bad practice Warning","RC","Suspicious comparison of Boolean references in com.fasterxml.jackson.databind.ser.std.StdArraySerializers$IntArraySerializer.serialize(int[], JsonGenerator, SerializerProvider)"
"JacksonDatabind/66_buggy","Bad practice Warning","RC","Suspicious comparison of Boolean references in com.fasterxml.jackson.databind.ser.std.StdArraySerializers$LongArraySerializer.serialize(long[], JsonGenerator, SerializerProvider)"
"JacksonDatabind/66_buggy","Bad practice Warning","RC","Suspicious comparison of Boolean references in com.fasterxml.jackson.databind.ser.std.StdArraySerializers$ShortArraySerializer.serialize(short[], JsonGenerator, SerializerProvider)"
"JacksonDatabind/66_buggy","Bad practice Warning","RC","Suspicious comparison of Boolean references in com.fasterxml.jackson.databind.ser.std.StdSerializer.findConvertingContentSerializer(SerializerProvider, BeanProperty, JsonSerializer)"
"JacksonDatabind/66_buggy","Bad practice Warning","RC","Suspicious comparison of Boolean references in com.fasterxml.jackson.databind.util.StdDateFormat.setLenient(boolean)"
"JacksonDatabind/66_buggy","Bad practice Warning","Se","Class com.fasterxml.jackson.databind.DeserializationConfig defines non-transient non-serializable instance field _problemHandlers"
"JacksonDatabind/66_buggy","Bad practice Warning","Se","The field com.fasterxml.jackson.databind.JsonMappingException$Reference._from is transient but isn't set by deserialization"
"JacksonDatabind/66_buggy","Bad practice Warning","Se","Class com.fasterxml.jackson.databind.ObjectReader defines non-transient non-serializable instance field _dataFormatReaders"
"JacksonDatabind/66_buggy","Bad practice Warning","Se","Class com.fasterxml.jackson.databind.ObjectWriter$Prefetch defines non-transient non-serializable instance field typeSerializer"
"JacksonDatabind/66_buggy","Bad practice Warning","Se","Class com.fasterxml.jackson.databind.cfg.BaseSettings defines non-transient non-serializable instance field _handlerInstantiator"
"JacksonDatabind/66_buggy","Bad practice Warning","Se","Class com.fasterxml.jackson.databind.cfg.BaseSettings defines non-transient non-serializable instance field _typeResolverBuilder"
"JacksonDatabind/66_buggy","Bad practice Warning","Se","Class com.fasterxml.jackson.databind.cfg.DeserializerFactoryConfig defines non-transient non-serializable instance field _modifiers"
"JacksonDatabind/66_buggy","Bad practice Warning","Se","Class com.fasterxml.jackson.databind.cfg.DeserializerFactoryConfig defines non-transient non-serializable instance field _valueInstantiators"
"JacksonDatabind/66_buggy","Bad practice Warning","Se","Class com.fasterxml.jackson.databind.cfg.SerializerFactoryConfig defines non-transient non-serializable instance field _additionalKeySerializers"
"JacksonDatabind/66_buggy","Bad practice Warning","Se","Class com.fasterxml.jackson.databind.cfg.SerializerFactoryConfig defines non-transient non-serializable instance field _additionalSerializers"
"JacksonDatabind/66_buggy","Bad practice Warning","Se","Class com.fasterxml.jackson.databind.cfg.SerializerFactoryConfig defines non-transient non-serializable instance field _modifiers"
"JacksonDatabind/66_buggy","Bad practice Warning","Se","Class com.fasterxml.jackson.databind.deser.impl.SetterlessProperty defines non-transient non-serializable instance field _getter"
"JacksonDatabind/66_buggy","Bad practice Warning","Se","Class com.fasterxml.jackson.databind.deser.std.MapDeserializer defines non-transient non-serializable instance field _propertyBasedCreator"
"JacksonDatabind/66_buggy","Bad practice Warning","Se","Class com.fasterxml.jackson.databind.deser.std.StdDelegatingDeserializer defines non-transient non-serializable instance field _converter"
"JacksonDatabind/66_buggy","Bad practice Warning","Se","Class com.fasterxml.jackson.databind.deser.std.StdKeyDeserializer$StringCtorKeyDeserializer defines non-transient non-serializable instance field _ctor"
"JacksonDatabind/66_buggy","Bad practice Warning","Se","Class com.fasterxml.jackson.databind.deser.std.StdKeyDeserializer$StringFactoryKeyDeserializer defines non-transient non-serializable instance field _factoryMethod"
"JacksonDatabind/66_buggy","Bad practice Warning","Se","Class com.fasterxml.jackson.databind.introspect.AnnotatedConstructor defines non-transient non-serializable instance field _constructor"
"JacksonDatabind/66_buggy","Bad practice Warning","Se","Class com.fasterxml.jackson.databind.module.SimpleModule defines non-transient non-serializable instance field _deserializerModifier"
"JacksonDatabind/66_buggy","Bad practice Warning","Se","Class com.fasterxml.jackson.databind.module.SimpleModule defines non-transient non-serializable instance field _serializerModifier"
"JacksonDatabind/66_buggy","Bad practice Warning","Se","Class com.fasterxml.jackson.databind.ser.BeanPropertyWriter defines non-transient non-serializable instance field _typeSerializer"
"JacksonDatabind/66_buggy","Bad practice Warning","Se","Class com.fasterxml.jackson.databind.ser.impl.SimpleFilterProvider defines non-transient non-serializable instance field _defaultFilter"
"JacksonDatabind/66_buggy","Bad practice Warning","Se","Class com.fasterxml.jackson.databind.ser.impl.SimpleFilterProvider defines non-transient non-serializable instance field _filtersById"
"JacksonDatabind/66_buggy","Bad practice Warning","Se","Class com.fasterxml.jackson.databind.ser.std.MapProperty defines non-transient non-serializable instance field _typeSerializer"
"JacksonDatabind/66_buggy","Bad practice Warning","Se","Class com.fasterxml.jackson.databind.ser.std.MapSerializer defines non-transient non-serializable instance field _dynamicValueSerializers"
"JacksonDatabind/66_buggy","Bad practice Warning","Se","Class com.fasterxml.jackson.databind.ser.std.MapSerializer defines non-transient non-serializable instance field _valueTypeSerializer"
"JacksonDatabind/66_buggy","Bad practice Warning","Se","Class com.fasterxml.jackson.databind.type.TypeFactory defines non-transient non-serializable instance field _classLoader"
"JacksonDatabind/66_buggy","Bad practice Warning","Se","Class com.fasterxml.jackson.databind.type.TypeFactory defines non-transient non-serializable instance field _modifiers"
"JacksonDatabind/66_buggy","Bad practice Warning","Se","The field com.fasterxml.jackson.databind.util.StdDateFormat._timezone is transient but isn't set by deserialization"
"JacksonDatabind/66_buggy","Bad practice Warning","SnVI","com.fasterxml.jackson.databind.ser.std.StdKeySerializers$Dynamic is Serializable; consider declaring a serialVersionUID"
"JacksonDatabind/66_buggy","Bad practice Warning","SnVI","com.fasterxml.jackson.databind.util.StdDateFormat is Serializable; consider declaring a serialVersionUID"
"JacksonDatabind/66_buggy","Correctness Warning","DLS","Dead store of java.beans.Transient.class in new com.fasterxml.jackson.databind.ext.Java7SupportImpl()"
"JacksonDatabind/66_buggy","Correctness Warning","NP","Possible null pointer dereference of deser in com.fasterxml.jackson.databind.DeserializationContext.readPropertyValue(JsonParser, BeanProperty, JavaType)"
"JacksonDatabind/66_buggy","Correctness Warning","NP","Possible null pointer dereference of deser in com.fasterxml.jackson.databind.DeserializationContext.readValue(JsonParser, JavaType)"
"JacksonDatabind/66_buggy","Correctness Warning","NP","Null passed for non-null parameter of java.util.concurrent.ConcurrentHashMap.get(Object) in com.fasterxml.jackson.databind.ObjectReader._findRootDeserializer(DeserializationContext)"
"JacksonDatabind/66_buggy","Correctness Warning","NP","Null passed for non-null parameter of java.util.concurrent.ConcurrentHashMap.put(Object, Object) in com.fasterxml.jackson.databind.ObjectReader._findRootDeserializer(DeserializationContext)"
"JacksonDatabind/66_buggy","Correctness Warning","NP","Null passed for non-null parameter of java.util.concurrent.ConcurrentHashMap.put(Object, Object) in com.fasterxml.jackson.databind.ObjectReader._findTreeDeserializer(DeserializationContext)"
"JacksonDatabind/66_buggy","Correctness Warning","NP","Possible null pointer dereference of intr in com.fasterxml.jackson.databind.deser.BasicDeserializerFactory.constructCreatorProperty(DeserializationContext, BeanDescription, PropertyName, int, AnnotatedParameter, Object)"
"JacksonDatabind/66_buggy","Correctness Warning","NP","Null passed for non-null parameter of new com.fasterxml.jackson.databind.deser.impl.FieldProperty(BeanPropertyDefinition, JavaType, TypeDeserializer, Annotations, AnnotatedField) in com.fasterxml.jackson.databind.deser.BeanDeserializerFactory.constructSettableProperty(DeserializationContext, BeanDescription, BeanPropertyDefinition, JavaType)"
"JacksonDatabind/66_buggy","Correctness Warning","NP","Possible null pointer dereference of MapDeserializer._valueInstantiator in com.fasterxml.jackson.databind.deser.std.MapDeserializer.resolve(DeserializationContext)"
"JacksonDatabind/66_buggy","Correctness Warning","NP","Possible null pointer dereference of b in com.fasterxml.jackson.databind.introspect.POJOPropertyBuilder.getMetadata()"
"JacksonDatabind/66_buggy","Correctness Warning","NP","Non-virtual method call in com.fasterxml.jackson.databind.type.ReferenceType.construct(Class, JavaType) passes null for non-null parameter of new ReferenceType(Class, TypeBindings, JavaType, JavaType[], JavaType, JavaType, Object, Object, boolean)"
"JacksonDatabind/66_buggy","Correctness Warning","NP","Possible null pointer dereference of SimpleBeanPropertyDefinition._introspector in com.fasterxml.jackson.databind.util.SimpleBeanPropertyDefinition.getWrapperName()"
"JacksonDatabind/66_buggy","Correctness Warning","RCN","Nullcheck of MappingIterator._parser at line 244 of value previously dereferenced in com.fasterxml.jackson.databind.MappingIterator.hasNextValue()"
"JacksonDatabind/66_buggy","Dodgy code Warning","EI","com.fasterxml.jackson.databind.BeanProperty$Std.getMember() may expose internal representation by returning BeanProperty$Std._member"
"JacksonDatabind/66_buggy","Dodgy code Warning","EI","com.fasterxml.jackson.databind.ObjectMapper.getDeserializationContext() may expose internal representation by returning ObjectMapper._deserializationContext"
"JacksonDatabind/66_buggy","Dodgy code Warning","EI","com.fasterxml.jackson.databind.ObjectMapper.getSerializerProvider() may expose internal representation by returning ObjectMapper._serializerProvider"
"JacksonDatabind/66_buggy","Dodgy code Warning","EI","com.fasterxml.jackson.databind.ObjectMapper.getTypeFactory() may expose internal representation by returning ObjectMapper._typeFactory"
"JacksonDatabind/66_buggy","Dodgy code Warning","EI","com.fasterxml.jackson.databind.ObjectWriter$Prefetch.getTypeSerializer() may expose internal representation by returning ObjectWriter$Prefetch.typeSerializer"
"JacksonDatabind/66_buggy","Dodgy code Warning","EI","com.fasterxml.jackson.databind.cfg.BaseSettings.getDateFormat() may expose internal representation by returning BaseSettings._dateFormat"
"JacksonDatabind/66_buggy","Dodgy code Warning","EI","com.fasterxml.jackson.databind.cfg.BaseSettings.getTypeFactory() may expose internal representation by returning BaseSettings._typeFactory"
"JacksonDatabind/66_buggy","Dodgy code Warning","EI","com.fasterxml.jackson.databind.deser.BeanDeserializerBuilder.getAnySetter() may expose internal representation by returning BeanDeserializerBuilder._anySetter"
"JacksonDatabind/66_buggy","Dodgy code Warning","EI","com.fasterxml.jackson.databind.deser.BeanDeserializerBuilder.getBuildMethod() may expose internal representation by returning BeanDeserializerBuilder._buildMethod"
"JacksonDatabind/66_buggy","Dodgy code Warning","EI","com.fasterxml.jackson.databind.deser.BeanDeserializerBuilder.getInjectables() may expose internal representation by returning BeanDeserializerBuilder._injectables"
"JacksonDatabind/66_buggy","Dodgy code Warning","EI","com.fasterxml.jackson.databind.deser.CreatorProperty.getMember() may expose internal representation by returning CreatorProperty._annotated"
"JacksonDatabind/66_buggy","Dodgy code Warning","EI","com.fasterxml.jackson.databind.deser.DataFormatReaders$Match.getReader() may expose internal representation by returning DataFormatReaders$Match._match"
"JacksonDatabind/66_buggy","Dodgy code Warning","EI","com.fasterxml.jackson.databind.deser.UnresolvedForwardReference.getRoid() may expose internal representation by returning UnresolvedForwardReference._roid"
"JacksonDatabind/66_buggy","Dodgy code Warning","EI","com.fasterxml.jackson.databind.deser.UnresolvedForwardReference.getUnresolvedIds() may expose internal representation by returning UnresolvedForwardReference._unresolvedIds"
"JacksonDatabind/66_buggy","Dodgy code Warning","EI","com.fasterxml.jackson.databind.deser.impl.BeanPropertyMap.getPropertiesInInsertionOrder() may expose internal representation by returning BeanPropertyMap._propsInOrder"
"JacksonDatabind/66_buggy","Dodgy code Warning","EI","com.fasterxml.jackson.databind.deser.impl.FieldProperty.getMember() may expose internal representation by returning FieldProperty._annotated"
"JacksonDatabind/66_buggy","Dodgy code Warning","EI","com.fasterxml.jackson.databind.deser.impl.MethodProperty.getMember() may expose internal representation by returning MethodProperty._annotated"
"JacksonDatabind/66_buggy","Dodgy code Warning","EI","com.fasterxml.jackson.databind.deser.impl.PropertyValueBuffer.getParameters(SettableBeanProperty[]) may expose internal representation by returning PropertyValueBuffer._creatorParameters"
"JacksonDatabind/66_buggy","Dodgy code Warning","EI","com.fasterxml.jackson.databind.deser.impl.SetterlessProperty.getMember() may expose internal representation by returning SetterlessProperty._annotated"
"JacksonDatabind/66_buggy","Dodgy code Warning","EI","com.fasterxml.jackson.databind.deser.std.StdValueInstantiator.getArrayDelegateCreator() may expose internal representation by returning StdValueInstantiator._arrayDelegateCreator"
"JacksonDatabind/66_buggy","Dodgy code Warning","EI","com.fasterxml.jackson.databind.deser.std.StdValueInstantiator.getDefaultCreator() may expose internal representation by returning StdValueInstantiator._defaultCreator"
"JacksonDatabind/66_buggy","Dodgy code Warning","EI","com.fasterxml.jackson.databind.deser.std.StdValueInstantiator.getDelegateCreator() may expose internal representation by returning StdValueInstantiator._delegateCreator"
"JacksonDatabind/66_buggy","Dodgy code Warning","EI","com.fasterxml.jackson.databind.deser.std.StdValueInstantiator.getFromObjectArguments(DeserializationConfig) may expose internal representation by returning StdValueInstantiator._constructorArguments"
"JacksonDatabind/66_buggy","Dodgy code Warning","EI","com.fasterxml.jackson.databind.deser.std.StdValueInstantiator.getIncompleteParameter() may expose internal representation by returning StdValueInstantiator._incompleteParameter"
"JacksonDatabind/66_buggy","Dodgy code Warning","EI","com.fasterxml.jackson.databind.deser.std.StdValueInstantiator.getWithArgsCreator() may expose internal representation by returning StdValueInstantiator._withArgsCreator"
"JacksonDatabind/66_buggy","Dodgy code Warning","EI","com.fasterxml.jackson.databind.introspect.AnnotatedClass.fields() may expose internal representation by returning AnnotatedClass._fields"
"JacksonDatabind/66_buggy","Dodgy code Warning","EI","com.fasterxml.jackson.databind.introspect.AnnotatedClass.getConstructors() may expose internal representation by returning AnnotatedClass._constructors"
"JacksonDatabind/66_buggy","Dodgy code Warning","EI","com.fasterxml.jackson.databind.introspect.AnnotatedClass.getDefaultConstructor() may expose internal representation by returning AnnotatedClass._defaultConstructor"
"JacksonDatabind/66_buggy","Dodgy code Warning","EI","com.fasterxml.jackson.databind.introspect.AnnotatedClass.getStaticMethods() may expose internal representation by returning AnnotatedClass._creatorMethods"
"JacksonDatabind/66_buggy","Dodgy code Warning","EI","com.fasterxml.jackson.databind.introspect.AnnotatedClass.memberMethods() may expose internal representation by returning AnnotatedClass._memberMethods"
"JacksonDatabind/66_buggy","Dodgy code Warning","EI","com.fasterxml.jackson.databind.introspect.AnnotatedConstructor.getAnnotated() may expose internal representation by returning AnnotatedConstructor._constructor"
"JacksonDatabind/66_buggy","Dodgy code Warning","EI","com.fasterxml.jackson.databind.introspect.AnnotatedConstructor.getMember() may expose internal representation by returning AnnotatedConstructor._constructor"
"JacksonDatabind/66_buggy","Dodgy code Warning","EI","com.fasterxml.jackson.databind.introspect.AnnotatedField.getAnnotated() may expose internal representation by returning AnnotatedField._field"
"JacksonDatabind/66_buggy","Dodgy code Warning","EI","com.fasterxml.jackson.databind.introspect.AnnotatedField.getMember() may expose internal representation by returning AnnotatedField._field"
"JacksonDatabind/66_buggy","Dodgy code Warning","EI","com.fasterxml.jackson.databind.introspect.AnnotatedMethod.getAnnotated() may expose internal representation by returning AnnotatedMethod._method"
"JacksonDatabind/66_buggy","Dodgy code Warning","EI","com.fasterxml.jackson.databind.introspect.AnnotatedMethod.getMember() may expose internal representation by returning AnnotatedMethod._method"
"JacksonDatabind/66_buggy","Dodgy code Warning","EI","com.fasterxml.jackson.databind.introspect.AnnotatedMethod.getRawParameterTypes() may expose internal representation by returning AnnotatedMethod._paramClasses"
"JacksonDatabind/66_buggy","Dodgy code Warning","EI","com.fasterxml.jackson.databind.introspect.AnnotatedParameter.getOwner() may expose internal representation by returning AnnotatedParameter._owner"
"JacksonDatabind/66_buggy","Dodgy code Warning","EI","com.fasterxml.jackson.databind.introspect.POJOPropertiesCollector.getIgnoredPropertyNames() may expose internal representation by returning POJOPropertiesCollector._ignoredPropertyNames"
"JacksonDatabind/66_buggy","Dodgy code Warning","EI","com.fasterxml.jackson.databind.introspect.POJOPropertiesCollector.getInjectables() may expose internal representation by returning POJOPropertiesCollector._injectables"
"JacksonDatabind/66_buggy","Dodgy code Warning","EI","com.fasterxml.jackson.databind.jsonFormatVisitors.JsonArrayFormatVisitor$Base.getProvider() may expose internal representation by returning JsonArrayFormatVisitor$Base._provider"
"JacksonDatabind/66_buggy","Dodgy code Warning","EI","com.fasterxml.jackson.databind.jsonFormatVisitors.JsonFormatVisitorWrapper$Base.getProvider() may expose internal representation by returning JsonFormatVisitorWrapper$Base._provider"
"JacksonDatabind/66_buggy","Dodgy code Warning","EI","com.fasterxml.jackson.databind.jsonFormatVisitors.JsonMapFormatVisitor$Base.getProvider() may expose internal representation by returning JsonMapFormatVisitor$Base._provider"
"JacksonDatabind/66_buggy","Dodgy code Warning","EI","com.fasterxml.jackson.databind.jsonFormatVisitors.JsonObjectFormatVisitor$Base.getProvider() may expose internal representation by returning JsonObjectFormatVisitor$Base._provider"
"JacksonDatabind/66_buggy","Dodgy code Warning","EI","com.fasterxml.jackson.databind.jsonschema.JsonSchema.getSchemaNode() may expose internal representation by returning JsonSchema.schema"
"JacksonDatabind/66_buggy","Dodgy code Warning","EI","com.fasterxml.jackson.databind.node.BinaryNode.binaryValue() may expose internal representation by returning BinaryNode._data"
"JacksonDatabind/66_buggy","Dodgy code Warning","EI","com.fasterxml.jackson.databind.node.TreeTraversingParser.getParsingContext() may expose internal representation by returning TreeTraversingParser._nodeCursor"
"JacksonDatabind/66_buggy","Dodgy code Warning","EI","com.fasterxml.jackson.databind.ser.BeanPropertyWriter.getMember() may expose internal representation by returning BeanPropertyWriter._member"
"JacksonDatabind/66_buggy","Dodgy code Warning","EI","com.fasterxml.jackson.databind.ser.BeanPropertyWriter.getTypeSerializer() may expose internal representation by returning BeanPropertyWriter._typeSerializer"
"JacksonDatabind/66_buggy","Dodgy code Warning","EI","com.fasterxml.jackson.databind.ser.BeanPropertyWriter.getViews() may expose internal representation by returning BeanPropertyWriter._includeInViews"
"JacksonDatabind/66_buggy","Dodgy code Warning","EI","com.fasterxml.jackson.databind.ser.BeanSerializerBuilder.getFilteredProperties() may expose internal representation by returning BeanSerializerBuilder._filteredProperties"
"JacksonDatabind/66_buggy","Dodgy code Warning","EI","com.fasterxml.jackson.databind.ser.BeanSerializerBuilder.getProperties() may expose internal representation by returning BeanSerializerBuilder._properties"
"JacksonDatabind/66_buggy","Dodgy code Warning","EI","com.fasterxml.jackson.databind.ser.BeanSerializerBuilder.getTypeId() may expose internal representation by returning BeanSerializerBuilder._typeId"
"JacksonDatabind/66_buggy","Dodgy code Warning","EI","com.fasterxml.jackson.databind.ser.impl.TypeWrappedSerializer.typeSerializer() may expose internal representation by returning TypeWrappedSerializer._typeSerializer"
"JacksonDatabind/66_buggy","Dodgy code Warning","EI","com.fasterxml.jackson.databind.type.ClassStack.find(Class) may expose internal representation by returning ClassStack._parent"
"JacksonDatabind/66_buggy","Dodgy code Warning","EI","com.fasterxml.jackson.databind.type.TypeFactory.getClassLoader() may expose internal representation by returning TypeFactory._classLoader"
"JacksonDatabind/66_buggy","Dodgy code Warning","EI","com.fasterxml.jackson.databind.util.ArrayBuilders.getBooleanBuilder() may expose internal representation by returning ArrayBuilders._booleanBuilder"
"JacksonDatabind/66_buggy","Dodgy code Warning","EI","com.fasterxml.jackson.databind.util.ArrayBuilders.getByteBuilder() may expose internal representation by returning ArrayBuilders._byteBuilder"
"JacksonDatabind/66_buggy","Dodgy code Warning","EI","com.fasterxml.jackson.databind.util.ArrayBuilders.getDoubleBuilder() may expose internal representation by returning ArrayBuilders._doubleBuilder"
"JacksonDatabind/66_buggy","Dodgy code Warning","EI","com.fasterxml.jackson.databind.util.ArrayBuilders.getFloatBuilder() may expose internal representation by returning ArrayBuilders._floatBuilder"
"JacksonDatabind/66_buggy","Dodgy code Warning","EI","com.fasterxml.jackson.databind.util.ArrayBuilders.getIntBuilder() may expose internal representation by returning ArrayBuilders._intBuilder"
"JacksonDatabind/66_buggy","Dodgy code Warning","EI","com.fasterxml.jackson.databind.util.ArrayBuilders.getLongBuilder() may expose internal representation by returning ArrayBuilders._longBuilder"
"JacksonDatabind/66_buggy","Dodgy code Warning","EI","com.fasterxml.jackson.databind.util.ArrayBuilders.getShortBuilder() may expose internal representation by returning ArrayBuilders._shortBuilder"
"JacksonDatabind/66_buggy","Dodgy code Warning","EI","com.fasterxml.jackson.databind.util.EnumResolver.getRawEnums() may expose internal representation by returning EnumResolver._enums"
"JacksonDatabind/66_buggy","Dodgy code Warning","EI","com.fasterxml.jackson.databind.util.ObjectBuffer.resetAndStart() may expose internal representation by returning ObjectBuffer._freeBuffer"
"JacksonDatabind/66_buggy","Dodgy code Warning","EI","com.fasterxml.jackson.databind.util.SimpleBeanPropertyDefinition.getGetter() may expose internal representation by returning SimpleBeanPropertyDefinition._member"
"JacksonDatabind/66_buggy","Dodgy code Warning","EI","com.fasterxml.jackson.databind.util.SimpleBeanPropertyDefinition.getPrimaryMember() may expose internal representation by returning SimpleBeanPropertyDefinition._member"
"JacksonDatabind/66_buggy","Dodgy code Warning","EI","com.fasterxml.jackson.databind.util.SimpleBeanPropertyDefinition.getSetter() may expose internal representation by returning SimpleBeanPropertyDefinition._member"
"JacksonDatabind/66_buggy","Dodgy code Warning","EI","com.fasterxml.jackson.databind.util.StdDateFormat.getTimeZone() may expose internal representation by returning StdDateFormat._timezone"
"JacksonDatabind/66_buggy","Dodgy code Warning","EI","com.fasterxml.jackson.databind.util.TokenBuffer$Segment.append(int, JsonToken) may expose internal representation by returning TokenBuffer$Segment._next"
"JacksonDatabind/66_buggy","Dodgy code Warning","EI","com.fasterxml.jackson.databind.util.TokenBuffer$Segment.append(int, JsonToken, Object) may expose internal representation by returning TokenBuffer$Segment._next"
"JacksonDatabind/66_buggy","Dodgy code Warning","EI","com.fasterxml.jackson.databind.util.TokenBuffer$Segment.append(int, JsonToken, Object, Object) may expose internal representation by returning TokenBuffer$Segment._next"
"JacksonDatabind/66_buggy","Dodgy code Warning","EI","com.fasterxml.jackson.databind.util.TokenBuffer$Segment.append(int, JsonToken, Object, Object, Object) may expose internal representation by returning TokenBuffer$Segment._next"
"JacksonDatabind/66_buggy","Dodgy code Warning","EI","com.fasterxml.jackson.databind.util.TokenBuffer$Segment.appendRaw(int, int, Object) may expose internal representation by returning TokenBuffer$Segment._next"
"JacksonDatabind/66_buggy","Dodgy code Warning","EI","com.fasterxml.jackson.databind.util.TokenBuffer$Segment.appendRaw(int, int, Object, Object, Object) may expose internal representation by returning TokenBuffer$Segment._next"
"JacksonDatabind/66_buggy","Dodgy code Warning","EI","com.fasterxml.jackson.databind.util.TokenBuffer$Segment.next() may expose internal representation by returning TokenBuffer$Segment._next"
"JacksonDatabind/66_buggy","Dodgy code Warning","EI2","new com.fasterxml.jackson.databind.BeanProperty$Std(PropertyName, JavaType, PropertyName, Annotations, AnnotatedMember, PropertyMetadata) may expose internal representation by storing an externally mutable object into BeanProperty$Std._member"
"JacksonDatabind/66_buggy","Dodgy code Warning","EI2","com.fasterxml.jackson.databind.DeserializationContext.returnObjectBuffer(ObjectBuffer) may expose internal representation by storing an externally mutable object into DeserializationContext._objectBuffer"
"JacksonDatabind/66_buggy","Dodgy code Warning","EI2","new com.fasterxml.jackson.databind.InjectableValues$Std(Map) may expose internal representation by storing an externally mutable object into InjectableValues$Std._values"
"JacksonDatabind/66_buggy","Dodgy code Warning","EI2","com.fasterxml.jackson.databind.ObjectMapper.setSerializerProvider(DefaultSerializerProvider) may expose internal representation by storing an externally mutable object into ObjectMapper._serializerProvider"
"JacksonDatabind/66_buggy","Dodgy code Warning","EI2","com.fasterxml.jackson.databind.ObjectMapper.setTypeFactory(TypeFactory) may expose internal representation by storing an externally mutable object into ObjectMapper._typeFactory"
"JacksonDatabind/66_buggy","Dodgy code Warning","EI2","new com.fasterxml.jackson.databind.SequenceWriter(DefaultSerializerProvider, JsonGenerator, boolean, ObjectWriter$Prefetch) may expose internal representation by storing an externally mutable object into SequenceWriter._provider"
"JacksonDatabind/66_buggy","Dodgy code Warning","EI2","new com.fasterxml.jackson.databind.cfg.BaseSettings(ClassIntrospector, AnnotationIntrospector, VisibilityChecker, PropertyNamingStrategy, TypeFactory, TypeResolverBuilder, DateFormat, HandlerInstantiator, Locale, TimeZone, Base64Variant) may expose internal representation by storing an externally mutable object into BaseSettings._dateFormat"
"JacksonDatabind/66_buggy","Dodgy code Warning","EI2","new com.fasterxml.jackson.databind.cfg.BaseSettings(ClassIntrospector, AnnotationIntrospector, VisibilityChecker, PropertyNamingStrategy, TypeFactory, TypeResolverBuilder, DateFormat, HandlerInstantiator, Locale, TimeZone, Base64Variant) may expose internal representation by storing an externally mutable object into BaseSettings._timeZone"
"JacksonDatabind/66_buggy","Dodgy code Warning","EI2","new com.fasterxml.jackson.databind.cfg.BaseSettings(ClassIntrospector, AnnotationIntrospector, VisibilityChecker, PropertyNamingStrategy, TypeFactory, TypeResolverBuilder, DateFormat, HandlerInstantiator, Locale, TimeZone, Base64Variant) may expose internal representation by storing an externally mutable object into BaseSettings._typeFactory"
"JacksonDatabind/66_buggy","Dodgy code Warning","EI2","new com.fasterxml.jackson.databind.deser.AbstractDeserializer(BeanDeserializerBuilder, BeanDescription, Map) may expose internal representation by storing an externally mutable object into AbstractDeserializer._backRefProperties"
"JacksonDatabind/66_buggy","Dodgy code Warning","EI2","new com.fasterxml.jackson.databind.deser.BeanDeserializerBase(BeanDeserializerBase, Set) may expose internal representation by storing an externally mutable object into BeanDeserializerBase._ignorableProps"
"JacksonDatabind/66_buggy","Dodgy code Warning","EI2","com.fasterxml.jackson.databind.deser.BeanDeserializerBuilder.setAnySetter(SettableAnyProperty) may expose internal representation by storing an externally mutable object into BeanDeserializerBuilder._anySetter"
"JacksonDatabind/66_buggy","Dodgy code Warning","EI2","com.fasterxml.jackson.databind.deser.BeanDeserializerBuilder.setPOJOBuilder(AnnotatedMethod, JsonPOJOBuilder$Value) may expose internal representation by storing an externally mutable object into BeanDeserializerBuilder._buildMethod"
"JacksonDatabind/66_buggy","Dodgy code Warning","EI2","new com.fasterxml.jackson.databind.deser.CreatorProperty(PropertyName, JavaType, PropertyName, TypeDeserializer, Annotations, AnnotatedParameter, int, Object, PropertyMetadata) may expose internal representation by storing an externally mutable object into CreatorProperty._annotated"
"JacksonDatabind/66_buggy","Dodgy code Warning","EI2","com.fasterxml.jackson.databind.deser.CreatorProperty.setFallbackSetter(SettableBeanProperty) may expose internal representation by storing an externally mutable object into CreatorProperty._fallbackSetter"
"JacksonDatabind/66_buggy","Dodgy code Warning","EI2","new com.fasterxml.jackson.databind.deser.SettableAnyProperty(BeanProperty, AnnotatedMember, JavaType, JsonDeserializer, TypeDeserializer) may expose internal representation by storing an externally mutable object into SettableAnyProperty._setter"
"JacksonDatabind/66_buggy","Dodgy code Warning","EI2","new com.fasterxml.jackson.databind.deser.UnresolvedForwardReference(JsonParser, String, JsonLocation, ReadableObjectId) may expose internal representation by storing an externally mutable object into UnresolvedForwardReference._roid"
"JacksonDatabind/66_buggy","Dodgy code Warning","EI2","new com.fasterxml.jackson.databind.deser.UnresolvedForwardReference(String, JsonLocation, ReadableObjectId) may expose internal representation by storing an externally mutable object into UnresolvedForwardReference._roid"
"JacksonDatabind/66_buggy","Dodgy code Warning","EI2","new com.fasterxml.jackson.databind.deser.impl.BeanAsArrayBuilderDeserializer(BeanDeserializerBase, SettableBeanProperty[], AnnotatedMethod) may expose internal representation by storing an externally mutable object into BeanAsArrayBuilderDeserializer._buildMethod"
"JacksonDatabind/66_buggy","Dodgy code Warning","EI2","new com.fasterxml.jackson.databind.deser.impl.BeanAsArrayBuilderDeserializer(BeanDeserializerBase, SettableBeanProperty[], AnnotatedMethod) may expose internal representation by storing an externally mutable object into BeanAsArrayBuilderDeserializer._delegate"
"JacksonDatabind/66_buggy","Dodgy code Warning","EI2","new com.fasterxml.jackson.databind.deser.impl.BeanAsArrayBuilderDeserializer(BeanDeserializerBase, SettableBeanProperty[], AnnotatedMethod) may expose internal representation by storing an externally mutable object into BeanAsArrayBuilderDeserializer._orderedProperties"
"JacksonDatabind/66_buggy","Dodgy code Warning","EI2","new com.fasterxml.jackson.databind.deser.impl.BeanAsArrayDeserializer(BeanDeserializerBase, SettableBeanProperty[]) may expose internal representation by storing an externally mutable object into BeanAsArrayDeserializer._delegate"
"JacksonDatabind/66_buggy","Dodgy code Warning","EI2","new com.fasterxml.jackson.databind.deser.impl.BeanAsArrayDeserializer(BeanDeserializerBase, SettableBeanProperty[]) may expose internal representation by storing an externally mutable object into BeanAsArrayDeserializer._orderedProperties"
"JacksonDatabind/66_buggy","Dodgy code Warning","EI2","com.fasterxml.jackson.databind.deser.impl.CreatorCollector.addDelegatingCreator(AnnotatedWithParams, boolean, SettableBeanProperty[]) may expose internal representation by storing an externally mutable object into CreatorCollector._arrayDelegateArgs"
"JacksonDatabind/66_buggy","Dodgy code Warning","EI2","com.fasterxml.jackson.databind.deser.impl.CreatorCollector.addDelegatingCreator(AnnotatedWithParams, boolean, SettableBeanProperty[]) may expose internal representation by storing an externally mutable object into CreatorCollector._delegateArgs"
"JacksonDatabind/66_buggy","Dodgy code Warning","EI2","com.fasterxml.jackson.databind.deser.impl.CreatorCollector.addIncompeteParameter(AnnotatedParameter) may expose internal representation by storing an externally mutable object into CreatorCollector._incompleteParameter"
"JacksonDatabind/66_buggy","Dodgy code Warning","EI2","com.fasterxml.jackson.databind.deser.impl.CreatorCollector.addPropertyCreator(AnnotatedWithParams, boolean, SettableBeanProperty[]) may expose internal representation by storing an externally mutable object into CreatorCollector._propertyBasedArgs"
"JacksonDatabind/66_buggy","Dodgy code Warning","EI2","new com.fasterxml.jackson.databind.deser.impl.CreatorCollector$StdTypeConstructor(AnnotatedWithParams, int) may expose internal representation by storing an externally mutable object into CreatorCollector$StdTypeConstructor._base"
"JacksonDatabind/66_buggy","Dodgy code Warning","EI2","new com.fasterxml.jackson.databind.deser.impl.ErrorThrowingDeserializer(NoClassDefFoundError) may expose internal representation by storing an externally mutable object into ErrorThrowingDeserializer._cause"
"JacksonDatabind/66_buggy","Dodgy code Warning","EI2","new com.fasterxml.jackson.databind.deser.impl.FieldProperty(BeanPropertyDefinition, JavaType, TypeDeserializer, Annotations, AnnotatedField) may expose internal representation by storing an externally mutable object into FieldProperty._annotated"
"JacksonDatabind/66_buggy","Dodgy code Warning","EI2","new com.fasterxml.jackson.databind.deser.impl.InnerClassProperty(SettableBeanProperty, Constructor) may expose internal representation by storing an externally mutable object into InnerClassProperty._creator"
"JacksonDatabind/66_buggy","Dodgy code Warning","EI2","new com.fasterxml.jackson.databind.deser.impl.InnerClassProperty(SettableBeanProperty, Constructor) may expose internal representation by storing an externally mutable object into InnerClassProperty._delegate"
"JacksonDatabind/66_buggy","Dodgy code Warning","EI2","new com.fasterxml.jackson.databind.deser.impl.ManagedReferenceProperty(SettableBeanProperty, String, SettableBeanProperty, Annotations, boolean) may expose internal representation by storing an externally mutable object into ManagedReferenceProperty._backProperty"
"JacksonDatabind/66_buggy","Dodgy code Warning","EI2","new com.fasterxml.jackson.databind.deser.impl.ManagedReferenceProperty(SettableBeanProperty, String, SettableBeanProperty, Annotations, boolean) may expose internal representation by storing an externally mutable object into ManagedReferenceProperty._managedProperty"
"JacksonDatabind/66_buggy","Dodgy code Warning","EI2","new com.fasterxml.jackson.databind.deser.impl.MethodProperty(BeanPropertyDefinition, JavaType, TypeDeserializer, Annotations, AnnotatedMethod) may expose internal representation by storing an externally mutable object into MethodProperty._annotated"
"JacksonDatabind/66_buggy","Dodgy code Warning","EI2","new com.fasterxml.jackson.databind.deser.impl.ObjectIdReferenceProperty(SettableBeanProperty, ObjectIdInfo) may expose internal representation by storing an externally mutable object into ObjectIdReferenceProperty._forward"
"JacksonDatabind/66_buggy","Dodgy code Warning","EI2","new com.fasterxml.jackson.databind.deser.impl.ObjectIdReferenceProperty$PropertyReferring(ObjectIdReferenceProperty, UnresolvedForwardReference, Class, Object) may expose internal representation by storing an externally mutable object into ObjectIdReferenceProperty$PropertyReferring._parent"
"JacksonDatabind/66_buggy","Dodgy code Warning","EI2","new com.fasterxml.jackson.databind.deser.impl.PropertyValueBuffer(JsonParser, DeserializationContext, int, ObjectIdReader) may expose internal representation by storing an externally mutable object into PropertyValueBuffer._context"
"JacksonDatabind/66_buggy","Dodgy code Warning","EI2","new com.fasterxml.jackson.databind.deser.impl.ReadableObjectId$Referring(UnresolvedForwardReference, JavaType) may expose internal representation by storing an externally mutable object into ReadableObjectId$Referring._reference"
"JacksonDatabind/66_buggy","Dodgy code Warning","EI2","new com.fasterxml.jackson.databind.deser.impl.ReadableObjectId$Referring(UnresolvedForwardReference, Class) may expose internal representation by storing an externally mutable object into ReadableObjectId$Referring._reference"
"JacksonDatabind/66_buggy","Dodgy code Warning","EI2","new com.fasterxml.jackson.databind.deser.impl.SetterlessProperty(BeanPropertyDefinition, JavaType, TypeDeserializer, Annotations, AnnotatedMethod) may expose internal representation by storing an externally mutable object into SetterlessProperty._annotated"
"JacksonDatabind/66_buggy","Dodgy code Warning","EI2","new com.fasterxml.jackson.databind.deser.std.CollectionDeserializer$CollectionReferringAccumulator(Class, Collection) may expose internal representation by storing an externally mutable object into CollectionDeserializer$CollectionReferringAccumulator._result"
"JacksonDatabind/66_buggy","Dodgy code Warning","EI2","com.fasterxml.jackson.databind.deser.std.StdValueInstantiator.configureFromArraySettings(AnnotatedWithParams, JavaType, SettableBeanProperty[]) may expose internal representation by storing an externally mutable object into StdValueInstantiator._arrayDelegateArguments"
"JacksonDatabind/66_buggy","Dodgy code Warning","EI2","com.fasterxml.jackson.databind.deser.std.StdValueInstantiator.configureFromArraySettings(AnnotatedWithParams, JavaType, SettableBeanProperty[]) may expose internal representation by storing an externally mutable object into StdValueInstantiator._arrayDelegateCreator"
"JacksonDatabind/66_buggy","Dodgy code Warning","EI2","com.fasterxml.jackson.databind.deser.std.StdValueInstantiator.configureFromBooleanCreator(AnnotatedWithParams) may expose internal representation by storing an externally mutable object into StdValueInstantiator._fromBooleanCreator"
"JacksonDatabind/66_buggy","Dodgy code Warning","EI2","com.fasterxml.jackson.databind.deser.std.StdValueInstantiator.configureFromDoubleCreator(AnnotatedWithParams) may expose internal representation by storing an externally mutable object into StdValueInstantiator._fromDoubleCreator"
"JacksonDatabind/66_buggy","Dodgy code Warning","EI2","com.fasterxml.jackson.databind.deser.std.StdValueInstantiator.configureFromIntCreator(AnnotatedWithParams) may expose internal representation by storing an externally mutable object into StdValueInstantiator._fromIntCreator"
"JacksonDatabind/66_buggy","Dodgy code Warning","EI2","com.fasterxml.jackson.databind.deser.std.StdValueInstantiator.configureFromLongCreator(AnnotatedWithParams) may expose internal representation by storing an externally mutable object into StdValueInstantiator._fromLongCreator"
"JacksonDatabind/66_buggy","Dodgy code Warning","EI2","com.fasterxml.jackson.databind.deser.std.StdValueInstantiator.configureFromObjectSettings(AnnotatedWithParams, AnnotatedWithParams, JavaType, SettableBeanProperty[], AnnotatedWithParams, SettableBeanProperty[]) may expose internal representation by storing an externally mutable object into StdValueInstantiator._constructorArguments"
"JacksonDatabind/66_buggy","Dodgy code Warning","EI2","com.fasterxml.jackson.databind.deser.std.StdValueInstantiator.configureFromObjectSettings(AnnotatedWithParams, AnnotatedWithParams, JavaType, SettableBeanProperty[], AnnotatedWithParams, SettableBeanProperty[]) may expose internal representation by storing an externally mutable object into StdValueInstantiator._defaultCreator"
"JacksonDatabind/66_buggy","Dodgy code Warning","EI2","com.fasterxml.jackson.databind.deser.std.StdValueInstantiator.configureFromObjectSettings(AnnotatedWithParams, AnnotatedWithParams, JavaType, SettableBeanProperty[], AnnotatedWithParams, SettableBeanProperty[]) may expose internal representation by storing an externally mutable object into StdValueInstantiator._delegateArguments"
"JacksonDatabind/66_buggy","Dodgy code Warning","EI2","com.fasterxml.jackson.databind.deser.std.StdValueInstantiator.configureFromObjectSettings(AnnotatedWithParams, AnnotatedWithParams, JavaType, SettableBeanProperty[], AnnotatedWithParams, SettableBeanProperty[]) may expose internal representation by storing an externally mutable object into StdValueInstantiator._delegateCreator"
"JacksonDatabind/66_buggy","Dodgy code Warning","EI2","com.fasterxml.jackson.databind.deser.std.StdValueInstantiator.configureFromObjectSettings(AnnotatedWithParams, AnnotatedWithParams, JavaType, SettableBeanProperty[], AnnotatedWithParams, SettableBeanProperty[]) may expose internal representation by storing an externally mutable object into StdValueInstantiator._withArgsCreator"
"JacksonDatabind/66_buggy","Dodgy code Warning","EI2","com.fasterxml.jackson.databind.deser.std.StdValueInstantiator.configureFromStringCreator(AnnotatedWithParams) may expose internal representation by storing an externally mutable object into StdValueInstantiator._fromStringCreator"
"JacksonDatabind/66_buggy","Dodgy code Warning","EI2","com.fasterxml.jackson.databind.deser.std.StdValueInstantiator.configureIncompleteParameter(AnnotatedParameter) may expose internal representation by storing an externally mutable object into StdValueInstantiator._incompleteParameter"
"JacksonDatabind/66_buggy","Dodgy code Warning","EI2","new com.fasterxml.jackson.databind.introspect.AnnotatedConstructor(TypeResolutionContext, Constructor, AnnotationMap, AnnotationMap[]) may expose internal representation by storing an externally mutable object into AnnotatedConstructor._constructor"
"JacksonDatabind/66_buggy","Dodgy code Warning","EI2","new com.fasterxml.jackson.databind.introspect.AnnotatedField(TypeResolutionContext, Field, AnnotationMap) may expose internal representation by storing an externally mutable object into AnnotatedField._field"
"JacksonDatabind/66_buggy","Dodgy code Warning","EI2","new com.fasterxml.jackson.databind.introspect.AnnotatedMethod(TypeResolutionContext, Method, AnnotationMap, AnnotationMap[]) may expose internal representation by storing an externally mutable object into AnnotatedMethod._method"
"JacksonDatabind/66_buggy","Dodgy code Warning","EI2","new com.fasterxml.jackson.databind.introspect.AnnotatedParameter(AnnotatedWithParams, JavaType, AnnotationMap, int) may expose internal representation by storing an externally mutable object into AnnotatedParameter._owner"
"JacksonDatabind/66_buggy","Dodgy code Warning","EI2","new com.fasterxml.jackson.databind.introspect.TypeResolutionContext$Basic(TypeFactory, TypeBindings) may expose internal representation by storing an externally mutable object into TypeResolutionContext$Basic._typeFactory"
"JacksonDatabind/66_buggy","Dodgy code Warning","EI2","new com.fasterxml.jackson.databind.jsonFormatVisitors.JsonArrayFormatVisitor$Base(SerializerProvider) may expose internal representation by storing an externally mutable object into JsonArrayFormatVisitor$Base._provider"
"JacksonDatabind/66_buggy","Dodgy code Warning","EI2","com.fasterxml.jackson.databind.jsonFormatVisitors.JsonArrayFormatVisitor$Base.setProvider(SerializerProvider) may expose internal representation by storing an externally mutable object into JsonArrayFormatVisitor$Base._provider"
"JacksonDatabind/66_buggy","Dodgy code Warning","EI2","new com.fasterxml.jackson.databind.jsonFormatVisitors.JsonFormatVisitorWrapper$Base(SerializerProvider) may expose internal representation by storing an externally mutable object into JsonFormatVisitorWrapper$Base._provider"
"JacksonDatabind/66_buggy","Dodgy code Warning","EI2","com.fasterxml.jackson.databind.jsonFormatVisitors.JsonFormatVisitorWrapper$Base.setProvider(SerializerProvider) may expose internal representation by storing an externally mutable object into JsonFormatVisitorWrapper$Base._provider"
"JacksonDatabind/66_buggy","Dodgy code Warning","EI2","new com.fasterxml.jackson.databind.jsonFormatVisitors.JsonMapFormatVisitor$Base(SerializerProvider) may expose internal representation by storing an externally mutable object into JsonMapFormatVisitor$Base._provider"
"JacksonDatabind/66_buggy","Dodgy code Warning","EI2","com.fasterxml.jackson.databind.jsonFormatVisitors.JsonMapFormatVisitor$Base.setProvider(SerializerProvider) may expose internal representation by storing an externally mutable object into JsonMapFormatVisitor$Base._provider"
"JacksonDatabind/66_buggy","Dodgy code Warning","EI2","new com.fasterxml.jackson.databind.jsonFormatVisitors.JsonObjectFormatVisitor$Base(SerializerProvider) may expose internal representation by storing an externally mutable object into JsonObjectFormatVisitor$Base._provider"
"JacksonDatabind/66_buggy","Dodgy code Warning","EI2","com.fasterxml.jackson.databind.jsonFormatVisitors.JsonObjectFormatVisitor$Base.setProvider(SerializerProvider) may expose internal representation by storing an externally mutable object into JsonObjectFormatVisitor$Base._provider"
"JacksonDatabind/66_buggy","Dodgy code Warning","EI2","new com.fasterxml.jackson.databind.jsonschema.JsonSchema(ObjectNode) may expose internal representation by storing an externally mutable object into JsonSchema.schema"
"JacksonDatabind/66_buggy","Dodgy code Warning","EI2","com.fasterxml.jackson.databind.module.SimpleModule.setDeserializers(SimpleDeserializers) may expose internal representation by storing an externally mutable object into SimpleModule._deserializers"
"JacksonDatabind/66_buggy","Dodgy code Warning","EI2","com.fasterxml.jackson.databind.module.SimpleModule.setKeySerializers(SimpleSerializers) may expose internal representation by storing an externally mutable object into SimpleModule._keySerializers"
"JacksonDatabind/66_buggy","Dodgy code Warning","EI2","com.fasterxml.jackson.databind.module.SimpleModule.setSerializers(SimpleSerializers) may expose internal representation by storing an externally mutable object into SimpleModule._serializers"
"JacksonDatabind/66_buggy","Dodgy code Warning","EI2","new com.fasterxml.jackson.databind.node.ArrayNode(JsonNodeFactory, List) may expose internal representation by storing an externally mutable object into ArrayNode._children"
"JacksonDatabind/66_buggy","Dodgy code Warning","EI2","new com.fasterxml.jackson.databind.node.BinaryNode(byte[]) may expose internal representation by storing an externally mutable object into BinaryNode._data"
"JacksonDatabind/66_buggy","Dodgy code Warning","EI2","new com.fasterxml.jackson.databind.node.BinaryNode(byte[], int, int) may expose internal representation by storing an externally mutable object into BinaryNode._data"
"JacksonDatabind/66_buggy","Dodgy code Warning","EI2","new com.fasterxml.jackson.databind.node.ObjectNode(JsonNodeFactory, Map) may expose internal representation by storing an externally mutable object into ObjectNode._children"
"JacksonDatabind/66_buggy","Dodgy code Warning","EI2","new com.fasterxml.jackson.databind.ser.AnyGetterWriter(BeanProperty, AnnotatedMember, JsonSerializer) may expose internal representation by storing an externally mutable object into AnyGetterWriter._accessor"
"JacksonDatabind/66_buggy","Dodgy code Warning","EI2","new com.fasterxml.jackson.databind.ser.BeanPropertyWriter(BeanPropertyDefinition, AnnotatedMember, Annotations, JavaType, JsonSerializer, TypeSerializer, JavaType, boolean, Object) may expose internal representation by storing an externally mutable object into BeanPropertyWriter._member"
"JacksonDatabind/66_buggy","Dodgy code Warning","EI2","new com.fasterxml.jackson.databind.ser.BeanPropertyWriter(BeanPropertyDefinition, AnnotatedMember, Annotations, JavaType, JsonSerializer, TypeSerializer, JavaType, boolean, Object) may expose internal representation by storing an externally mutable object into BeanPropertyWriter._typeSerializer"
"JacksonDatabind/66_buggy","Dodgy code Warning","EI2","com.fasterxml.jackson.databind.ser.BeanPropertyWriter.assignTypeSerializer(TypeSerializer) may expose internal representation by storing an externally mutable object into BeanPropertyWriter._typeSerializer"
"JacksonDatabind/66_buggy","Dodgy code Warning","EI2","com.fasterxml.jackson.databind.ser.BeanSerializerBuilder.setFilteredProperties(BeanPropertyWriter[]) may expose internal representation by storing an externally mutable object into BeanSerializerBuilder._filteredProperties"
"JacksonDatabind/66_buggy","Dodgy code Warning","EI2","com.fasterxml.jackson.databind.ser.BeanSerializerBuilder.setProperties(List) may expose internal representation by storing an externally mutable object into BeanSerializerBuilder._properties"
"JacksonDatabind/66_buggy","Dodgy code Warning","EI2","com.fasterxml.jackson.databind.ser.BeanSerializerBuilder.setTypeId(AnnotatedMember) may expose internal representation by storing an externally mutable object into BeanSerializerBuilder._typeId"
"JacksonDatabind/66_buggy","Dodgy code Warning","EI2","new com.fasterxml.jackson.databind.ser.impl.MapEntrySerializer(JavaType, JavaType, JavaType, boolean, TypeSerializer, BeanProperty) may expose internal representation by storing an externally mutable object into MapEntrySerializer._valueTypeSerializer"
"JacksonDatabind/66_buggy","Dodgy code Warning","EI2","new com.fasterxml.jackson.databind.ser.impl.SimpleBeanPropertyFilter$FilterExceptFilter(Set) may expose internal representation by storing an externally mutable object into SimpleBeanPropertyFilter$FilterExceptFilter._propertiesToInclude"
"JacksonDatabind/66_buggy","Dodgy code Warning","EI2","new com.fasterxml.jackson.databind.ser.impl.SimpleBeanPropertyFilter$SerializeExceptFilter(Set) may expose internal representation by storing an externally mutable object into SimpleBeanPropertyFilter$SerializeExceptFilter._propertiesToExclude"
"JacksonDatabind/66_buggy","Dodgy code Warning","EI2","new com.fasterxml.jackson.databind.ser.impl.SimpleFilterProvider(Map) may expose internal representation by storing an externally mutable object into SimpleFilterProvider._filtersById"
"JacksonDatabind/66_buggy","Dodgy code Warning","EI2","new com.fasterxml.jackson.databind.ser.impl.TypeWrappedSerializer(TypeSerializer, JsonSerializer) may expose internal representation by storing an externally mutable object into TypeWrappedSerializer._typeSerializer"
"JacksonDatabind/66_buggy","Dodgy code Warning","EI2","new com.fasterxml.jackson.databind.ser.std.BeanSerializerBase(BeanSerializerBase, BeanPropertyWriter[], BeanPropertyWriter[]) may expose internal representation by storing an externally mutable object into BeanSerializerBase._filteredProps"
"JacksonDatabind/66_buggy","Dodgy code Warning","EI2","new com.fasterxml.jackson.databind.ser.std.BeanSerializerBase(BeanSerializerBase, BeanPropertyWriter[], BeanPropertyWriter[]) may expose internal representation by storing an externally mutable object into BeanSerializerBase._props"
"JacksonDatabind/66_buggy","Dodgy code Warning","EI2","new com.fasterxml.jackson.databind.ser.std.JsonValueSerializer(AnnotatedMethod, JsonSerializer) may expose internal representation by storing an externally mutable object into JsonValueSerializer._accessorMethod"
"JacksonDatabind/66_buggy","Dodgy code Warning","EI2","new com.fasterxml.jackson.databind.ser.std.MapProperty(TypeSerializer, BeanProperty) may expose internal representation by storing an externally mutable object into MapProperty._typeSerializer"
"JacksonDatabind/66_buggy","Dodgy code Warning","EI2","new com.fasterxml.jackson.databind.ser.std.ObjectArraySerializer(JavaType, boolean, TypeSerializer, JsonSerializer) may expose internal representation by storing an externally mutable object into ObjectArraySerializer._valueTypeSerializer"
"JacksonDatabind/66_buggy","Dodgy code Warning","EI2","new com.fasterxml.jackson.databind.ser.std.ObjectArraySerializer(ObjectArraySerializer, BeanProperty, TypeSerializer, JsonSerializer, Boolean) may expose internal representation by storing an externally mutable object into ObjectArraySerializer._valueTypeSerializer"
"JacksonDatabind/66_buggy","Dodgy code Warning","EI2","new com.fasterxml.jackson.databind.ser.std.ObjectArraySerializer(ObjectArraySerializer, TypeSerializer) may expose internal representation by storing an externally mutable object into ObjectArraySerializer._valueTypeSerializer"
"JacksonDatabind/66_buggy","Dodgy code Warning","EI2","new com.fasterxml.jackson.databind.ser.std.ReferenceTypeSerializer(ReferenceType, boolean, TypeSerializer, JsonSerializer) may expose internal representation by storing an externally mutable object into ReferenceTypeSerializer._valueTypeSerializer"
"JacksonDatabind/66_buggy","Dodgy code Warning","EI2","new com.fasterxml.jackson.databind.type.TypeParser(TypeFactory) may expose internal representation by storing an externally mutable object into TypeParser._factory"
"JacksonDatabind/66_buggy","Dodgy code Warning","EI2","new com.fasterxml.jackson.databind.util.ArrayIterator(Object[]) may expose internal representation by storing an externally mutable object into ArrayIterator._a"
"JacksonDatabind/66_buggy","Dodgy code Warning","EI2","new com.fasterxml.jackson.databind.util.StdDateFormat(TimeZone, Locale) may expose internal representation by storing an externally mutable object into StdDateFormat._timezone"
"JacksonDatabind/66_buggy","Dodgy code Warning","EI2","com.fasterxml.jackson.databind.util.StdDateFormat.setTimeZone(TimeZone) may expose internal representation by storing an externally mutable object into StdDateFormat._timezone"
"JacksonDatabind/66_buggy","Dodgy code Warning","EI2","new com.fasterxml.jackson.databind.util.TokenBuffer$Parser(TokenBuffer$Segment, ObjectCodec, boolean, boolean) may expose internal representation by storing an externally mutable object into TokenBuffer$Parser._segment"
"JacksonDatabind/66_buggy","Dodgy code Warning","MS","com.fasterxml.jackson.databind.cfg.DeserializerFactoryConfig.DEFAULT_KEY_DESERIALIZERS should be package protected"
"JacksonDatabind/66_buggy","Dodgy code Warning","MS","com.fasterxml.jackson.databind.deser.impl.CreatorCollector.TYPE_DESCS should be package protected"
"JacksonDatabind/66_buggy","Dodgy code Warning","MS","com.fasterxml.jackson.databind.ser.std.StdArraySerializers._arraySerializers is a mutable collection which should be package protected"
"JacksonDatabind/66_buggy","Dodgy code Warning","MS","Public static com.fasterxml.jackson.databind.type.TypeFactory.defaultInstance() may expose internal representation by returning TypeFactory.instance"
"JacksonDatabind/66_buggy","Dodgy code Warning","MS","Public static com.fasterxml.jackson.databind.util.ISO8601Utils.timeZoneGMT() may expose internal representation by returning ISO8601Utils.TIMEZONE_GMT"
"JacksonDatabind/66_buggy","Dodgy code Warning","MS","Public static com.fasterxml.jackson.databind.util.StdDateFormat.getDefaultTimeZone() may expose internal representation by returning StdDateFormat.DEFAULT_TIMEZONE"
"JacksonDatabind/66_buggy","Dodgy code Warning","MS","com.fasterxml.jackson.databind.util.StdDateFormat.ALL_FORMATS should be package protected"
"JacksonDatabind/66_buggy","Malicious code vulnerability Warning","AT","Sequence of calls to java.util.concurrent.ConcurrentHashMap may not be atomic in com.fasterxml.jackson.databind.ObjectReader._findTreeDeserializer(DeserializationContext)"
"JacksonDatabind/66_buggy","Malicious code vulnerability Warning","AT","Sequence of calls to java.util.concurrent.ConcurrentHashMap may not be atomic in com.fasterxml.jackson.databind.ObjectReader._prefetchRootDeserializer(JavaType)"
"JacksonDatabind/66_buggy","Malicious code vulnerability Warning","DC","Possible double-check on com.fasterxml.jackson.databind.introspect.AnnotatedClass._classAnnotations in com.fasterxml.jackson.databind.introspect.AnnotatedClass._classAnnotations()"
"JacksonDatabind/66_buggy","Malicious code vulnerability Warning","IS","Inconsistent synchronization of com.fasterxml.jackson.databind.introspect.AnnotatedClass._classAnnotations; locked 66% of time"
"JacksonDatabind/66_buggy","Malicious code vulnerability Warning","STCAL","com.fasterxml.jackson.databind.util.StdDateFormat.DATE_FORMAT_ISO8601 is a static field of type java.text.DateFormat, which isn't thread safe"
"JacksonDatabind/66_buggy","Malicious code vulnerability Warning","STCAL","com.fasterxml.jackson.databind.util.StdDateFormat.DATE_FORMAT_ISO8601_Z is a static field of type java.text.DateFormat, which isn't thread safe"
"JacksonDatabind/66_buggy","Malicious code vulnerability Warning","STCAL","com.fasterxml.jackson.databind.util.StdDateFormat.DATE_FORMAT_PLAIN is a static field of type java.text.DateFormat, which isn't thread safe"
"JacksonDatabind/66_buggy","Malicious code vulnerability Warning","STCAL","com.fasterxml.jackson.databind.util.StdDateFormat.DATE_FORMAT_RFC1123 is a static field of type java.text.DateFormat, which isn't thread safe"
"JacksonDatabind/66_buggy","Malicious code vulnerability Warning","STCAL","com.fasterxml.jackson.databind.util.StdDateFormat.instance is a static field of type java.text.DateFormat, which isn't thread safe"
"JacksonDatabind/66_buggy","Multithreaded correctness Warning","Dm","com.fasterxml.jackson.databind.PropertyName.<static initializer for PropertyName>() invokes inefficient new String(String) constructor"
"JacksonDatabind/66_buggy","Performance Warning","DCN","Do not catch NullPointerException like in com.fasterxml.jackson.databind.util.ClassUtil.isLocalType(Class, boolean)"
"JacksonDatabind/66_buggy","Performance Warning","DLS","Dead store to cdDef in com.fasterxml.jackson.databind.deser.DeserializerCache.modifyTypeByAnnotation(DeserializationContext, Annotated, JavaType)"
"JacksonDatabind/66_buggy","Performance Warning","NP","Load of known null value in com.fasterxml.jackson.databind.deser.BasicDeserializerFactory._addDeserializerConstructors(DeserializationContext, BeanDescription, VisibilityChecker, AnnotationIntrospector, CreatorCollector, Map)"
"JacksonDatabind/66_buggy","Performance Warning","NP","Load of known null value in com.fasterxml.jackson.databind.deser.BasicDeserializerFactory._addDeserializerFactoryMethods(DeserializationContext, BeanDescription, VisibilityChecker, AnnotationIntrospector, CreatorCollector, Map)"
"JacksonDatabind/66_buggy","Performance Warning","NP","Load of known null value in com.fasterxml.jackson.databind.deser.impl.BeanPropertyMap.renameAll(NameTransformer)"
"JacksonDatabind/66_buggy","Performance Warning","NP","Load of known null value in com.fasterxml.jackson.databind.deser.std.MapDeserializer._deserializeUsingCreator(JsonParser, DeserializationContext)"
"JacksonDatabind/66_buggy","Performance Warning","NP","Load of known null value in com.fasterxml.jackson.databind.deser.std.StringCollectionDeserializer.createContextual(DeserializationContext, BeanProperty)"
"JacksonDatabind/66_buggy","Performance Warning","RCN","Redundant nullcheck of valueInstantiator, which is known to be non-null in com.fasterxml.jackson.databind.deser.BasicDeserializerFactory.createEnumDeserializer(DeserializationContext, JavaType, BeanDescription)"
"JacksonDatabind/66_buggy","Performance Warning","RCN","Redundant nullcheck of n, which is known to be non-null in com.fasterxml.jackson.databind.node.TreeTraversingParser.getNumberType()"
"JacksonDatabind/66_buggy","Performance Warning","RCN","Redundant nullcheck of vars, which is known to be non-null in com.fasterxml.jackson.databind.type.TypeBindings.createIfNeeded(Class, JavaType)"
"JacksonDatabind/66_buggy","Performance Warning","REC","Exception is caught when Exception is not thrown in com.fasterxml.jackson.databind.introspect.AnnotatedClass.resolveMemberMethods()"
"JacksonDatabind/66_buggy","Performance Warning","REC","Exception is caught when Exception is not thrown in com.fasterxml.jackson.databind.introspect.AnnotatedConstructor.readResolve()"
"JacksonDatabind/66_buggy","Performance Warning","REC","Exception is caught when Exception is not thrown in com.fasterxml.jackson.databind.introspect.AnnotatedField.readResolve()"
"JacksonDatabind/66_buggy","Performance Warning","REC","Exception is caught when Exception is not thrown in com.fasterxml.jackson.databind.introspect.AnnotatedMethod.readResolve()"
"JacksonDatabind/66_buggy","Performance Warning","SF","Switch statement found in com.fasterxml.jackson.databind.MappingIterator.hasNextValue() where one case falls through to the next case"
"JacksonDatabind/66_buggy","Performance Warning","SF","Switch statement found in com.fasterxml.jackson.databind.util.StdDateFormat.parseAsISO8601(String, ParsePosition, boolean) where one case falls through to the next case"
"JacksonDatabind/66_buggy","Performance Warning","SF","Switch statement found in com.fasterxml.jackson.databind.util.StdDateFormat.parseAsISO8601(String, ParsePosition, boolean) where default case is missing"
