"Bug Id","Warning Type","Code","Warning"
"Closure/137_buggy","Bad practice Warning","CN","com.google.javascript.jscomp.FunctionInformationMap$Builder defines clone() but doesn't implement Cloneable"
"Closure/137_buggy","Bad practice Warning","CN","com.google.javascript.jscomp.FunctionInformationMap$Entry$Builder defines clone() but doesn't implement Cloneable"
"Closure/137_buggy","Bad practice Warning","CN","com.google.javascript.jscomp.FunctionInformationMap$Module$Builder defines clone() but doesn't implement Cloneable"
"Closure/137_buggy","Bad practice Warning","CN","com.google.javascript.jscomp.Instrumentation$Builder defines clone() but doesn't implement Cloneable"
"Closure/137_buggy","Bad practice Warning","DMI","Random object created and used only once in com.google.javascript.jscomp.PhaseOptimizer$LoopInternal.randomizePasses()"
"Closure/137_buggy","Bad practice Warning","Dm","com.google.javascript.jscomp.AbstractCommandLineRunner.run() invokes System.exit(...), which shuts down the entire virtual machine"
"Closure/137_buggy","Bad practice Warning","ES","Comparison of String objects using == or != in com.google.javascript.jscomp.VariableReferenceCheck$ReferenceCheckingBehavior.checkVar(NodeTraversal, Scope$Var, List)"
"Closure/137_buggy","Bad practice Warning","Eq","com.google.javascript.jscomp.DiagnosticType defines compareTo(DiagnosticType) and uses Object.equals()"
"Closure/137_buggy","Bad practice Warning","Eq","com.google.javascript.jscomp.NameAnalyzer$JsName defines compareTo(NameAnalyzer$JsName) and uses Object.equals()"
"Closure/137_buggy","Bad practice Warning","HE","com.google.javascript.jscomp.LinkedFlowScope defines equals and uses Object.hashCode()"
"Closure/137_buggy","Bad practice Warning","HE","com.google.javascript.jscomp.MustBeReachingVariableDef$Definition defines equals and uses Object.hashCode()"
"Closure/137_buggy","Bad practice Warning","HE","com.google.javascript.jscomp.MustBeReachingVariableDef$MustDef defines equals and uses Object.hashCode()"
"Closure/137_buggy","Bad practice Warning","HE","com.google.javascript.rhino.jstype.RecordType defines equals but not hashCode"
"Closure/137_buggy","Bad practice Warning","NP","com.google.javascript.jscomp.LiveVariablesAnalysis$LiveVariableLattice.equals(Object) does not check for null argument"
"Closure/137_buggy","Bad practice Warning","RV","Exceptional return value of java.io.File.mkdirs() ignored in com.google.javascript.jscomp.AbstractCommandLineRunner.maybeCreateDirsForPath(String)"
"Closure/137_buggy","Bad practice Warning","Se","com.google.javascript.jscomp.BasicErrorManager$LeveledJSErrorComparator implements Comparator but not Serializable"
"Closure/137_buggy","Bad practice Warning","Se","Class com.google.javascript.jscomp.Compiler$IntermediateState defines non-transient non-serializable instance field modules"
"Closure/137_buggy","Bad practice Warning","Se","Class com.google.javascript.jscomp.CompilerInput defines non-transient non-serializable instance field module"
"Closure/137_buggy","Bad practice Warning","Se","Class com.google.javascript.jscomp.CompilerOptions defines non-transient non-serializable instance field codingConvention"
"Closure/137_buggy","Bad practice Warning","Se","Class com.google.javascript.jscomp.CompilerOptions defines non-transient non-serializable instance field cssRenamingMap"
"Closure/137_buggy","Bad practice Warning","Se","Class com.google.javascript.jscomp.CompilerOptions defines non-transient non-serializable instance field outputCharset"
"Closure/137_buggy","Bad practice Warning","Se","Class com.google.javascript.jscomp.PassConfig$State defines non-transient non-serializable instance field anonymousFunctionNameMap"
"Closure/137_buggy","Bad practice Warning","Se","Class com.google.javascript.jscomp.PassConfig$State defines non-transient non-serializable instance field propertyMap"
"Closure/137_buggy","Bad practice Warning","Se","Class com.google.javascript.jscomp.PassConfig$State defines non-transient non-serializable instance field variableMap"
"Closure/137_buggy","Bad practice Warning","Se","Class com.google.javascript.jscomp.graph.StandardUnionFind defines non-transient non-serializable instance field elmap"
"Closure/137_buggy","Bad practice Warning","Se","Class com.google.javascript.rhino.JSDocInfo defines non-transient non-serializable instance field documentation"
"Closure/137_buggy","Bad practice Warning","Se","The field com.google.javascript.rhino.jstype.JSTypeRegistry.reporter is transient but isn't set by deserialization"
"Closure/137_buggy","Bad practice Warning","Se","com.google.javascript.rhino.jstype.NoObjectType$GreatestSupertypeVisitor is serializable and an inner class"
"Closure/137_buggy","Bad practice Warning","Se","com.google.javascript.rhino.jstype.NoObjectType$LeastSupertypeVisitor is serializable and an inner class"
"Closure/137_buggy","Correctness Warning","IP","The parameter token to com.google.javascript.jscomp.parsing.JsDocInfoParser.parseResultType(JsDocToken) is dead upon entry but overwritten"
"Closure/137_buggy","Correctness Warning","NP","Null pointer dereference of FunctionTypeBuilder.baseType in com.google.javascript.jscomp.FunctionTypeBuilder.inferInheritance(JSDocInfo)"
"Closure/137_buggy","Correctness Warning","NP","Possible null pointer dereference of addingRoot in com.google.javascript.jscomp.InstrumentFunctions$InstrumentCallback.visit(NodeTraversal, Node, Node)"
"Closure/137_buggy","Correctness Warning","NP","Possible null pointer dereference of addingRoot in com.google.javascript.jscomp.NodeUtil.getAddingRoot(Node)"
"Closure/137_buggy","Correctness Warning","NP","Possible null pointer dereference of TightenTypes$NativeCallFunctionCall.firstArgument in com.google.javascript.jscomp.TightenTypes$NativeCallFunctionCall.getAssignments(TightenTypes$ConcreteScope)"
"Closure/137_buggy","Correctness Warning","RCN","Nullcheck of root at line 62 of value previously dereferenced in com.google.javascript.jscomp.PrepareAst.process(Node, Node)"
"Closure/137_buggy","Correctness Warning","RCN","Nullcheck of enclosingQname at line 371 of value previously dereferenced in com.google.javascript.jscomp.ProcessClosurePrimitives.processBaseClassCall(NodeTraversal, Node)"
"Closure/137_buggy","Correctness Warning","RCN","Nullcheck of that at line 393 of value previously dereferenced in com.google.javascript.rhino.jstype.PrototypeObjectType.isSubtype(JSType)"
"Closure/137_buggy","Correctness Warning","UwF","Unwritten field: com.google.javascript.rhino.RhinoException.interpreterStackInfo"
"Closure/137_buggy","Dodgy code Warning","OBL","com.google.javascript.jscomp.DefaultPassConfig$77$1.process(Node, Node) may fail to clean up java.io.Reader"
"Closure/137_buggy","Experimental Warning","Dm","Found reliance on default encoding in com.google.javascript.jscomp.AbstractCommandLineRunner.openExternExportsStream(CompilerOptions, String): new java.io.PrintStream(OutputStream)"
"Closure/137_buggy","Experimental Warning","Dm","Found reliance on default encoding in com.google.javascript.jscomp.AbstractCommandLineRunner.openSourceMapStream(CompilerOptions, String): new java.io.PrintStream(OutputStream)"
"Closure/137_buggy","Experimental Warning","Dm","Found reliance on default encoding in com.google.javascript.jscomp.AbstractCommandLineRunner.processResults(Result, JSModule[], CompilerOptions): new java.io.PrintStream(OutputStream)"
"Closure/137_buggy","Experimental Warning","Dm","Found reliance on default encoding in com.google.javascript.jscomp.AliasStrings$StringInfo.encodeStringAsIdentifier(String, String): String.getBytes()"
"Closure/137_buggy","Experimental Warning","Dm","Found reliance on default encoding in com.google.javascript.jscomp.DefaultPassConfig$77$1.process(Node, Node): new java.io.FileReader(String)"
"Closure/137_buggy","Experimental Warning","Dm","Found reliance on default encoding in com.google.javascript.jscomp.PerformanceTracker$CodeSizeEstimatePrinter.append(String): String.getBytes()"
"Closure/137_buggy","Experimental Warning","Dm","Found reliance on default encoding in com.google.javascript.jscomp.ant.CompileTask.writeResult(String): new java.io.FileWriter(File)"
"Closure/137_buggy","Internationalization Warning","EI","com.google.javascript.jscomp.AnonymousFunctionNamingPolicy.getReservedCharacters() may expose internal representation by returning AnonymousFunctionNamingPolicy.reservedCharacters"
"Closure/137_buggy","Internationalization Warning","EI","com.google.javascript.jscomp.Compiler.getErrorManager() may expose internal representation by returning Compiler.errorManager"
"Closure/137_buggy","Internationalization Warning","EI","com.google.javascript.jscomp.Compiler.getRoot() may expose internal representation by returning Compiler.externAndJsRoot"
"Closure/137_buggy","Internationalization Warning","EI","com.google.javascript.jscomp.Compiler.getSourceMap() may expose internal representation by returning Compiler.sourceMap_"
"Closure/137_buggy","Internationalization Warning","EI","com.google.javascript.jscomp.Compiler.getTypeRegistry() may expose internal representation by returning Compiler.typeRegistry"
"Closure/137_buggy","Internationalization Warning","EI","com.google.javascript.jscomp.CompilerInput.getModule() may expose internal representation by returning CompilerInput.module"
"Closure/137_buggy","Internationalization Warning","EI","com.google.javascript.jscomp.CompilerInput.getProvides(AbstractCompiler) may expose internal representation by returning CompilerInput.provides"
"Closure/137_buggy","Internationalization Warning","EI","com.google.javascript.jscomp.CompilerInput.getRequires(AbstractCompiler) may expose internal representation by returning CompilerInput.requires"
"Closure/137_buggy","Internationalization Warning","EI","com.google.javascript.jscomp.CompilerInput.getSourceAst() may expose internal representation by returning CompilerInput.ast"
"Closure/137_buggy","Internationalization Warning","EI","com.google.javascript.jscomp.FindExportableNodes.getExports() may expose internal representation by returning FindExportableNodes.exports"
"Closure/137_buggy","Internationalization Warning","EI","com.google.javascript.jscomp.FindExportableNodes$GenerateNodeContext.getContextNode() may expose internal representation by returning FindExportableNodes$GenerateNodeContext.contextNode"
"Closure/137_buggy","Internationalization Warning","EI","com.google.javascript.jscomp.FindExportableNodes$GenerateNodeContext.getNode() may expose internal representation by returning FindExportableNodes$GenerateNodeContext.node"
"Closure/137_buggy","Internationalization Warning","EI","com.google.javascript.jscomp.FindExportableNodes$GenerateNodeContext.getScriptNode() may expose internal representation by returning FindExportableNodes$GenerateNodeContext.scriptNode"
"Closure/137_buggy","Internationalization Warning","EI","com.google.javascript.jscomp.FunctionInformationMap.getDefaultInstanceForType() may expose internal representation by returning FunctionInformationMap.defaultInstance"
"Closure/137_buggy","Internationalization Warning","EI","com.google.javascript.jscomp.FunctionInformationMap.getEntryList() may expose internal representation by returning FunctionInformationMap.entry_"
"Closure/137_buggy","Internationalization Warning","EI","com.google.javascript.jscomp.FunctionInformationMap.getModuleList() may expose internal representation by returning FunctionInformationMap.module_"
"Closure/137_buggy","Internationalization Warning","EI","com.google.javascript.jscomp.FunctionInformationMap$Entry.getDefaultInstanceForType() may expose internal representation by returning FunctionInformationMap$Entry.defaultInstance"
"Closure/137_buggy","Internationalization Warning","EI","com.google.javascript.jscomp.FunctionInformationMap$Module.getDefaultInstanceForType() may expose internal representation by returning FunctionInformationMap$Module.defaultInstance"
"Closure/137_buggy","Internationalization Warning","EI","com.google.javascript.jscomp.Instrumentation.getDeclarationToRemoveList() may expose internal representation by returning Instrumentation.declarationToRemove_"
"Closure/137_buggy","Internationalization Warning","EI","com.google.javascript.jscomp.Instrumentation.getDefaultInstanceForType() may expose internal representation by returning Instrumentation.defaultInstance"
"Closure/137_buggy","Internationalization Warning","EI","com.google.javascript.jscomp.Instrumentation.getInitList() may expose internal representation by returning Instrumentation.init_"
"Closure/137_buggy","Internationalization Warning","EI","com.google.javascript.jscomp.JSModule.getDependencies() may expose internal representation by returning JSModule.deps"
"Closure/137_buggy","Internationalization Warning","EI","com.google.javascript.jscomp.JSModule.getInputs() may expose internal representation by returning JSModule.inputs"
"Closure/137_buggy","Internationalization Warning","EI","com.google.javascript.jscomp.JSModuleGraph$ModuleDependenceException.getDependentModule() may expose internal representation by returning JSModuleGraph$ModuleDependenceException.dependentModule"
"Closure/137_buggy","Internationalization Warning","EI","com.google.javascript.jscomp.JSModuleGraph$ModuleDependenceException.getModule() may expose internal representation by returning JSModuleGraph$ModuleDependenceException.module"
"Closure/137_buggy","Internationalization Warning","EI","com.google.javascript.jscomp.JsAst.getAstRoot(AbstractCompiler) may expose internal representation by returning JsAst.root"
"Closure/137_buggy","Internationalization Warning","EI","com.google.javascript.jscomp.JsAst.getSourceFile() may expose internal representation by returning JsAst.sourceFile"
"Closure/137_buggy","Internationalization Warning","EI","com.google.javascript.jscomp.NodeTraversal.getCompiler() may expose internal representation by returning NodeTraversal.compiler"
"Closure/137_buggy","Internationalization Warning","EI","com.google.javascript.jscomp.NodeTraversal.getCurrentNode() may expose internal representation by returning NodeTraversal.curNode"
"Closure/137_buggy","Internationalization Warning","EI","com.google.javascript.jscomp.Scope.getRootNode() may expose internal representation by returning Scope.rootNode"
"Closure/137_buggy","Internationalization Warning","EI","com.google.javascript.jscomp.Scope.getTypeOfThis() may expose internal representation by returning Scope.thisType"
"Closure/137_buggy","Internationalization Warning","EI","com.google.javascript.jscomp.Scope$Var.getJSDocInfo() may expose internal representation by returning Scope$Var.info"
"Closure/137_buggy","Internationalization Warning","EI","com.google.javascript.jscomp.Scope$Var.getNameNode() may expose internal representation by returning Scope$Var.nameNode"
"Closure/137_buggy","Internationalization Warning","EI","com.google.javascript.jscomp.Scope$Var.getType() may expose internal representation by returning Scope$Var.type"
"Closure/137_buggy","Internationalization Warning","EI","com.google.javascript.jscomp.graph.GraphColoring.getGraph() may expose internal representation by returning GraphColoring.graph"
"Closure/137_buggy","Internationalization Warning","EI","com.google.javascript.rhino.Node.getFirstChild() may expose internal representation by returning Node.first"
"Closure/137_buggy","Internationalization Warning","EI","com.google.javascript.rhino.Node.getJSType() may expose internal representation by returning Node.jsType"
"Closure/137_buggy","Internationalization Warning","EI","com.google.javascript.rhino.Node.getLastChild() may expose internal representation by returning Node.last"
"Closure/137_buggy","Internationalization Warning","EI","com.google.javascript.rhino.Node.getNext() may expose internal representation by returning Node.next"
"Closure/137_buggy","Internationalization Warning","EI","com.google.javascript.rhino.Node.getParent() may expose internal representation by returning Node.parent"
"Closure/137_buggy","Internationalization Warning","EI","com.google.javascript.rhino.Node.removeFirstChild() may expose internal representation by returning Node.first"
"Closure/137_buggy","Internationalization Warning","EI","com.google.javascript.rhino.Parser.getTypeRegistry() may expose internal representation by returning Parser.typeRegistry"
"Closure/137_buggy","Internationalization Warning","EI","com.google.javascript.rhino.Parser.initForUnitTest(Reader, String, int, boolean) may expose internal representation by returning Parser.ts"
"Closure/137_buggy","Internationalization Warning","EI","com.google.javascript.rhino.SimpleErrorReporter.errors() may expose internal representation by returning SimpleErrorReporter.errors"
"Closure/137_buggy","Internationalization Warning","EI","com.google.javascript.rhino.SimpleErrorReporter.warnings() may expose internal representation by returning SimpleErrorReporter.warnings"
"Closure/137_buggy","Internationalization Warning","EI","com.google.javascript.rhino.jstype.EnumElementType.getPrimitiveType() may expose internal representation by returning EnumElementType.primitiveType"
"Closure/137_buggy","Internationalization Warning","EI","com.google.javascript.rhino.jstype.EnumType.getElementsType() may expose internal representation by returning EnumType.elementsType"
"Closure/137_buggy","Internationalization Warning","EI","com.google.javascript.rhino.jstype.FunctionParamBuilder.build() may expose internal representation by returning FunctionParamBuilder.root"
"Closure/137_buggy","Internationalization Warning","EI","com.google.javascript.rhino.jstype.FunctionPrototypeType.getOwnerFunction() may expose internal representation by returning FunctionPrototypeType.ownerFunction"
"Closure/137_buggy","Internationalization Warning","EI","com.google.javascript.rhino.jstype.FunctionType.getInstanceType() may expose internal representation by returning FunctionType.typeOfThis"
"Closure/137_buggy","Internationalization Warning","EI","com.google.javascript.rhino.jstype.FunctionType.getPrototype() may expose internal representation by returning FunctionType.prototype"
"Closure/137_buggy","Internationalization Warning","EI","com.google.javascript.rhino.jstype.FunctionType.getSource() may expose internal representation by returning FunctionType.source"
"Closure/137_buggy","Internationalization Warning","EI","com.google.javascript.rhino.jstype.FunctionType.getSubTypes() may expose internal representation by returning FunctionType.subTypes"
"Closure/137_buggy","Internationalization Warning","EI","com.google.javascript.rhino.jstype.InstanceObjectType.getConstructor() may expose internal representation by returning InstanceObjectType.constructor"
"Closure/137_buggy","Internationalization Warning","EI","com.google.javascript.rhino.jstype.JSType.resolve(ErrorReporter, StaticScope) may expose internal representation by returning JSType.resolveResult"
"Closure/137_buggy","Internationalization Warning","EI","com.google.javascript.rhino.jstype.JSTypeRegistry.getType(String) may expose internal representation by returning JSTypeRegistry.templateType"
"Closure/137_buggy","Internationalization Warning","EI","com.google.javascript.rhino.jstype.NamedType.getReferencedType() may expose internal representation by returning ProxyObjectType.referencedType"
"Closure/137_buggy","Internationalization Warning","EI","com.google.javascript.rhino.jstype.ObjectType.getJSDocInfo() may expose internal representation by returning ObjectType.docInfo"
"Closure/137_buggy","Internationalization Warning","EI","com.google.javascript.rhino.jstype.SimpleSlot.getType() may expose internal representation by returning SimpleSlot.type"
"Closure/137_buggy","Internationalization Warning","EI","com.google.javascript.rhino.jstype.UnionType.getAlternates() may expose internal representation by returning UnionType.alternates"
"Closure/137_buggy","Internationalization Warning","EI2","com.google.javascript.jscomp.Compiler.init(JSSourceFile[], JSModule[], CompilerOptions) may expose internal representation by storing an externally mutable object into Compiler.modules_"
"Closure/137_buggy","Internationalization Warning","EI2","com.google.javascript.jscomp.Compiler.init(JSSourceFile[], JSModule[], CompilerOptions) may expose internal representation by storing an externally mutable object into Compiler.options_"
"Closure/137_buggy","Internationalization Warning","EI2","com.google.javascript.jscomp.Compiler.init(JSSourceFile[], JSSourceFile[], CompilerOptions) may expose internal representation by storing an externally mutable object into Compiler.options_"
"Closure/137_buggy","Internationalization Warning","EI2","com.google.javascript.jscomp.Compiler.setErrorManager(ErrorManager) may expose internal representation by storing an externally mutable object into Compiler.errorManager"
"Closure/137_buggy","Internationalization Warning","EI2","com.google.javascript.jscomp.Compiler.setPassConfig(PassConfig) may expose internal representation by storing an externally mutable object into Compiler.passes"
"Closure/137_buggy","Internationalization Warning","EI2","new com.google.javascript.jscomp.CompilerInput(SourceAst, String, boolean) may expose internal representation by storing an externally mutable object into CompilerInput.ast"
"Closure/137_buggy","Internationalization Warning","EI2","com.google.javascript.jscomp.CompilerInput.setModule(JSModule) may expose internal representation by storing an externally mutable object into CompilerInput.module"
"Closure/137_buggy","Internationalization Warning","EI2","new com.google.javascript.jscomp.FindExportableNodes(AbstractCompiler) may expose internal representation by storing an externally mutable object into FindExportableNodes.compiler"
"Closure/137_buggy","Internationalization Warning","EI2","new com.google.javascript.jscomp.FindExportableNodes$GenerateNodeContext(Node, Node, Node) may expose internal representation by storing an externally mutable object into FindExportableNodes$GenerateNodeContext.contextNode"
"Closure/137_buggy","Internationalization Warning","EI2","new com.google.javascript.jscomp.FindExportableNodes$GenerateNodeContext(Node, Node, Node) may expose internal representation by storing an externally mutable object into FindExportableNodes$GenerateNodeContext.node"
"Closure/137_buggy","Internationalization Warning","EI2","new com.google.javascript.jscomp.FindExportableNodes$GenerateNodeContext(Node, Node, Node) may expose internal representation by storing an externally mutable object into FindExportableNodes$GenerateNodeContext.scriptNode"
"Closure/137_buggy","Internationalization Warning","EI2","new com.google.javascript.jscomp.JsAst(SourceFile) may expose internal representation by storing an externally mutable object into JsAst.sourceFile"
"Closure/137_buggy","Internationalization Warning","EI2","com.google.javascript.jscomp.JsAst.setSourceFile(SourceFile) may expose internal representation by storing an externally mutable object into JsAst.sourceFile"
"Closure/137_buggy","Internationalization Warning","EI2","new com.google.javascript.jscomp.LoggerErrorManager(MessageFormatter, Logger) may expose internal representation by storing an externally mutable object into LoggerErrorManager.logger"
"Closure/137_buggy","Internationalization Warning","EI2","new com.google.javascript.jscomp.NodeTraversal(AbstractCompiler, NodeTraversal$Callback, ScopeCreator) may expose internal representation by storing an externally mutable object into NodeTraversal.compiler"
"Closure/137_buggy","Internationalization Warning","EI2","com.google.javascript.jscomp.NodeTraversal.traverse(Node) may expose internal representation by storing an externally mutable object into NodeTraversal.curNode"
"Closure/137_buggy","Internationalization Warning","EI2","new com.google.javascript.jscomp.NodeTraversal$AbstractNodeTypePruningCallback(Set, boolean) may expose internal representation by storing an externally mutable object into NodeTraversal$AbstractNodeTypePruningCallback.nodeTypes"
"Closure/137_buggy","Internationalization Warning","EI2","new com.google.javascript.jscomp.Normalize$PropogateConstantAnnotations(AbstractCompiler, boolean) may expose internal representation by storing an externally mutable object into Normalize$PropogateConstantAnnotations.compiler"
"Closure/137_buggy","Internationalization Warning","EI2","new com.google.javascript.jscomp.PassConfig(CompilerOptions) may expose internal representation by storing an externally mutable object into PassConfig.options"
"Closure/137_buggy","Internationalization Warning","EI2","new com.google.javascript.jscomp.PrintStreamErrorManager(MessageFormatter, PrintStream) may expose internal representation by storing an externally mutable object into PrintStreamErrorManager.stream"
"Closure/137_buggy","Internationalization Warning","EI2","new com.google.javascript.jscomp.ShowByPathWarningsGuard(String[], ShowByPathWarningsGuard$ShowType) may expose internal representation by storing an externally mutable object into ShowByPathWarningsGuard.paths"
"Closure/137_buggy","Internationalization Warning","EI2","new com.google.javascript.jscomp.TypeCheck(AbstractCompiler, ReverseAbstractInterpreter, JSTypeRegistry, Scope, ScopeCreator, CheckLevel, CheckLevel) may expose internal representation by storing an externally mutable object into TypeCheck.compiler"
"Closure/137_buggy","Internationalization Warning","EI2","new com.google.javascript.jscomp.TypeCheck(AbstractCompiler, ReverseAbstractInterpreter, JSTypeRegistry, Scope, ScopeCreator, CheckLevel, CheckLevel) may expose internal representation by storing an externally mutable object into TypeCheck.typeRegistry"
"Closure/137_buggy","Internationalization Warning","EI2","new com.google.javascript.jscomp.graph.GraphColoring(AdjacencyGraph) may expose internal representation by storing an externally mutable object into GraphColoring.graph"
"Closure/137_buggy","Internationalization Warning","EI2","new com.google.javascript.jscomp.graph.GraphReachability(DiGraph) may expose internal representation by storing an externally mutable object into GraphReachability.graph"
"Closure/137_buggy","Internationalization Warning","EI2","new com.google.javascript.jscomp.testing.TestErrorReporter(String[], String[]) may expose internal representation by storing an externally mutable object into TestErrorReporter.errors"
"Closure/137_buggy","Internationalization Warning","EI2","new com.google.javascript.jscomp.testing.TestErrorReporter(String[], String[]) may expose internal representation by storing an externally mutable object into TestErrorReporter.warnings"
"Closure/137_buggy","Internationalization Warning","EI2","new com.google.javascript.rhino.JSTypeExpression(Node, String, JSTypeRegistry) may expose internal representation by storing an externally mutable object into JSTypeExpression.registry"
"Closure/137_buggy","Internationalization Warning","EI2","new com.google.javascript.rhino.JSTypeExpression(Node, String, JSTypeRegistry) may expose internal representation by storing an externally mutable object into JSTypeExpression.root"
"Closure/137_buggy","Internationalization Warning","EI2","new com.google.javascript.rhino.Node(int, Node) may expose internal representation by storing an externally mutable object into Node.first"
"Closure/137_buggy","Internationalization Warning","EI2","new com.google.javascript.rhino.Node(int, Node) may expose internal representation by storing an externally mutable object into Node.last"
"Closure/137_buggy","Internationalization Warning","EI2","new com.google.javascript.rhino.Node(int, Node, Node) may expose internal representation by storing an externally mutable object into Node.first"
"Closure/137_buggy","Internationalization Warning","EI2","new com.google.javascript.rhino.Node(int, Node, Node) may expose internal representation by storing an externally mutable object into Node.last"
"Closure/137_buggy","Internationalization Warning","EI2","new com.google.javascript.rhino.Node(int, Node, Node, Node) may expose internal representation by storing an externally mutable object into Node.first"
"Closure/137_buggy","Internationalization Warning","EI2","new com.google.javascript.rhino.Node(int, Node, Node, Node) may expose internal representation by storing an externally mutable object into Node.last"
"Closure/137_buggy","Internationalization Warning","EI2","new com.google.javascript.rhino.Node(int, Node, Node, Node, Node) may expose internal representation by storing an externally mutable object into Node.first"
"Closure/137_buggy","Internationalization Warning","EI2","new com.google.javascript.rhino.Node(int, Node, Node, Node, Node) may expose internal representation by storing an externally mutable object into Node.last"
"Closure/137_buggy","Internationalization Warning","EI2","com.google.javascript.rhino.Node.addChildAfter(Node, Node) may expose internal representation by storing an externally mutable object into Node.last"
"Closure/137_buggy","Internationalization Warning","EI2","com.google.javascript.rhino.Node.addChildBefore(Node, Node) may expose internal representation by storing an externally mutable object into Node.first"
"Closure/137_buggy","Internationalization Warning","EI2","com.google.javascript.rhino.Node.addChildToBack(Node) may expose internal representation by storing an externally mutable object into Node.first"
"Closure/137_buggy","Internationalization Warning","EI2","com.google.javascript.rhino.Node.addChildToBack(Node) may expose internal representation by storing an externally mutable object into Node.last"
"Closure/137_buggy","Internationalization Warning","EI2","com.google.javascript.rhino.Node.addChildToFront(Node) may expose internal representation by storing an externally mutable object into Node.first"
"Closure/137_buggy","Internationalization Warning","EI2","com.google.javascript.rhino.Node.addChildToFront(Node) may expose internal representation by storing an externally mutable object into Node.last"
"Closure/137_buggy","Internationalization Warning","EI2","com.google.javascript.rhino.Node.addChildrenToBack(Node) may expose internal representation by storing an externally mutable object into Node.first"
"Closure/137_buggy","Internationalization Warning","EI2","com.google.javascript.rhino.Node.addChildrenToFront(Node) may expose internal representation by storing an externally mutable object into Node.first"
"Closure/137_buggy","Internationalization Warning","EI2","com.google.javascript.rhino.Node.removeChildAfter(Node) may expose internal representation by storing an externally mutable object into Node.last"
"Closure/137_buggy","Internationalization Warning","EI2","com.google.javascript.rhino.Node.replaceChild(Node, Node) may expose internal representation by storing an externally mutable object into Node.first"
"Closure/137_buggy","Internationalization Warning","EI2","com.google.javascript.rhino.Node.replaceChild(Node, Node) may expose internal representation by storing an externally mutable object into Node.last"
"Closure/137_buggy","Internationalization Warning","EI2","com.google.javascript.rhino.Node.replaceChildAfter(Node, Node) may expose internal representation by storing an externally mutable object into Node.last"
"Closure/137_buggy","Internationalization Warning","EI2","com.google.javascript.rhino.Node.setJSType(JSType) may expose internal representation by storing an externally mutable object into Node.jsType"
"Closure/137_buggy","Internationalization Warning","EI2","new com.google.javascript.rhino.Node$FileLevelJsDocBuilder(Node) may expose internal representation by storing an externally mutable object into Node$FileLevelJsDocBuilder.this$0"
"Closure/137_buggy","Internationalization Warning","EI2","new com.google.javascript.rhino.Parser(CompilerEnvirons, ErrorReporter, JSTypeRegistry) may expose internal representation by storing an externally mutable object into Parser.compilerEnv"
"Closure/137_buggy","Internationalization Warning","EI2","new com.google.javascript.rhino.Parser(CompilerEnvirons, ErrorReporter, JSTypeRegistry) may expose internal representation by storing an externally mutable object into Parser.typeRegistry"
"Closure/137_buggy","Internationalization Warning","EI2","new com.google.javascript.rhino.TokenStream(Parser, Reader, String, int) may expose internal representation by storing an externally mutable object into TokenStream.parser"
"Closure/137_buggy","Internationalization Warning","EI2","new com.google.javascript.rhino.jstype.FunctionParamBuilder(JSTypeRegistry) may expose internal representation by storing an externally mutable object into FunctionParamBuilder.registry"
"Closure/137_buggy","Internationalization Warning","EI2","com.google.javascript.rhino.jstype.FunctionType.setPrototype(FunctionPrototypeType) may expose internal representation by storing an externally mutable object into FunctionType.prototype"
"Closure/137_buggy","Internationalization Warning","EI2","com.google.javascript.rhino.jstype.FunctionType.setSource(Node) may expose internal representation by storing an externally mutable object into FunctionType.source"
"Closure/137_buggy","Internationalization Warning","EI2","com.google.javascript.rhino.jstype.ObjectType.setJSDocInfo(JSDocInfo) may expose internal representation by storing an externally mutable object into ObjectType.docInfo"
"Closure/137_buggy","Internationalization Warning","EI2","new com.google.javascript.rhino.jstype.RecordTypeBuilder(JSTypeRegistry) may expose internal representation by storing an externally mutable object into RecordTypeBuilder.registry"
"Closure/137_buggy","Internationalization Warning","EI2","new com.google.javascript.rhino.jstype.SimpleSlot(String, JSType, boolean) may expose internal representation by storing an externally mutable object into SimpleSlot.type"
"Closure/137_buggy","Internationalization Warning","EI2","new com.google.javascript.rhino.testing.TestErrorReporter(String[], String[]) may expose internal representation by storing an externally mutable object into TestErrorReporter.errors"
"Closure/137_buggy","Internationalization Warning","EI2","new com.google.javascript.rhino.testing.TestErrorReporter(String[], String[]) may expose internal representation by storing an externally mutable object into TestErrorReporter.warnings"
"Closure/137_buggy","Internationalization Warning","EI2","com.google.javascript.rhino.testing.TestErrorReporter.setErrors(String[]) may expose internal representation by storing an externally mutable object into TestErrorReporter.errors"
"Closure/137_buggy","Internationalization Warning","EI2","com.google.javascript.rhino.testing.TestErrorReporter.setWarnings(String[]) may expose internal representation by storing an externally mutable object into TestErrorReporter.warnings"
"Closure/137_buggy","Internationalization Warning","MS","com.google.javascript.jscomp.DiagnosticGroups.ACCESS_CONTROLS isn't final but should be"
"Closure/137_buggy","Internationalization Warning","MS","com.google.javascript.jscomp.DiagnosticGroups.CHECK_TYPES isn't final but should be"
"Closure/137_buggy","Internationalization Warning","MS","com.google.javascript.jscomp.DiagnosticGroups.CHECK_VARIABLES isn't final but should be"
"Closure/137_buggy","Internationalization Warning","MS","com.google.javascript.jscomp.DiagnosticGroups.DEPRECATED isn't final but should be"
"Closure/137_buggy","Internationalization Warning","MS","com.google.javascript.jscomp.DiagnosticGroups.NON_STANDARD_JSDOC isn't final but should be"
"Closure/137_buggy","Internationalization Warning","MS","com.google.javascript.jscomp.DiagnosticGroups.VISIBILITY isn't final but should be"
"Closure/137_buggy","Internationalization Warning","MS","Public static com.google.javascript.jscomp.FunctionInformationMap.getDefaultInstance() may expose internal representation by returning FunctionInformationMap.defaultInstance"
"Closure/137_buggy","Internationalization Warning","MS","Public static com.google.javascript.jscomp.FunctionInformationMap$Entry.getDefaultInstance() may expose internal representation by returning FunctionInformationMap$Entry.defaultInstance"
"Closure/137_buggy","Internationalization Warning","MS","Public static com.google.javascript.jscomp.FunctionInformationMap$Module.getDefaultInstance() may expose internal representation by returning FunctionInformationMap$Module.defaultInstance"
"Closure/137_buggy","Internationalization Warning","MS","Public static com.google.javascript.jscomp.Instrumentation.getDefaultInstance() may expose internal representation by returning Instrumentation.defaultInstance"
"Closure/137_buggy","Malicious code vulnerability Warning","IS","Inconsistent synchronization of com.google.javascript.jscomp.ParallelCompilerPass.worklist; locked 66% of time"
"Closure/137_buggy","Malicious code vulnerability Warning","IS","Inconsistent synchronization of com.google.javascript.jscomp.SymbolTable.locked; locked 66% of time"
"Closure/137_buggy","Multithreaded correctness Warning","Bx","com.google.javascript.jscomp.CompilerOptions.setDefineToNumberLiteral(String, int) invokes inefficient new Integer(int) constructor; use Integer.valueOf(int) instead"
"Closure/137_buggy","Multithreaded correctness Warning","Bx","com.google.javascript.rhino.Context.setLanguageVersion(int) invokes inefficient new Integer(int) constructor; use Integer.valueOf(int) instead"
"Closure/137_buggy","Multithreaded correctness Warning","Bx","Boxing/unboxing to parse a primitive com.google.javascript.rhino.ScriptRuntime.stringToNumber(String, int, int)"
"Closure/137_buggy","Multithreaded correctness Warning","Bx","Boxing/unboxing to parse a primitive com.google.javascript.rhino.TokenStream.getToken()"
"Closure/137_buggy","Multithreaded correctness Warning","Dm","com.google.javascript.jscomp.CompilerOptions.setDefineToBooleanLiteral(String, boolean) invokes inefficient Boolean constructor; use Boolean.valueOf(...) instead"
"Closure/137_buggy","Multithreaded correctness Warning","SBSC","com.google.javascript.jscomp.CoalesceVariableNames.visit(NodeTraversal, Node, Node) concatenates strings using + in a loop"
"Closure/137_buggy","Multithreaded correctness Warning","SBSC","com.google.javascript.jscomp.NameGenerator.generateNextName() concatenates strings using + in a loop"
"Closure/137_buggy","Multithreaded correctness Warning","SIC","Should com.google.javascript.jscomp.AmbiguateProperties$PropertyGraphNode be a _static_ inner class?"
"Closure/137_buggy","Multithreaded correctness Warning","SIC","Should com.google.javascript.jscomp.AnalyzePrototypeProperties$GlobalFunction be a _static_ inner class?"
"Closure/137_buggy","Multithreaded correctness Warning","SIC","Should com.google.javascript.jscomp.CrossModuleCodeMotion$Declaration be a _static_ inner class?"
"Closure/137_buggy","Multithreaded correctness Warning","SIC","Should com.google.javascript.jscomp.InlineVariables$IdentifyConstants be a _static_ inner class?"
"Closure/137_buggy","Multithreaded correctness Warning","SIC","Should com.google.javascript.jscomp.InlineVariables$IdentifyLocals be a _static_ inner class?"
"Closure/137_buggy","Multithreaded correctness Warning","SIC","Should com.google.javascript.jscomp.Normalize$ScopeTicklingCallback be a _static_ inner class?"
"Closure/137_buggy","Multithreaded correctness Warning","SIC","Should com.google.javascript.jscomp.ProcessClosurePrimitives$UnrecognizedRequire be a _static_ inner class?"
"Closure/137_buggy","Multithreaded correctness Warning","SIC","Should com.google.javascript.jscomp.RenameProperties$Property be a _static_ inner class?"
"Closure/137_buggy","Multithreaded correctness Warning","SIC","Should com.google.javascript.jscomp.parsing.IRFactory$NodeWithJsDoc be a _static_ inner class?"
"Closure/137_buggy","Multithreaded correctness Warning","UrF","Unread field: com.google.javascript.jscomp.AbstractCommandLineRunner$CommandLineConfig.jscompDevMode"
"Closure/137_buggy","Multithreaded correctness Warning","UrF","Unread field: com.google.javascript.jscomp.RenamePrototypes$Property.input"
"Closure/137_buggy","Multithreaded correctness Warning","UrF","Unread field: com.google.javascript.jscomp.SourceMap$LineMapping.lineNumber"
"Closure/137_buggy","Multithreaded correctness Warning","UuF","Unused field: com.google.javascript.rhino.Context.instructionCount"
"Closure/137_buggy","Multithreaded correctness Warning","UuF","Unused field: com.google.javascript.rhino.Context.interpreterSecurityDomain"
"Closure/137_buggy","Multithreaded correctness Warning","UuF","Unused field: com.google.javascript.rhino.Context.iterating"
"Closure/137_buggy","Multithreaded correctness Warning","UuF","Unused field: com.google.javascript.rhino.Context.lastInterpreterFrame"
"Closure/137_buggy","Multithreaded correctness Warning","UuF","Unused field: com.google.javascript.rhino.Context.previousInterpreterInvocations"
"Closure/137_buggy","Multithreaded correctness Warning","UuF","Unused field: com.google.javascript.rhino.Context.useDynamicScope"
"Closure/137_buggy","Multithreaded correctness Warning","WMI","com.google.javascript.jscomp.AliasStrings.outputStringUsage() makes inefficient use of keySet iterator instead of entrySet iterator"
"Closure/137_buggy","Multithreaded correctness Warning","WMI","com.google.javascript.jscomp.CheckProvides$CheckProvidesCallback.visitScriptNode(NodeTraversal, Node) makes inefficient use of keySet iterator instead of entrySet iterator"
"Closure/137_buggy","Multithreaded correctness Warning","WMI","com.google.javascript.jscomp.RenameProperties.process(Node, Node) makes inefficient use of keySet iterator instead of entrySet iterator"
"Closure/137_buggy","Multithreaded correctness Warning","WMI","com.google.javascript.jscomp.Tracer$ThreadTrace.toString() makes inefficient use of keySet iterator instead of entrySet iterator"
"Closure/137_buggy","Multithreaded correctness Warning","WMI","new com.google.javascript.rhino.jstype.RecordType(JSTypeRegistry, Map) makes inefficient use of keySet iterator instead of entrySet iterator"
"Closure/137_buggy","Multithreaded correctness Warning","WMI","com.google.javascript.rhino.jstype.RecordType.toString() makes inefficient use of keySet iterator instead of entrySet iterator"
"Closure/137_buggy","Performance Warning","BC","instanceof will always return true for all non-null values in com.google.javascript.jscomp.FunctionTypeBuilder.inferInheritance(JSDocInfo), since all com.google.javascript.rhino.jstype.FunctionType are instances of com.google.javascript.rhino.jstype.FunctionType"
"Closure/137_buggy","Performance Warning","DLS","Dead store to rhs in com.google.javascript.jscomp.CheckGlobalThis.shouldTraverse(NodeTraversal, Node, Node)"
"Closure/137_buggy","Performance Warning","DLS","Dead store to greatGreatGramps in com.google.javascript.jscomp.CollapseProperties.updateSimpleDeclaration(String, GlobalNamespace$Name, GlobalNamespace$Ref)"
"Closure/137_buggy","Performance Warning","DLS","Dead store to scope in com.google.javascript.jscomp.DisambiguateProperties.process(Node, Node)"
"Closure/137_buggy","Performance Warning","DLS","Dead store to extractedConditional in com.google.javascript.jscomp.ExpressionDecomposer.exposeExpression(Node, Node)"
"Closure/137_buggy","Performance Warning","DLS","Dead store to defs in com.google.javascript.jscomp.FlowSensitiveInlineVariables$GatherCandiates.visit(NodeTraversal, Node, Node)"
"Closure/137_buggy","Performance Warning","DLS","Dead store to newCode in com.google.javascript.jscomp.InlineFunctions$Inline.inlineFunction(NodeTraversal, Node, InlineFunctions$FunctionState, FunctionInjector$InliningMode)"
"Closure/137_buggy","Performance Warning","DLS","Dead store to scope in com.google.javascript.jscomp.MakeDeclaredNamesUnique$ContextualRenameInverter.visit(NodeTraversal, Node, Node)"
"Closure/137_buggy","Performance Warning","DLS","Dead store to functionType in com.google.javascript.jscomp.TypeCheck.shouldTraverse(NodeTraversal, Node, Node)"
"Closure/137_buggy","Performance Warning","DLS","Dead store to outerThis in com.google.javascript.jscomp.TypeCheck.shouldTraverse(NodeTraversal, Node, Node)"
"Closure/137_buggy","Performance Warning","DLS","Dead store to info in com.google.javascript.jscomp.TypeCheck.visitFunction(NodeTraversal, Node)"
"Closure/137_buggy","Performance Warning","DLS","Dead store to body in com.google.javascript.jscomp.TypedScopeCreator$LocalScopeBuilder.declareArguments(Node)"
"Closure/137_buggy","Performance Warning","DLS","Dead store to uNode in com.google.javascript.jscomp.graph.LinkedUndirectedGraph.getNeighborNodes(Object)"
"Closure/137_buggy","Performance Warning","DLS","Dead store to token in com.google.javascript.jscomp.parsing.JsDocInfoParser.parseResultType(JsDocToken)"
"Closure/137_buggy","Performance Warning","DLS","Dead store to keys rather than field with same name in com.google.javascript.rhino.UintMap.ensureIndex(int, boolean)"
"Closure/137_buggy","Performance Warning","DLS","Dead store to arrayPrototype in com.google.javascript.rhino.jstype.JSTypeRegistry.initializeBuiltInTypes()"
"Closure/137_buggy","Performance Warning","DLS","Dead store to booleanPrototype in com.google.javascript.rhino.jstype.JSTypeRegistry.initializeBuiltInTypes()"
"Closure/137_buggy","Performance Warning","DLS","Dead store to datePrototype in com.google.javascript.rhino.jstype.JSTypeRegistry.initializeBuiltInTypes()"
"Closure/137_buggy","Performance Warning","DLS","Dead store to numberPrototype in com.google.javascript.rhino.jstype.JSTypeRegistry.initializeBuiltInTypes()"
"Closure/137_buggy","Performance Warning","DLS","Dead store to regexpPrototype in com.google.javascript.rhino.jstype.JSTypeRegistry.initializeBuiltInTypes()"
"Closure/137_buggy","Performance Warning","DLS","Dead store to stringPrototype in com.google.javascript.rhino.jstype.JSTypeRegistry.initializeBuiltInTypes()"
"Closure/137_buggy","Performance Warning","Eq","com.google.javascript.rhino.jstype.IndexedType doesn't override ProxyObjectType.equals(Object)"
"Closure/137_buggy","Performance Warning","Eq","com.google.javascript.rhino.jstype.ParameterizedType doesn't override ProxyObjectType.equals(Object)"
"Closure/137_buggy","Performance Warning","ICAST","Integral division result cast to double or float in com.google.javascript.jscomp.CodeConsumer.addNumber(double)"
"Closure/137_buggy","Performance Warning","NP","Load of known null value in com.google.javascript.jscomp.graph.LinkedDirectedGraph.getDirectedPredNodes(DiGraph$DiGraphNode)"
"Closure/137_buggy","Performance Warning","NP","Load of known null value in com.google.javascript.jscomp.graph.LinkedDirectedGraph.getDirectedSuccNodes(DiGraph$DiGraphNode)"
"Closure/137_buggy","Performance Warning","RCN","Redundant nullcheck of leftType, which is known to be non-null in com.google.javascript.jscomp.SemanticReverseAbstractInterpreter.caseAndOrNotShortCircuiting(Node, Node, FlowScope, boolean)"
"Closure/137_buggy","Performance Warning","RCN","Redundant nullcheck of com.google.javascript.rhino.RhinoException.sourceName, which is known to be non-null in com.google.javascript.rhino.RhinoException.getMessage()"
"Closure/137_buggy","Performance Warning","RV","Return value of new Normalize$PropogateConstantAnnotations(AbstractCompiler, boolean) ignored, but method has no side effect"
"Closure/137_buggy","Performance Warning","RV","Return value of com.google.javascript.rhino.jstype.StaticSlot.getType() ignored, but method has no side effect"
"Closure/137_buggy","Performance Warning","SF","Switch statement found in com.google.javascript.jscomp.AliasExternals$GetAliasableNames.visit(NodeTraversal, Node, Node) where default case is missing"
"Closure/137_buggy","Performance Warning","SF","Switch statement found in com.google.javascript.jscomp.AmbiguateProperties$ProcessProperties.visit(NodeTraversal, Node, Node) where default case is missing"
"Closure/137_buggy","Performance Warning","SF","Switch statement found in com.google.javascript.jscomp.AnonymousFunctionNamingCallback.visit(NodeTraversal, Node, Node) where default case is missing"
"Closure/137_buggy","Performance Warning","SF","Switch statement found in com.google.javascript.jscomp.CheckAccessControls.visit(NodeTraversal, Node, Node) where default case is missing"
"Closure/137_buggy","Performance Warning","SF","Switch statement found in com.google.javascript.jscomp.CheckProvides$CheckProvidesCallback.visit(NodeTraversal, Node, Node) where default case is missing"
"Closure/137_buggy","Performance Warning","SF","Switch statement found in com.google.javascript.jscomp.CheckRequiresForConstructors$CheckRequiresForConstructorsCallback.visit(NodeTraversal, Node, Node) where default case is missing"
"Closure/137_buggy","Performance Warning","SF","Switch statement found in com.google.javascript.jscomp.CodeGenerator.jsString(String, CharsetEncoder) where default case is missing"
"Closure/137_buggy","Performance Warning","SF","Switch statement found in com.google.javascript.jscomp.CollapseProperties.updateObjLitOrFunctionDeclaration(GlobalNamespace$Name, String) where default case is missing"
"Closure/137_buggy","Performance Warning","SF","Switch statement found in com.google.javascript.jscomp.CompilerInput$DepsFinder.visit(NodeTraversal, Node, Node) where default case is missing"
"Closure/137_buggy","Performance Warning","SF","Switch statement found in com.google.javascript.jscomp.ControlFlowAnalysis.shouldTraverse(NodeTraversal, Node, Node) where default case is missing"
"Closure/137_buggy","Performance Warning","SF","Switch statement found in com.google.javascript.jscomp.ControlStructureCheck.check(Node) where default case is missing"
"Closure/137_buggy","Performance Warning","SF","Switch statement found in com.google.javascript.jscomp.ConvertToDottedProperties.visit(NodeTraversal, Node, Node) where default case is missing"
"Closure/137_buggy","Performance Warning","SF","Switch statement found in com.google.javascript.jscomp.ExternExportsPass.visit(NodeTraversal, Node, Node) where default case is missing"
"Closure/137_buggy","Performance Warning","SF","Switch statement found in com.google.javascript.jscomp.FindExportableNodes.visit(NodeTraversal, Node, Node) where default case is missing"
"Closure/137_buggy","Performance Warning","SF","Switch statement found in com.google.javascript.jscomp.FoldConstants.makeForwardSlashBracketSafe(Node) where default case is missing"
"Closure/137_buggy","Performance Warning","SF","Switch statement found in com.google.javascript.jscomp.FoldConstants.tryMinimizeCondition(NodeTraversal, Node, Node) where default case is missing"
"Closure/137_buggy","Performance Warning","SF","Switch statement found in com.google.javascript.jscomp.FoldConstants.visit(NodeTraversal, Node, Node) where default case is missing"
"Closure/137_buggy","Performance Warning","SF","Switch statement found in com.google.javascript.jscomp.FunctionArgumentInjector.gatherLocalNames(Node, Set) where default case is missing"
"Closure/137_buggy","Performance Warning","SF","Switch statement found in com.google.javascript.jscomp.FunctionCheck$ArgCheck.visit(NodeTraversal, Node, Node) where default case is missing"
"Closure/137_buggy","Performance Warning","SF","Switch statement found in com.google.javascript.jscomp.GlobalNamespace$BuildGlobalNamespace.visit(NodeTraversal, Node, Node) where default case is missing"
"Closure/137_buggy","Performance Warning","SF","Switch statement found in com.google.javascript.jscomp.InferJSDocInfo.visit(NodeTraversal, Node, Node) where default case is missing"
"Closure/137_buggy","Performance Warning","SF","Switch statement found in com.google.javascript.jscomp.InlineFunctions$CallVisitor.visit(NodeTraversal, Node, Node) where default case is missing"
"Closure/137_buggy","Performance Warning","SF","Switch statement found in com.google.javascript.jscomp.InlineFunctions$FindCandidateFunctions.findAnonymousFunctionExpressions(NodeTraversal, Node) where default case is missing"
"Closure/137_buggy","Performance Warning","SF","Switch statement found in com.google.javascript.jscomp.InlineFunctions$FindCandidateFunctions.findNamedFunctions(NodeTraversal, Node, Node) where default case is missing"
"Closure/137_buggy","Performance Warning","SF","Switch statement found in com.google.javascript.jscomp.LoggerErrorManager.println(CheckLevel, JSError) where default case is missing"
"Closure/137_buggy","Performance Warning","SF","Switch statement found in com.google.javascript.jscomp.MakeDeclaredNamesUnique.shouldTraverse(NodeTraversal, Node, Node) where default case is missing"
"Closure/137_buggy","Performance Warning","SF","Switch statement found in com.google.javascript.jscomp.MakeDeclaredNamesUnique.visit(NodeTraversal, Node, Node) where default case is missing"
"Closure/137_buggy","Performance Warning","SF","Switch statement found in com.google.javascript.jscomp.MethodCompilerPass$GatherSignatures.processPrototypeParent(NodeTraversal, Node) where default case is missing"
"Closure/137_buggy","Performance Warning","SF","Switch statement found in com.google.javascript.jscomp.MinimizeExitPoints.visit(NodeTraversal, Node, Node) where default case is missing"
"Closure/137_buggy","Performance Warning","SF","Switch statement found in com.google.javascript.jscomp.NameAnalyzer$JsNameRefNode.remove() where default case is missing"
"Closure/137_buggy","Performance Warning","SF","Switch statement found in com.google.javascript.jscomp.NameReferenceGraphConstruction$Traversal.visit(NodeTraversal, Node, Node) where default case is missing"
"Closure/137_buggy","Performance Warning","SF","Switch statement found in com.google.javascript.jscomp.Normalize$NormalizeStatements.extractForInitializer(Node, Node, Node) where default case is missing"
"Closure/137_buggy","Performance Warning","SF","Switch statement found in com.google.javascript.jscomp.Normalize$NormalizeStatements.visit(NodeTraversal, Node, Node) where default case is missing"
"Closure/137_buggy","Performance Warning","SF","Switch statement found in com.google.javascript.jscomp.ProcessClosurePrimitives.visit(NodeTraversal, Node, Node) where default case is missing"
"Closure/137_buggy","Performance Warning","SF","Switch statement found in com.google.javascript.jscomp.ProcessDefines$CollectDefines.updateAssignAllowedStack(Node, boolean) where default case is missing"
"Closure/137_buggy","Performance Warning","SF","Switch statement found in com.google.javascript.jscomp.RemoveUnusedVars.traverseNode(Node, Node, Scope) where default case is missing"
"Closure/137_buggy","Performance Warning","SF","Switch statement found in com.google.javascript.jscomp.RenameLabels$ProcessLabels.visit(NodeTraversal, Node, Node) where default case is missing"
"Closure/137_buggy","Performance Warning","SF","Switch statement found in com.google.javascript.jscomp.RenameProperties$ProcessProperties.visit(NodeTraversal, Node, Node) where default case is missing"
"Closure/137_buggy","Performance Warning","SF","Switch statement found in com.google.javascript.jscomp.RenamePrototypes$ProcessExternedProperties.visit(NodeTraversal, Node, Node) where default case is missing"
"Closure/137_buggy","Performance Warning","SF","Switch statement found in com.google.javascript.jscomp.StripCode$Strip.visit(NodeTraversal, Node, Node) where default case is missing"
"Closure/137_buggy","Performance Warning","SF","Switch statement found in com.google.javascript.jscomp.SuspiciousPropertiesCheck$ProcessExternedProperties.visit(NodeTraversal, Node, Node) where default case is missing"
"Closure/137_buggy","Performance Warning","SF","Switch statement found in com.google.javascript.jscomp.SyntacticScopeCreator.scanVars(Node, Node) where default case is missing"
"Closure/137_buggy","Performance Warning","SF","Switch statement found in com.google.javascript.jscomp.TightenTypes$CreateScope.visit(NodeTraversal, Node, Node) where default case is missing"
"Closure/137_buggy","Performance Warning","SF","Switch statement found in com.google.javascript.jscomp.Tracer.appendSpaces(StringBuilder, int) where default case is missing"
"Closure/137_buggy","Performance Warning","SF","Switch statement found in com.google.javascript.jscomp.TypeCheck.shouldTraverse(NodeTraversal, Node, Node) where default case is missing"
"Closure/137_buggy","Performance Warning","SF","Switch statement found in com.google.javascript.jscomp.TypeInference.branchedFlowThrough(Node, FlowScope) where default case is missing"
"Closure/137_buggy","Performance Warning","SF","Switch statement found in com.google.javascript.jscomp.TypeInference.traverse(Node, FlowScope) where default case is missing"
"Closure/137_buggy","Performance Warning","SF","Switch statement found in com.google.javascript.jscomp.TypeInference.updateScopeForTypeChange(FlowScope, Node, JSType, JSType) where default case is missing"
"Closure/137_buggy","Performance Warning","SF","Switch statement found in com.google.javascript.jscomp.TypedScopeCreator$GlobalScopeBuilder.visit(NodeTraversal, Node, Node) where default case is missing"
"Closure/137_buggy","Performance Warning","SF","Switch statement found in com.google.javascript.jscomp.TypedScopeCreator$GlobalScopeBuilder$CollectProperties.visit(NodeTraversal, Node, Node) where default case is missing"
"Closure/137_buggy","Performance Warning","SF","Switch statement found in com.google.javascript.jscomp.TypedScopeCreator$LocalScopeBuilder.visit(NodeTraversal, Node, Node) where default case is missing"
"Closure/137_buggy","Performance Warning","SF","Switch statement found in com.google.javascript.jscomp.ant.AntErrorManager.println(CheckLevel, JSError) where default case is missing"
"Closure/137_buggy","Performance Warning","SF","Switch statement found in com.google.javascript.jscomp.parsing.JsDocInfoParser.parse() where default case is missing"
"Closure/137_buggy","Performance Warning","SF","Switch statement found in com.google.javascript.jscomp.parsing.JsDocTokenStream.getJsDocToken() where default case is missing"
"Closure/137_buggy","Performance Warning","SF","Switch statement found in com.google.javascript.rhino.DToA.JS_dtoa(double, int, boolean, int, boolean[], StringBuffer) where one case falls through to the next case"
"Closure/137_buggy","Performance Warning","SF","Switch statement found in com.google.javascript.rhino.DToA.JS_dtostr(StringBuffer, int, int, double) where one case falls through to the next case"
"Closure/137_buggy","Performance Warning","SF","Switch statement found in com.google.javascript.rhino.DToA.JS_dtoa(double, int, boolean, int, boolean[], StringBuffer) where default case is missing"
"Closure/137_buggy","Performance Warning","SF","Switch statement found in com.google.javascript.rhino.DToA.JS_dtostr(StringBuffer, int, int, double) where default case is missing"
"Closure/137_buggy","Performance Warning","SF","Switch statement found in com.google.javascript.rhino.Decompiler.decompile(String, int, UintMap) where default case is missing"
"Closure/137_buggy","Performance Warning","SF","Switch statement found in com.google.javascript.rhino.IRFactory.createBinary(int, Node, Node, int, int) where default case is missing"
"Closure/137_buggy","Performance Warning","SF","Switch statement found in com.google.javascript.rhino.Parser.primaryExpr() where one case falls through to the next case"
"Closure/137_buggy","Performance Warning","SF","Switch statement found in com.google.javascript.rhino.ScriptRuntime.stringToNumber(String, int, int) where one case falls through to the next case"
"Closure/137_buggy","Performance Warning","SF","Switch statement found in com.google.javascript.rhino.ScriptRuntime.escapeString(String, char) where default case is missing"
"Closure/137_buggy","Performance Warning","SF","Switch statement found in com.google.javascript.rhino.ScriptRuntime.stringToNumber(String, int, int) where default case is missing"
"Closure/137_buggy","Performance Warning","SF","Switch statement found in com.google.javascript.rhino.TokenStream.getJSDocToken() where default case is missing"
"Closure/137_buggy","Performance Warning","ST","Write to static field com.google.javascript.jscomp.AbstractCommandLineRunner.inputCharset from instance method com.google.javascript.jscomp.AbstractCommandLineRunner.setRunOptions(CompilerOptions)"
"Closure/137_buggy","Performance Warning","ST","Write to static field com.google.javascript.rhino.Context.implementationVersion from instance method com.google.javascript.rhino.Context.getImplementationVersion()"
"Closure/137_buggy","Performance Warning","UrF","Unread public/protected field: com.google.javascript.rhino.JSDocInfo$TypePosition.hasBrackets"
"Closure/137_buggy","Performance Warning","UrF","Unread public/protected field: com.google.javascript.rhino.testing.BaseJSTypeTestCase.ALL_TYPE"
"Closure/137_buggy","Performance Warning","UrF","Unread public/protected field: com.google.javascript.rhino.testing.BaseJSTypeTestCase.ARRAY_FUNCTION_TYPE"
"Closure/137_buggy","Performance Warning","UrF","Unread public/protected field: com.google.javascript.rhino.testing.BaseJSTypeTestCase.ARRAY_TYPE"
"Closure/137_buggy","Performance Warning","UrF","Unread public/protected field: com.google.javascript.rhino.testing.BaseJSTypeTestCase.BOOLEAN_OBJECT_FUNCTION_TYPE"
"Closure/137_buggy","Performance Warning","UrF","Unread public/protected field: com.google.javascript.rhino.testing.BaseJSTypeTestCase.BOOLEAN_OBJECT_TYPE"
"Closure/137_buggy","Performance Warning","UrF","Unread public/protected field: com.google.javascript.rhino.testing.BaseJSTypeTestCase.BOOLEAN_TYPE"
"Closure/137_buggy","Performance Warning","UrF","Unread public/protected field: com.google.javascript.rhino.testing.BaseJSTypeTestCase.CHECKED_UNKNOWN_TYPE"
"Closure/137_buggy","Performance Warning","UrF","Unread public/protected field: com.google.javascript.rhino.testing.BaseJSTypeTestCase.DATE_FUNCTION_TYPE"
"Closure/137_buggy","Performance Warning","UrF","Unread public/protected field: com.google.javascript.rhino.testing.BaseJSTypeTestCase.DATE_TYPE"
"Closure/137_buggy","Performance Warning","UrF","Unread public/protected field: com.google.javascript.rhino.testing.BaseJSTypeTestCase.ERROR_FUNCTION_TYPE"
"Closure/137_buggy","Performance Warning","UrF","Unread public/protected field: com.google.javascript.rhino.testing.BaseJSTypeTestCase.ERROR_TYPE"
"Closure/137_buggy","Performance Warning","UrF","Unread public/protected field: com.google.javascript.rhino.testing.BaseJSTypeTestCase.EVAL_ERROR_FUNCTION_TYPE"
"Closure/137_buggy","Performance Warning","UrF","Unread public/protected field: com.google.javascript.rhino.testing.BaseJSTypeTestCase.EVAL_ERROR_TYPE"
"Closure/137_buggy","Performance Warning","UrF","Unread public/protected field: com.google.javascript.rhino.testing.BaseJSTypeTestCase.FUNCTION_FUNCTION_TYPE"
"Closure/137_buggy","Performance Warning","UrF","Unread public/protected field: com.google.javascript.rhino.testing.BaseJSTypeTestCase.FUNCTION_INSTANCE_TYPE"
"Closure/137_buggy","Performance Warning","UrF","Unread public/protected field: com.google.javascript.rhino.testing.BaseJSTypeTestCase.FUNCTION_PROTOTYPE"
"Closure/137_buggy","Performance Warning","UrF","Unread public/protected field: com.google.javascript.rhino.testing.BaseJSTypeTestCase.GREATEST_FUNCTION_TYPE"
"Closure/137_buggy","Performance Warning","UrF","Unread public/protected field: com.google.javascript.rhino.testing.BaseJSTypeTestCase.LEAST_FUNCTION_TYPE"
"Closure/137_buggy","Performance Warning","UrF","Unread public/protected field: com.google.javascript.rhino.testing.BaseJSTypeTestCase.NATIVE_PROPERTIES_COUNT"
"Closure/137_buggy","Performance Warning","UrF","Unread public/protected field: com.google.javascript.rhino.testing.BaseJSTypeTestCase.NO_OBJECT_TYPE"
"Closure/137_buggy","Performance Warning","UrF","Unread public/protected field: com.google.javascript.rhino.testing.BaseJSTypeTestCase.NO_TYPE"
"Closure/137_buggy","Performance Warning","UrF","Unread public/protected field: com.google.javascript.rhino.testing.BaseJSTypeTestCase.NULL_TYPE"
"Closure/137_buggy","Performance Warning","UrF","Unread public/protected field: com.google.javascript.rhino.testing.BaseJSTypeTestCase.NUMBER_OBJECT_FUNCTION_TYPE"
"Closure/137_buggy","Performance Warning","UrF","Unread public/protected field: com.google.javascript.rhino.testing.BaseJSTypeTestCase.NUMBER_OBJECT_TYPE"
"Closure/137_buggy","Performance Warning","UrF","Unread public/protected field: com.google.javascript.rhino.testing.BaseJSTypeTestCase.NUMBER_STRING_BOOLEAN"
"Closure/137_buggy","Performance Warning","UrF","Unread public/protected field: com.google.javascript.rhino.testing.BaseJSTypeTestCase.NUMBER_TYPE"
"Closure/137_buggy","Performance Warning","UrF","Unread public/protected field: com.google.javascript.rhino.testing.BaseJSTypeTestCase.OBJECT_FUNCTION_TYPE"
"Closure/137_buggy","Performance Warning","UrF","Unread public/protected field: com.google.javascript.rhino.testing.BaseJSTypeTestCase.OBJECT_NUMBER_STRING"
"Closure/137_buggy","Performance Warning","UrF","Unread public/protected field: com.google.javascript.rhino.testing.BaseJSTypeTestCase.OBJECT_NUMBER_STRING_BOOLEAN"
"Closure/137_buggy","Performance Warning","UrF","Unread public/protected field: com.google.javascript.rhino.testing.BaseJSTypeTestCase.OBJECT_PROTOTYPE"
"Closure/137_buggy","Performance Warning","UrF","Unread public/protected field: com.google.javascript.rhino.testing.BaseJSTypeTestCase.RANGE_ERROR_FUNCTION_TYPE"
"Closure/137_buggy","Performance Warning","UrF","Unread public/protected field: com.google.javascript.rhino.testing.BaseJSTypeTestCase.RANGE_ERROR_TYPE"
"Closure/137_buggy","Performance Warning","UrF","Unread public/protected field: com.google.javascript.rhino.testing.BaseJSTypeTestCase.REFERENCE_ERROR_FUNCTION_TYPE"
"Closure/137_buggy","Performance Warning","UrF","Unread public/protected field: com.google.javascript.rhino.testing.BaseJSTypeTestCase.REFERENCE_ERROR_TYPE"
"Closure/137_buggy","Performance Warning","UrF","Unread public/protected field: com.google.javascript.rhino.testing.BaseJSTypeTestCase.REGEXP_FUNCTION_TYPE"
"Closure/137_buggy","Performance Warning","UrF","Unread public/protected field: com.google.javascript.rhino.testing.BaseJSTypeTestCase.REGEXP_TYPE"
"Closure/137_buggy","Performance Warning","UrF","Unread public/protected field: com.google.javascript.rhino.testing.BaseJSTypeTestCase.STRING_OBJECT_FUNCTION_TYPE"
"Closure/137_buggy","Performance Warning","UrF","Unread public/protected field: com.google.javascript.rhino.testing.BaseJSTypeTestCase.STRING_OBJECT_TYPE"
"Closure/137_buggy","Performance Warning","UrF","Unread public/protected field: com.google.javascript.rhino.testing.BaseJSTypeTestCase.STRING_TYPE"
"Closure/137_buggy","Performance Warning","UrF","Unread public/protected field: com.google.javascript.rhino.testing.BaseJSTypeTestCase.SYNTAX_ERROR_FUNCTION_TYPE"
"Closure/137_buggy","Performance Warning","UrF","Unread public/protected field: com.google.javascript.rhino.testing.BaseJSTypeTestCase.SYNTAX_ERROR_TYPE"
"Closure/137_buggy","Performance Warning","UrF","Unread public/protected field: com.google.javascript.rhino.testing.BaseJSTypeTestCase.TYPE_ERROR_FUNCTION_TYPE"
"Closure/137_buggy","Performance Warning","UrF","Unread public/protected field: com.google.javascript.rhino.testing.BaseJSTypeTestCase.TYPE_ERROR_TYPE"
"Closure/137_buggy","Performance Warning","UrF","Unread public/protected field: com.google.javascript.rhino.testing.BaseJSTypeTestCase.U2U_CONSTRUCTOR_TYPE"
"Closure/137_buggy","Performance Warning","UrF","Unread public/protected field: com.google.javascript.rhino.testing.BaseJSTypeTestCase.U2U_FUNCTION_TYPE"
"Closure/137_buggy","Performance Warning","UrF","Unread public/protected field: com.google.javascript.rhino.testing.BaseJSTypeTestCase.UNKNOWN_TYPE"
"Closure/137_buggy","Performance Warning","UrF","Unread public/protected field: com.google.javascript.rhino.testing.BaseJSTypeTestCase.URI_ERROR_FUNCTION_TYPE"
"Closure/137_buggy","Performance Warning","UrF","Unread public/protected field: com.google.javascript.rhino.testing.BaseJSTypeTestCase.URI_ERROR_TYPE"
"Closure/137_buggy","Performance Warning","UrF","Unread public/protected field: com.google.javascript.rhino.testing.BaseJSTypeTestCase.VOID_TYPE"
"Closure/137_buggy","Performance Warning","UuF","Unused public or protected field: com.google.javascript.rhino.testing.BaseJSTypeTestCase.MATH_TYPE"
