"Bug Id","Warning Type","Code","Warning"
"Closure/149_buggy","Bad practice Warning","CN","com.google.javascript.jscomp.FunctionInformationMap$Builder defines clone() but doesn't implement Cloneable"
"Closure/149_buggy","Bad practice Warning","CN","com.google.javascript.jscomp.FunctionInformationMap$Entry$Builder defines clone() but doesn't implement Cloneable"
"Closure/149_buggy","Bad practice Warning","CN","com.google.javascript.jscomp.FunctionInformationMap$Module$Builder defines clone() but doesn't implement Cloneable"
"Closure/149_buggy","Bad practice Warning","CN","com.google.javascript.jscomp.Instrumentation$Builder defines clone() but doesn't implement Cloneable"
"Closure/149_buggy","Dodgy code Warning","EI","com.google.javascript.jscomp.FunctionInformationMap.getDefaultInstanceForType() may expose internal representation by returning FunctionInformationMap.defaultInstance"
"Closure/149_buggy","Dodgy code Warning","EI","com.google.javascript.jscomp.FunctionInformationMap.getEntryList() may expose internal representation by returning FunctionInformationMap.entry_"
"Closure/149_buggy","Dodgy code Warning","EI","com.google.javascript.jscomp.FunctionInformationMap.getEntryOrBuilderList() may expose internal representation by returning FunctionInformationMap.entry_"
"Closure/149_buggy","Dodgy code Warning","EI","com.google.javascript.jscomp.FunctionInformationMap.getModuleList() may expose internal representation by returning FunctionInformationMap.module_"
"Closure/149_buggy","Dodgy code Warning","EI","com.google.javascript.jscomp.FunctionInformationMap.getModuleOrBuilderList() may expose internal representation by returning FunctionInformationMap.module_"
"Closure/149_buggy","Dodgy code Warning","EI","com.google.javascript.jscomp.FunctionInformationMap$Entry.getDefaultInstanceForType() may expose internal representation by returning FunctionInformationMap$Entry.defaultInstance"
"Closure/149_buggy","Dodgy code Warning","EI","com.google.javascript.jscomp.FunctionInformationMap$Module.getDefaultInstanceForType() may expose internal representation by returning FunctionInformationMap$Module.defaultInstance"
"Closure/149_buggy","Dodgy code Warning","EI","com.google.javascript.jscomp.Instrumentation.getDefaultInstanceForType() may expose internal representation by returning Instrumentation.defaultInstance"
"Closure/149_buggy","Dodgy code Warning","MS","Public static com.google.javascript.jscomp.FunctionInformationMap.getDefaultInstance() may expose internal representation by returning FunctionInformationMap.defaultInstance"
"Closure/149_buggy","Dodgy code Warning","MS","Public static com.google.javascript.jscomp.FunctionInformationMap$Entry.getDefaultInstance() may expose internal representation by returning FunctionInformationMap$Entry.defaultInstance"
"Closure/149_buggy","Dodgy code Warning","MS","Public static com.google.javascript.jscomp.FunctionInformationMap$Module.getDefaultInstance() may expose internal representation by returning FunctionInformationMap$Module.defaultInstance"
"Closure/149_buggy","Dodgy code Warning","MS","Public static com.google.javascript.jscomp.Instrumentation.getDefaultInstance() may expose internal representation by returning Instrumentation.defaultInstance"
"Closure/149_buggy","Malicious code vulnerability Warning","UCF","Useless control flow in com.google.javascript.jscomp.FunctionInformationMap$Entry$Builder.maybeForceBuilderInitialization()"
"Closure/149_buggy","Malicious code vulnerability Warning","UCF","Useless control flow in com.google.javascript.jscomp.FunctionInformationMap$Module$Builder.maybeForceBuilderInitialization()"
"Closure/149_buggy","Malicious code vulnerability Warning","UCF","Useless control flow in com.google.javascript.jscomp.Instrumentation$Builder.maybeForceBuilderInitialization()"
