"Bug Id","Warning Type","Code","Warning"
"Closure/54_buggy","Bad practice Warning","CN","com.google.debugging.sourcemap.proto.Mapping$LineMapping$Builder defines clone() but doesn't implement Cloneable"
"Closure/54_buggy","Bad practice Warning","CN","com.google.debugging.sourcemap.proto.Mapping$OriginalMapping$Builder defines clone() but doesn't implement Cloneable"
"Closure/54_buggy","Bad practice Warning","CN","com.google.javascript.jscomp.FunctionInformationMap$Builder defines clone() but doesn't implement Cloneable"
"Closure/54_buggy","Bad practice Warning","CN","com.google.javascript.jscomp.FunctionInformationMap$Entry$Builder defines clone() but doesn't implement Cloneable"
"Closure/54_buggy","Bad practice Warning","CN","com.google.javascript.jscomp.FunctionInformationMap$Module$Builder defines clone() but doesn't implement Cloneable"
"Closure/54_buggy","Bad practice Warning","CN","com.google.javascript.jscomp.Instrumentation$Builder defines clone() but doesn't implement Cloneable"
"Closure/54_buggy","Bad practice Warning","DMI","Random object created and used only once in com.google.javascript.jscomp.PhaseOptimizer$LoopInternal.randomizePasses()"
"Closure/54_buggy","Bad practice Warning","Dm","com.google.javascript.jscomp.AbstractCommandLineRunner.run() invokes System.exit(...), which shuts down the entire virtual machine"
"Closure/54_buggy","Bad practice Warning","ES","Comparison of String objects using == or != in com.google.debugging.sourcemap.SourceMapGeneratorV1$MappingWriter.appendMappingTo(SourceMapGeneratorV1$Mapping, Appendable)"
"Closure/54_buggy","Bad practice Warning","ES","Comparison of String parameter using == or != in com.google.debugging.sourcemap.SourceMapGeneratorV2.getSourceId(String)"
"Closure/54_buggy","Bad practice Warning","ES","Comparison of String parameter using == or != in com.google.debugging.sourcemap.SourceMapGeneratorV3.getSourceId(String)"
"Closure/54_buggy","Bad practice Warning","Eq","com.google.javascript.jscomp.NameAnalyzer$JsName defines compareTo(NameAnalyzer$JsName) and uses Object.equals()"
"Closure/54_buggy","Bad practice Warning","FS","Format string should use %n rather than \n in com.google.javascript.jscomp.AbstractCommandLineRunner.printModuleGraphManifestOrBundleTo(JSModuleGraph, Appendable, boolean)"
"Closure/54_buggy","Bad practice Warning","FS","Format string should use %n rather than \n in com.google.javascript.jscomp.SymbolTable.toDebugString(StringBuilder, SymbolTable$Symbol)"
"Closure/54_buggy","Bad practice Warning","FS","Format string should use %n rather than \n in com.google.javascript.jscomp.SymbolTable.toDebugString(StringBuilder, SymbolTable$Symbol)"
"Closure/54_buggy","Bad practice Warning","FS","Format string should use %n rather than \n in com.google.javascript.jscomp.SymbolTable.toDebugString(StringBuilder, SymbolTable$Symbol)"
"Closure/54_buggy","Bad practice Warning","HE","com.google.javascript.jscomp.CheckPropertyOrder$PropertyOrders defines equals and uses Object.hashCode()"
"Closure/54_buggy","Bad practice Warning","HE","com.google.javascript.jscomp.LinkedFlowScope defines equals and uses Object.hashCode()"
"Closure/54_buggy","Bad practice Warning","HE","com.google.javascript.jscomp.MustBeReachingVariableDef$Definition defines equals and uses Object.hashCode()"
"Closure/54_buggy","Bad practice Warning","HE","com.google.javascript.jscomp.MustBeReachingVariableDef$MustDef defines equals and uses Object.hashCode()"
"Closure/54_buggy","Bad practice Warning","HE","com.google.javascript.jscomp.deps.SimpleDependencyInfo defines equals and uses Object.hashCode()"
"Closure/54_buggy","Bad practice Warning","IC","Initialization of com.google.javascript.jscomp.regex.RegExpTree accesses class com.google.javascript.jscomp.regex.RegExpTree$Empty, which isn't initialized yet"
"Closure/54_buggy","Bad practice Warning","NP","com.google.javascript.jscomp.LiveVariablesAnalysis$LiveVariableLattice.equals(Object) does not check for null argument"
"Closure/54_buggy","Bad practice Warning","NP","com.google.javascript.jscomp.PeepholeFoldConstants.compareAsNumbers(int, Node, Node) has Boolean return type and returns explicit null"
"Closure/54_buggy","Bad practice Warning","RV","Exceptional return value of java.io.File.mkdirs() ignored in com.google.javascript.jscomp.AbstractCommandLineRunner.maybeCreateDirsForPath(String)"
"Closure/54_buggy","Bad practice Warning","Se","com.google.javascript.jscomp.BasicErrorManager$LeveledJSErrorComparator implements Comparator but not Serializable"
"Closure/54_buggy","Bad practice Warning","Se","Class com.google.javascript.jscomp.CompilerInput defines non-transient non-serializable instance field compiler"
"Closure/54_buggy","Bad practice Warning","Se","Class com.google.javascript.jscomp.CompilerInput defines non-transient non-serializable instance field errorManager"
"Closure/54_buggy","Bad practice Warning","Se","Class com.google.javascript.jscomp.CompilerOptions defines non-transient non-serializable instance field sourceMapLocationMappings"
"Closure/54_buggy","Bad practice Warning","Se","Class com.google.javascript.jscomp.CompilerOptions defines non-transient non-serializable instance field cssRenamingMap"
"Closure/54_buggy","Bad practice Warning","Se","The field com.google.javascript.jscomp.CompilerOptions.aliasHandler is transient but isn't set by deserialization"
"Closure/54_buggy","Bad practice Warning","Se","The field com.google.javascript.jscomp.JsAst.inputId is transient but isn't set by deserialization"
"Closure/54_buggy","Bad practice Warning","Se","The field com.google.javascript.jscomp.JsAst.sourceFile is transient but isn't set by deserialization"
"Closure/54_buggy","Bad practice Warning","Se","Class com.google.javascript.jscomp.PassConfig$State defines non-transient non-serializable instance field anonymousFunctionNameMap"
"Closure/54_buggy","Bad practice Warning","Se","Class com.google.javascript.jscomp.PassConfig$State defines non-transient non-serializable instance field propertyMap"
"Closure/54_buggy","Bad practice Warning","Se","Class com.google.javascript.jscomp.PassConfig$State defines non-transient non-serializable instance field stringMap"
"Closure/54_buggy","Bad practice Warning","Se","Class com.google.javascript.jscomp.PassConfig$State defines non-transient non-serializable instance field variableMap"
"Closure/54_buggy","Bad practice Warning","Se","Class com.google.javascript.jscomp.SourceFile$Generated defines non-transient non-serializable instance field generator"
"Closure/54_buggy","Bad practice Warning","Se","Class com.google.javascript.jscomp.SymbolTable$Symbol defines non-transient non-serializable instance field declaration"
"Closure/54_buggy","Bad practice Warning","Se","Class com.google.javascript.jscomp.SymbolTable$Symbol defines non-transient non-serializable instance field propertyScope"
"Closure/54_buggy","Bad practice Warning","Se","Class com.google.javascript.jscomp.SymbolTable$Symbol defines non-transient non-serializable instance field references"
"Closure/54_buggy","Bad practice Warning","Se","Class com.google.javascript.jscomp.SymbolTable$Symbol defines non-transient non-serializable instance field scope"
"Closure/54_buggy","Bad practice Warning","Se","Class com.google.javascript.jscomp.graph.StandardUnionFind defines non-transient non-serializable instance field elmap"
"Closure/54_buggy","Bad practice Warning","Se","Class com.google.javascript.rhino.JSDocInfo defines non-transient non-serializable instance field documentation"
"Closure/54_buggy","Bad practice Warning","Se","Class com.google.javascript.rhino.jstype.NamedType defines non-transient non-serializable instance field propertyContinuations"
"Closure/54_buggy","Correctness Warning","Eq","com.google.javascript.jscomp.Scope$Arguments overrides equals in Scope$Var and may not be symmetric"
"Closure/54_buggy","Correctness Warning","INT","Bad comparison of nonnegative value with 0 in com.google.debugging.sourcemap.SourceMapConsumerV3.getMappingForLine(int, int)"
"Closure/54_buggy","Correctness Warning","INT","Bad comparison of nonnegative value with 0 in com.google.javascript.jscomp.regex.CharRanges.minSetBit()"
"Closure/54_buggy","Correctness Warning","IP","The parameter token to com.google.javascript.jscomp.parsing.JsDocInfoParser.parseResultType(JsDocToken) is dead upon entry but overwritten"
"Closure/54_buggy","Correctness Warning","NP","Possible null pointer dereference of addingRoot in com.google.javascript.jscomp.InstrumentFunctions$InstrumentCallback.visit(NodeTraversal, Node, Node)"
"Closure/54_buggy","Correctness Warning","NP","Possible null pointer dereference of addingRoot in com.google.javascript.jscomp.NodeUtil.getAddingRoot(Node)"
"Closure/54_buggy","Correctness Warning","NP","Null passed for non-null parameter of addMarker(FunctionType, Node, ObjectType) in com.google.javascript.jscomp.RuntimeTypeCheck$AddMarkers.visitFunction(NodeTraversal, Node)"
"Closure/54_buggy","Correctness Warning","NP","Possible null pointer dereference of TightenTypes$NativeCallFunctionCall.firstArgument in com.google.javascript.jscomp.TightenTypes$NativeCallFunctionCall.getAssignments(TightenTypes$ConcreteScope)"
"Closure/54_buggy","Correctness Warning","NP","Possible null pointer dereference of null in com.google.javascript.rhino.jstype.ProxyObjectType.hasReferenceName()"
"Closure/54_buggy","Correctness Warning","NP","Possible null pointer dereference of SimpleReference.node in com.google.javascript.rhino.jstype.SimpleReference.toString()"
"Closure/54_buggy","Correctness Warning","RCN","Nullcheck of enclosingQname at line 429 of value previously dereferenced in com.google.javascript.jscomp.ProcessClosurePrimitives.processBaseClassCall(NodeTraversal, Node)"
"Closure/54_buggy","Correctness Warning","RCN","Nullcheck of fnNode at line 99 of value previously dereferenced in com.google.javascript.jscomp.TypedCodeGenerator.getFunctionAnnotation(Node)"
"Closure/54_buggy","Correctness Warning","RCN","Nullcheck of node2 at line 1604 of value previously dereferenced in com.google.javascript.rhino.Node.checkTreeEqualsImpl(Node)"
"Closure/54_buggy","Correctness Warning","UwF","Unwritten field: com.google.javascript.rhino.RhinoException.interpreterStackInfo"
"Closure/54_buggy","Dodgy code Warning","OBL","com.google.javascript.jscomp.DefaultPassConfig$90$1.process(Node, Node) may fail to clean up java.io.Reader"
"Closure/54_buggy","Dodgy code Warning","OBL","com.google.javascript.jscomp.deps.DepsFileParser.parseFile(String) may fail to clean up java.io.Reader"
"Closure/54_buggy","Dodgy code Warning","OBL","com.google.javascript.jscomp.deps.JsFileParser.parseFile(String, String) may fail to clean up java.io.Reader"
"Closure/54_buggy","Experimental Warning","Dm","Found reliance on default encoding in com.google.javascript.jscomp.AbstractCommandLineRunner.streamToOutputWriter(OutputStream): new java.io.OutputStreamWriter(OutputStream)"
"Closure/54_buggy","Experimental Warning","Dm","Found reliance on default encoding in com.google.javascript.jscomp.AliasStrings$StringInfo.encodeStringAsIdentifier(String, String): String.getBytes()"
"Closure/54_buggy","Experimental Warning","Dm","Found reliance on default encoding in com.google.javascript.jscomp.DefaultPassConfig$90$1.process(Node, Node): new java.io.FileReader(String)"
"Closure/54_buggy","Experimental Warning","Dm","Found reliance on default encoding in com.google.javascript.jscomp.JsMessage$Hash.hash64(String, long): String.getBytes()"
"Closure/54_buggy","Experimental Warning","Dm","Found reliance on default encoding in com.google.javascript.jscomp.PerformanceTracker$CodeSizeEstimatePrinter.append(String): String.getBytes()"
"Closure/54_buggy","Experimental Warning","Dm","Found reliance on default encoding in com.google.javascript.jscomp.SourceFile$OnDisk.getCodeReader(): new java.io.FileReader(File)"
"Closure/54_buggy","Experimental Warning","Dm","Found reliance on default encoding in com.google.javascript.jscomp.deps.DepsFileParser.parseFile(String): new java.io.FileReader(String)"
"Closure/54_buggy","Experimental Warning","Dm","Found reliance on default encoding in com.google.javascript.jscomp.deps.DepsGenerator.computeDependencyCalls(): new java.io.PrintStream(OutputStream)"
"Closure/54_buggy","Experimental Warning","Dm","Found reliance on default encoding in com.google.javascript.jscomp.deps.DepsGenerator.computeDependencyCalls(): new String(byte[])"
"Closure/54_buggy","Experimental Warning","Dm","Found reliance on default encoding in com.google.javascript.jscomp.deps.JsFileParser.parseFile(String, String): new java.io.FileReader(String)"
"Closure/54_buggy","Internationalization Warning","EI","com.google.debugging.sourcemap.proto.Mapping$LineMapping.getDefaultInstanceForType() may expose internal representation by returning Mapping$LineMapping.defaultInstance"
"Closure/54_buggy","Internationalization Warning","EI","com.google.debugging.sourcemap.proto.Mapping$LineMapping.getOriginalMapping() may expose internal representation by returning Mapping$LineMapping.originalMapping_"
"Closure/54_buggy","Internationalization Warning","EI","com.google.debugging.sourcemap.proto.Mapping$LineMapping.getOriginalMappingOrBuilder() may expose internal representation by returning Mapping$LineMapping.originalMapping_"
"Closure/54_buggy","Internationalization Warning","EI","com.google.debugging.sourcemap.proto.Mapping$LineMapping$Builder.getOriginalMapping() may expose internal representation by returning Mapping$LineMapping$Builder.originalMapping_"
"Closure/54_buggy","Internationalization Warning","EI","com.google.debugging.sourcemap.proto.Mapping$LineMapping$Builder.getOriginalMappingOrBuilder() may expose internal representation by returning Mapping$LineMapping$Builder.originalMapping_"
"Closure/54_buggy","Internationalization Warning","EI","com.google.debugging.sourcemap.proto.Mapping$OriginalMapping.getDefaultInstanceForType() may expose internal representation by returning Mapping$OriginalMapping.defaultInstance"
"Closure/54_buggy","Internationalization Warning","EI","com.google.javascript.jscomp.AnonymousFunctionNamingPolicy.getReservedCharacters() may expose internal representation by returning AnonymousFunctionNamingPolicy.reservedCharacters"
"Closure/54_buggy","Internationalization Warning","EI","com.google.javascript.jscomp.CallGraph.getMainFunction() may expose internal representation by returning CallGraph.mainFunction"
"Closure/54_buggy","Internationalization Warning","EI","com.google.javascript.jscomp.CallGraph$Callsite.getAstNode() may expose internal representation by returning CallGraph$Callsite.astNode"
"Closure/54_buggy","Internationalization Warning","EI","com.google.javascript.jscomp.CallGraph$Callsite.getContainingFunction() may expose internal representation by returning CallGraph$Callsite.containingFunction"
"Closure/54_buggy","Internationalization Warning","EI","com.google.javascript.jscomp.CallGraph$Callsite.getPossibleTargets() may expose internal representation by returning CallGraph$Callsite.possibleTargets"
"Closure/54_buggy","Internationalization Warning","EI","com.google.javascript.jscomp.CallGraph$Function.getAstNode() may expose internal representation by returning CallGraph$Function.astNode"
"Closure/54_buggy","Internationalization Warning","EI","com.google.javascript.jscomp.CallGraph$Function.getBodyNode() may expose internal representation by returning CallGraph$Function.astNode"
"Closure/54_buggy","Internationalization Warning","EI","com.google.javascript.jscomp.CallGraph$Function.getCallsitesInFunction() may expose internal representation by returning CallGraph$Function.callsitesInFunction"
"Closure/54_buggy","Internationalization Warning","EI","com.google.javascript.jscomp.CallGraph$Function.getCallsitesPossiblyTargetingFunction() may expose internal representation by returning CallGraph$Function.callsitesPossiblyTargetingFunction"
"Closure/54_buggy","Internationalization Warning","EI","com.google.javascript.jscomp.Compiler.getErrorManager() may expose internal representation by returning Compiler.errorManager"
"Closure/54_buggy","Internationalization Warning","EI","com.google.javascript.jscomp.Compiler.getRoot() may expose internal representation by returning Compiler.externAndJsRoot"
"Closure/54_buggy","Internationalization Warning","EI","com.google.javascript.jscomp.Compiler.getSourceMap() may expose internal representation by returning Compiler.sourceMap"
"Closure/54_buggy","Internationalization Warning","EI","com.google.javascript.jscomp.Compiler.getTypeRegistry() may expose internal representation by returning Compiler.typeRegistry"
"Closure/54_buggy","Internationalization Warning","EI","com.google.javascript.jscomp.CompilerInput.getAst() may expose internal representation by returning CompilerInput.ast"
"Closure/54_buggy","Internationalization Warning","EI","com.google.javascript.jscomp.CompilerInput.getModule() may expose internal representation by returning CompilerInput.module"
"Closure/54_buggy","Internationalization Warning","EI","com.google.javascript.jscomp.CompilerInput.getSourceAst() may expose internal representation by returning CompilerInput.ast"
"Closure/54_buggy","Internationalization Warning","EI","com.google.javascript.jscomp.FindExportableNodes.getExports() may expose internal representation by returning FindExportableNodes.exports"
"Closure/54_buggy","Internationalization Warning","EI","com.google.javascript.jscomp.FindExportableNodes$GenerateNodeContext.getContextNode() may expose internal representation by returning FindExportableNodes$GenerateNodeContext.contextNode"
"Closure/54_buggy","Internationalization Warning","EI","com.google.javascript.jscomp.FindExportableNodes$GenerateNodeContext.getNode() may expose internal representation by returning FindExportableNodes$GenerateNodeContext.node"
"Closure/54_buggy","Internationalization Warning","EI","com.google.javascript.jscomp.FindExportableNodes$GenerateNodeContext.getScriptNode() may expose internal representation by returning FindExportableNodes$GenerateNodeContext.scriptNode"
"Closure/54_buggy","Internationalization Warning","EI","com.google.javascript.jscomp.FunctionInformationMap.getDefaultInstanceForType() may expose internal representation by returning FunctionInformationMap.defaultInstance"
"Closure/54_buggy","Internationalization Warning","EI","com.google.javascript.jscomp.FunctionInformationMap.getEntryList() may expose internal representation by returning FunctionInformationMap.entry_"
"Closure/54_buggy","Internationalization Warning","EI","com.google.javascript.jscomp.FunctionInformationMap.getEntryOrBuilderList() may expose internal representation by returning FunctionInformationMap.entry_"
"Closure/54_buggy","Internationalization Warning","EI","com.google.javascript.jscomp.FunctionInformationMap.getModuleList() may expose internal representation by returning FunctionInformationMap.module_"
"Closure/54_buggy","Internationalization Warning","EI","com.google.javascript.jscomp.FunctionInformationMap.getModuleOrBuilderList() may expose internal representation by returning FunctionInformationMap.module_"
"Closure/54_buggy","Internationalization Warning","EI","com.google.javascript.jscomp.FunctionInformationMap$Entry.getDefaultInstanceForType() may expose internal representation by returning FunctionInformationMap$Entry.defaultInstance"
"Closure/54_buggy","Internationalization Warning","EI","com.google.javascript.jscomp.FunctionInformationMap$Module.getDefaultInstanceForType() may expose internal representation by returning FunctionInformationMap$Module.defaultInstance"
"Closure/54_buggy","Internationalization Warning","EI","com.google.javascript.jscomp.Instrumentation.getDefaultInstanceForType() may expose internal representation by returning Instrumentation.defaultInstance"
"Closure/54_buggy","Internationalization Warning","EI","com.google.javascript.jscomp.JSModule.getDependencies() may expose internal representation by returning JSModule.deps"
"Closure/54_buggy","Internationalization Warning","EI","com.google.javascript.jscomp.JSModule.getInputs() may expose internal representation by returning JSModule.inputs"
"Closure/54_buggy","Internationalization Warning","EI","com.google.javascript.jscomp.JSModuleGraph$ModuleDependenceException.getDependentModule() may expose internal representation by returning JSModuleGraph$ModuleDependenceException.dependentModule"
"Closure/54_buggy","Internationalization Warning","EI","com.google.javascript.jscomp.JSModuleGraph$ModuleDependenceException.getModule() may expose internal representation by returning JSModuleGraph$ModuleDependenceException.module"
"Closure/54_buggy","Internationalization Warning","EI","com.google.javascript.jscomp.JsAst.getAstRoot(AbstractCompiler) may expose internal representation by returning JsAst.root"
"Closure/54_buggy","Internationalization Warning","EI","com.google.javascript.jscomp.JsAst.getSourceFile() may expose internal representation by returning JsAst.sourceFile"
"Closure/54_buggy","Internationalization Warning","EI","com.google.javascript.jscomp.JsMessage$Builder.getParts() may expose internal representation by returning JsMessage$Builder.parts"
"Closure/54_buggy","Internationalization Warning","EI","com.google.javascript.jscomp.JsMessage$Builder.getPlaceholders() may expose internal representation by returning JsMessage$Builder.placeholders"
"Closure/54_buggy","Internationalization Warning","EI","com.google.javascript.jscomp.NodeTraversal.getCompiler() may expose internal representation by returning NodeTraversal.compiler"
"Closure/54_buggy","Internationalization Warning","EI","com.google.javascript.jscomp.NodeTraversal.getCurrentNode() may expose internal representation by returning NodeTraversal.curNode"
"Closure/54_buggy","Internationalization Warning","EI","com.google.javascript.jscomp.Scope.getArgumentsVar() may expose internal representation by returning Scope.arguments"
"Closure/54_buggy","Internationalization Warning","EI","com.google.javascript.jscomp.Scope.getRootNode() may expose internal representation by returning Scope.rootNode"
"Closure/54_buggy","Internationalization Warning","EI","com.google.javascript.jscomp.Scope.getTypeOfThis() may expose internal representation by returning Scope.thisType"
"Closure/54_buggy","Internationalization Warning","EI","com.google.javascript.jscomp.Scope$Var.getJSDocInfo() may expose internal representation by returning Scope$Var.info"
"Closure/54_buggy","Internationalization Warning","EI","com.google.javascript.jscomp.Scope$Var.getNameNode() may expose internal representation by returning Scope$Var.nameNode"
"Closure/54_buggy","Internationalization Warning","EI","com.google.javascript.jscomp.Scope$Var.getNode() may expose internal representation by returning Scope$Var.nameNode"
"Closure/54_buggy","Internationalization Warning","EI","com.google.javascript.jscomp.Scope$Var.getType() may expose internal representation by returning Scope$Var.type"
"Closure/54_buggy","Internationalization Warning","EI","com.google.javascript.jscomp.SideEffectsAnalysis$RawMotionEnvironment.calculateEnvironment() may expose internal representation by returning SideEffectsAnalysis$RawMotionEnvironment.environment"
"Closure/54_buggy","Internationalization Warning","EI","com.google.javascript.jscomp.SpecializeModule$SpecializationState.getRemovedFunctions() may expose internal representation by returning SpecializeModule$SpecializationState.removedFunctions"
"Closure/54_buggy","Internationalization Warning","EI","com.google.javascript.jscomp.SpecializeModule$SpecializationState.getSpecializedFunctions() may expose internal representation by returning SpecializeModule$SpecializationState.specializedFunctions"
"Closure/54_buggy","Internationalization Warning","EI","com.google.javascript.jscomp.SymbolTable$SymbolScope.getRootNode() may expose internal representation by returning SymbolTable$SymbolScope.rootNode"
"Closure/54_buggy","Internationalization Warning","EI","com.google.javascript.jscomp.SymbolTable$SymbolScope.getTypeOfThis() may expose internal representation by returning SymbolTable$SymbolScope.typeOfThis"
"Closure/54_buggy","Internationalization Warning","EI","com.google.javascript.jscomp.SyntheticAst.getAstRoot(AbstractCompiler) may expose internal representation by returning SyntheticAst.root"
"Closure/54_buggy","Internationalization Warning","EI","com.google.javascript.jscomp.SyntheticAst.getSourceFile() may expose internal representation by returning SyntheticAst.sourceFile"
"Closure/54_buggy","Internationalization Warning","EI","com.google.javascript.jscomp.deps.DepsFileParser.parseFileReader(String, Reader) may expose internal representation by returning DepsFileParser.depInfos"
"Closure/54_buggy","Internationalization Warning","EI","com.google.javascript.jscomp.graph.GraphColoring.getGraph() may expose internal representation by returning GraphColoring.graph"
"Closure/54_buggy","Internationalization Warning","EI","com.google.javascript.rhino.JSDocInfo.getAssociatedNode() may expose internal representation by returning JSDocInfo.associatedNode"
"Closure/54_buggy","Internationalization Warning","EI","com.google.javascript.rhino.Node.getFirstChild() may expose internal representation by returning Node.first"
"Closure/54_buggy","Internationalization Warning","EI","com.google.javascript.rhino.Node.getJSType() may expose internal representation by returning Node.jsType"
"Closure/54_buggy","Internationalization Warning","EI","com.google.javascript.rhino.Node.getLastChild() may expose internal representation by returning Node.last"
"Closure/54_buggy","Internationalization Warning","EI","com.google.javascript.rhino.Node.getNext() may expose internal representation by returning Node.next"
"Closure/54_buggy","Internationalization Warning","EI","com.google.javascript.rhino.Node.getParent() may expose internal representation by returning Node.parent"
"Closure/54_buggy","Internationalization Warning","EI","com.google.javascript.rhino.Node.removeFirstChild() may expose internal representation by returning Node.first"
"Closure/54_buggy","Internationalization Warning","EI","com.google.javascript.rhino.Parser.initForUnitTest(Reader, String, int, boolean) may expose internal representation by returning Parser.ts"
"Closure/54_buggy","Internationalization Warning","EI","com.google.javascript.rhino.SimpleErrorReporter.errors() may expose internal representation by returning SimpleErrorReporter.errors"
"Closure/54_buggy","Internationalization Warning","EI","com.google.javascript.rhino.SimpleErrorReporter.warnings() may expose internal representation by returning SimpleErrorReporter.warnings"
"Closure/54_buggy","Internationalization Warning","EI","com.google.javascript.rhino.jstype.EnumElementType.getPrimitiveType() may expose internal representation by returning EnumElementType.primitiveType"
"Closure/54_buggy","Internationalization Warning","EI","com.google.javascript.rhino.jstype.EnumType.getElementsType() may expose internal representation by returning EnumType.elementsType"
"Closure/54_buggy","Internationalization Warning","EI","com.google.javascript.rhino.jstype.FunctionParamBuilder.build() may expose internal representation by returning FunctionParamBuilder.root"
"Closure/54_buggy","Internationalization Warning","EI","com.google.javascript.rhino.jstype.FunctionType.getInstanceType() may expose internal representation by returning FunctionType.typeOfThis"
"Closure/54_buggy","Internationalization Warning","EI","com.google.javascript.rhino.jstype.FunctionType.getPrototype() may expose internal representation by returning FunctionType.prototype"
"Closure/54_buggy","Internationalization Warning","EI","com.google.javascript.rhino.jstype.FunctionType.getSource() may expose internal representation by returning FunctionType.source"
"Closure/54_buggy","Internationalization Warning","EI","com.google.javascript.rhino.jstype.FunctionType.getSubTypes() may expose internal representation by returning FunctionType.subTypes"
"Closure/54_buggy","Internationalization Warning","EI","com.google.javascript.rhino.jstype.InstanceObjectType.getConstructor() may expose internal representation by returning InstanceObjectType.constructor"
"Closure/54_buggy","Internationalization Warning","EI","com.google.javascript.rhino.jstype.JSType.resolve(ErrorReporter, StaticScope) may expose internal representation by returning JSType.resolveResult"
"Closure/54_buggy","Internationalization Warning","EI","com.google.javascript.rhino.jstype.JSTypeRegistry.getType(String) may expose internal representation by returning JSTypeRegistry.templateType"
"Closure/54_buggy","Internationalization Warning","EI","com.google.javascript.rhino.jstype.ObjectType.getJSDocInfo() may expose internal representation by returning ObjectType.docInfo"
"Closure/54_buggy","Internationalization Warning","EI","com.google.javascript.rhino.jstype.SimpleReference.getNode() may expose internal representation by returning SimpleReference.node"
"Closure/54_buggy","Internationalization Warning","EI","com.google.javascript.rhino.jstype.SimpleSlot.getType() may expose internal representation by returning SimpleSlot.type"
"Closure/54_buggy","Internationalization Warning","EI","com.google.javascript.rhino.jstype.UnionType.getAlternates() may expose internal representation by returning UnionType.alternates"
"Closure/54_buggy","Internationalization Warning","EI2","com.google.debugging.sourcemap.proto.Mapping$LineMapping$Builder.mergeOriginalMapping(Mapping$OriginalMapping) may expose internal representation by storing an externally mutable object into Mapping$LineMapping$Builder.originalMapping_"
"Closure/54_buggy","Internationalization Warning","EI2","com.google.debugging.sourcemap.proto.Mapping$LineMapping$Builder.setOriginalMapping(Mapping$OriginalMapping) may expose internal representation by storing an externally mutable object into Mapping$LineMapping$Builder.originalMapping_"
"Closure/54_buggy","Internationalization Warning","EI2","new com.google.javascript.jscomp.CallGraph(AbstractCompiler, boolean, boolean) may expose internal representation by storing an externally mutable object into CallGraph.compiler"
"Closure/54_buggy","Internationalization Warning","EI2","new com.google.javascript.jscomp.CodingConvention$Bind(Node, Node, Node) may expose internal representation by storing an externally mutable object into CodingConvention$Bind.parameters"
"Closure/54_buggy","Internationalization Warning","EI2","new com.google.javascript.jscomp.CodingConvention$Bind(Node, Node, Node) may expose internal representation by storing an externally mutable object into CodingConvention$Bind.target"
"Closure/54_buggy","Internationalization Warning","EI2","new com.google.javascript.jscomp.CodingConvention$Bind(Node, Node, Node) may expose internal representation by storing an externally mutable object into CodingConvention$Bind.thisValue"
"Closure/54_buggy","Internationalization Warning","EI2","new com.google.javascript.jscomp.Compiler(PrintStream) may expose internal representation by storing an externally mutable object into Compiler.outStream"
"Closure/54_buggy","Internationalization Warning","EI2","com.google.javascript.jscomp.Compiler.initModules(List, List, CompilerOptions) may expose internal representation by storing an externally mutable object into Compiler.modules"
"Closure/54_buggy","Internationalization Warning","EI2","com.google.javascript.jscomp.Compiler.initOptions(CompilerOptions) may expose internal representation by storing an externally mutable object into Compiler.options"
"Closure/54_buggy","Internationalization Warning","EI2","com.google.javascript.jscomp.Compiler.setErrorManager(ErrorManager) may expose internal representation by storing an externally mutable object into Compiler.errorManager"
"Closure/54_buggy","Internationalization Warning","EI2","com.google.javascript.jscomp.Compiler.setPassConfig(PassConfig) may expose internal representation by storing an externally mutable object into Compiler.passes"
"Closure/54_buggy","Internationalization Warning","EI2","new com.google.javascript.jscomp.CompilerInput(SourceAst, InputId, boolean) may expose internal representation by storing an externally mutable object into CompilerInput.ast"
"Closure/54_buggy","Internationalization Warning","EI2","com.google.javascript.jscomp.CompilerInput.setCompiler(AbstractCompiler) may expose internal representation by storing an externally mutable object into CompilerInput.compiler"
"Closure/54_buggy","Internationalization Warning","EI2","com.google.javascript.jscomp.CompilerInput.setErrorManager(ErrorManager) may expose internal representation by storing an externally mutable object into CompilerInput.errorManager"
"Closure/54_buggy","Internationalization Warning","EI2","com.google.javascript.jscomp.CompilerInput.setModule(JSModule) may expose internal representation by storing an externally mutable object into CompilerInput.module"
"Closure/54_buggy","Internationalization Warning","EI2","com.google.javascript.jscomp.CompilerOptions.setManageClosureDependencies(List) may expose internal representation by storing an externally mutable object into CompilerOptions.manageClosureDependenciesEntryPoints"
"Closure/54_buggy","Internationalization Warning","EI2","new com.google.javascript.jscomp.FieldCleanupPass(AbstractCompiler) may expose internal representation by storing an externally mutable object into FieldCleanupPass.compiler"
"Closure/54_buggy","Internationalization Warning","EI2","new com.google.javascript.jscomp.FindExportableNodes(AbstractCompiler) may expose internal representation by storing an externally mutable object into FindExportableNodes.compiler"
"Closure/54_buggy","Internationalization Warning","EI2","new com.google.javascript.jscomp.FindExportableNodes$GenerateNodeContext(Node, Node, Node) may expose internal representation by storing an externally mutable object into FindExportableNodes$GenerateNodeContext.contextNode"
"Closure/54_buggy","Internationalization Warning","EI2","new com.google.javascript.jscomp.FindExportableNodes$GenerateNodeContext(Node, Node, Node) may expose internal representation by storing an externally mutable object into FindExportableNodes$GenerateNodeContext.node"
"Closure/54_buggy","Internationalization Warning","EI2","new com.google.javascript.jscomp.FindExportableNodes$GenerateNodeContext(Node, Node, Node) may expose internal representation by storing an externally mutable object into FindExportableNodes$GenerateNodeContext.scriptNode"
"Closure/54_buggy","Internationalization Warning","EI2","new com.google.javascript.jscomp.JsAst(SourceFile) may expose internal representation by storing an externally mutable object into JsAst.sourceFile"
"Closure/54_buggy","Internationalization Warning","EI2","com.google.javascript.jscomp.JsAst.setSourceFile(SourceFile) may expose internal representation by storing an externally mutable object into JsAst.sourceFile"
"Closure/54_buggy","Internationalization Warning","EI2","new com.google.javascript.jscomp.LoggerErrorManager(MessageFormatter, Logger) may expose internal representation by storing an externally mutable object into LoggerErrorManager.logger"
"Closure/54_buggy","Internationalization Warning","EI2","new com.google.javascript.jscomp.NodeTraversal(AbstractCompiler, NodeTraversal$Callback, ScopeCreator) may expose internal representation by storing an externally mutable object into NodeTraversal.compiler"
"Closure/54_buggy","Internationalization Warning","EI2","com.google.javascript.jscomp.NodeTraversal.traverse(Node) may expose internal representation by storing an externally mutable object into NodeTraversal.curNode"
"Closure/54_buggy","Internationalization Warning","EI2","new com.google.javascript.jscomp.NodeTraversal$AbstractNodeTypePruningCallback(Set, boolean) may expose internal representation by storing an externally mutable object into NodeTraversal$AbstractNodeTypePruningCallback.nodeTypes"
"Closure/54_buggy","Internationalization Warning","EI2","new com.google.javascript.jscomp.PassConfig(CompilerOptions) may expose internal representation by storing an externally mutable object into PassConfig.options"
"Closure/54_buggy","Internationalization Warning","EI2","new com.google.javascript.jscomp.PrintStreamErrorManager(MessageFormatter, PrintStream) may expose internal representation by storing an externally mutable object into PrintStreamErrorManager.stream"
"Closure/54_buggy","Internationalization Warning","EI2","new com.google.javascript.jscomp.ShowByPathWarningsGuard(String[], ShowByPathWarningsGuard$ShowType) may expose internal representation by storing an externally mutable object into ShowByPathWarningsGuard.paths"
"Closure/54_buggy","Internationalization Warning","EI2","new com.google.javascript.jscomp.SideEffectsAnalysis$RawMotionEnvironment(Set) may expose internal representation by storing an externally mutable object into SideEffectsAnalysis$RawMotionEnvironment.environment"
"Closure/54_buggy","Internationalization Warning","EI2","com.google.javascript.jscomp.SourceMap.setPrefixMappings(List) may expose internal representation by storing an externally mutable object into SourceMap.prefixMappings"
"Closure/54_buggy","Internationalization Warning","EI2","new com.google.javascript.jscomp.TypeCheck(AbstractCompiler, ReverseAbstractInterpreter, JSTypeRegistry, Scope, ScopeCreator, CheckLevel, CheckLevel) may expose internal representation by storing an externally mutable object into TypeCheck.compiler"
"Closure/54_buggy","Internationalization Warning","EI2","new com.google.javascript.jscomp.TypeCheck(AbstractCompiler, ReverseAbstractInterpreter, JSTypeRegistry, Scope, ScopeCreator, CheckLevel, CheckLevel) may expose internal representation by storing an externally mutable object into TypeCheck.typeRegistry"
"Closure/54_buggy","Internationalization Warning","EI2","new com.google.javascript.jscomp.deps.DepsGenerator(Collection, Collection, DepsGenerator$InclusionStrategy, String, ErrorManager) may expose internal representation by storing an externally mutable object into DepsGenerator.deps"
"Closure/54_buggy","Internationalization Warning","EI2","new com.google.javascript.jscomp.deps.DepsGenerator(Collection, Collection, DepsGenerator$InclusionStrategy, String, ErrorManager) may expose internal representation by storing an externally mutable object into DepsGenerator.errorManager"
"Closure/54_buggy","Internationalization Warning","EI2","new com.google.javascript.jscomp.deps.DepsGenerator(Collection, Collection, DepsGenerator$InclusionStrategy, String, ErrorManager) may expose internal representation by storing an externally mutable object into DepsGenerator.srcs"
"Closure/54_buggy","Internationalization Warning","EI2","new com.google.javascript.jscomp.deps.JsFileLineParser(ErrorManager) may expose internal representation by storing an externally mutable object into JsFileLineParser.errorManager"
"Closure/54_buggy","Internationalization Warning","EI2","new com.google.javascript.jscomp.deps.JsFunctionParser(Collection, ErrorManager) may expose internal representation by storing an externally mutable object into JsFunctionParser.functionsToParse"
"Closure/54_buggy","Internationalization Warning","EI2","new com.google.javascript.jscomp.deps.SimpleDependencyInfo(String, String, List, List) may expose internal representation by storing an externally mutable object into SimpleDependencyInfo.provides"
"Closure/54_buggy","Internationalization Warning","EI2","new com.google.javascript.jscomp.deps.SimpleDependencyInfo(String, String, List, List) may expose internal representation by storing an externally mutable object into SimpleDependencyInfo.requires"
"Closure/54_buggy","Internationalization Warning","EI2","new com.google.javascript.jscomp.graph.GraphColoring(AdjacencyGraph) may expose internal representation by storing an externally mutable object into GraphColoring.graph"
"Closure/54_buggy","Internationalization Warning","EI2","new com.google.javascript.jscomp.graph.GraphPruner(DiGraph) may expose internal representation by storing an externally mutable object into GraphPruner.graph"
"Closure/54_buggy","Internationalization Warning","EI2","new com.google.javascript.jscomp.graph.GraphReachability(DiGraph, Predicate) may expose internal representation by storing an externally mutable object into GraphReachability.graph"
"Closure/54_buggy","Internationalization Warning","EI2","new com.google.javascript.rhino.JSTypeExpression(Node, String) may expose internal representation by storing an externally mutable object into JSTypeExpression.root"
"Closure/54_buggy","Internationalization Warning","EI2","new com.google.javascript.rhino.Node(int, Node) may expose internal representation by storing an externally mutable object into Node.first"
"Closure/54_buggy","Internationalization Warning","EI2","new com.google.javascript.rhino.Node(int, Node) may expose internal representation by storing an externally mutable object into Node.last"
"Closure/54_buggy","Internationalization Warning","EI2","new com.google.javascript.rhino.Node(int, Node, Node) may expose internal representation by storing an externally mutable object into Node.first"
"Closure/54_buggy","Internationalization Warning","EI2","new com.google.javascript.rhino.Node(int, Node, Node) may expose internal representation by storing an externally mutable object into Node.last"
"Closure/54_buggy","Internationalization Warning","EI2","new com.google.javascript.rhino.Node(int, Node, Node, Node) may expose internal representation by storing an externally mutable object into Node.first"
"Closure/54_buggy","Internationalization Warning","EI2","new com.google.javascript.rhino.Node(int, Node, Node, Node) may expose internal representation by storing an externally mutable object into Node.last"
"Closure/54_buggy","Internationalization Warning","EI2","new com.google.javascript.rhino.Node(int, Node, Node, Node, Node) may expose internal representation by storing an externally mutable object into Node.first"
"Closure/54_buggy","Internationalization Warning","EI2","new com.google.javascript.rhino.Node(int, Node, Node, Node, Node) may expose internal representation by storing an externally mutable object into Node.last"
"Closure/54_buggy","Internationalization Warning","EI2","com.google.javascript.rhino.Node.addChildAfter(Node, Node) may expose internal representation by storing an externally mutable object into Node.last"
"Closure/54_buggy","Internationalization Warning","EI2","com.google.javascript.rhino.Node.addChildBefore(Node, Node) may expose internal representation by storing an externally mutable object into Node.first"
"Closure/54_buggy","Internationalization Warning","EI2","com.google.javascript.rhino.Node.addChildToBack(Node) may expose internal representation by storing an externally mutable object into Node.first"
"Closure/54_buggy","Internationalization Warning","EI2","com.google.javascript.rhino.Node.addChildToBack(Node) may expose internal representation by storing an externally mutable object into Node.last"
"Closure/54_buggy","Internationalization Warning","EI2","com.google.javascript.rhino.Node.addChildToFront(Node) may expose internal representation by storing an externally mutable object into Node.first"
"Closure/54_buggy","Internationalization Warning","EI2","com.google.javascript.rhino.Node.addChildToFront(Node) may expose internal representation by storing an externally mutable object into Node.last"
"Closure/54_buggy","Internationalization Warning","EI2","com.google.javascript.rhino.Node.addChildrenToBack(Node) may expose internal representation by storing an externally mutable object into Node.first"
"Closure/54_buggy","Internationalization Warning","EI2","com.google.javascript.rhino.Node.addChildrenToFront(Node) may expose internal representation by storing an externally mutable object into Node.first"
"Closure/54_buggy","Internationalization Warning","EI2","com.google.javascript.rhino.Node.removeChildAfter(Node) may expose internal representation by storing an externally mutable object into Node.last"
"Closure/54_buggy","Internationalization Warning","EI2","com.google.javascript.rhino.Node.replaceChild(Node, Node) may expose internal representation by storing an externally mutable object into Node.first"
"Closure/54_buggy","Internationalization Warning","EI2","com.google.javascript.rhino.Node.replaceChild(Node, Node) may expose internal representation by storing an externally mutable object into Node.last"
"Closure/54_buggy","Internationalization Warning","EI2","com.google.javascript.rhino.Node.replaceChildAfter(Node, Node) may expose internal representation by storing an externally mutable object into Node.last"
"Closure/54_buggy","Internationalization Warning","EI2","com.google.javascript.rhino.Node.setJSType(JSType) may expose internal representation by storing an externally mutable object into Node.jsType"
"Closure/54_buggy","Internationalization Warning","EI2","new com.google.javascript.rhino.Node$FileLevelJsDocBuilder(Node) may expose internal representation by storing an externally mutable object into Node$FileLevelJsDocBuilder.this$0"
"Closure/54_buggy","Internationalization Warning","EI2","new com.google.javascript.rhino.Parser(CompilerEnvirons, ErrorReporter) may expose internal representation by storing an externally mutable object into Parser.compilerEnv"
"Closure/54_buggy","Internationalization Warning","EI2","new com.google.javascript.rhino.TokenStream(Parser, Reader, String, int) may expose internal representation by storing an externally mutable object into TokenStream.parser"
"Closure/54_buggy","Internationalization Warning","EI2","new com.google.javascript.rhino.jstype.FunctionBuilder(JSTypeRegistry) may expose internal representation by storing an externally mutable object into FunctionBuilder.registry"
"Closure/54_buggy","Internationalization Warning","EI2","com.google.javascript.rhino.jstype.FunctionBuilder.withInferredReturnType(JSType) may expose internal representation by storing an externally mutable object into FunctionBuilder.returnType"
"Closure/54_buggy","Internationalization Warning","EI2","com.google.javascript.rhino.jstype.FunctionBuilder.withParamsNode(Node) may expose internal representation by storing an externally mutable object into FunctionBuilder.parametersNode"
"Closure/54_buggy","Internationalization Warning","EI2","com.google.javascript.rhino.jstype.FunctionBuilder.withReturnType(JSType) may expose internal representation by storing an externally mutable object into FunctionBuilder.returnType"
"Closure/54_buggy","Internationalization Warning","EI2","com.google.javascript.rhino.jstype.FunctionBuilder.withReturnType(JSType, boolean) may expose internal representation by storing an externally mutable object into FunctionBuilder.returnType"
"Closure/54_buggy","Internationalization Warning","EI2","com.google.javascript.rhino.jstype.FunctionBuilder.withSourceNode(Node) may expose internal representation by storing an externally mutable object into FunctionBuilder.sourceNode"
"Closure/54_buggy","Internationalization Warning","EI2","com.google.javascript.rhino.jstype.FunctionBuilder.withTypeOfThis(ObjectType) may expose internal representation by storing an externally mutable object into FunctionBuilder.typeOfThis"
"Closure/54_buggy","Internationalization Warning","EI2","new com.google.javascript.rhino.jstype.FunctionParamBuilder(JSTypeRegistry) may expose internal representation by storing an externally mutable object into FunctionParamBuilder.registry"
"Closure/54_buggy","Internationalization Warning","EI2","com.google.javascript.rhino.jstype.FunctionType.setPrototype(PrototypeObjectType) may expose internal representation by storing an externally mutable object into FunctionType.prototype"
"Closure/54_buggy","Internationalization Warning","EI2","com.google.javascript.rhino.jstype.FunctionType.setSource(Node) may expose internal representation by storing an externally mutable object into FunctionType.source"
"Closure/54_buggy","Internationalization Warning","EI2","com.google.javascript.rhino.jstype.ObjectType.setJSDocInfo(JSDocInfo) may expose internal representation by storing an externally mutable object into ObjectType.docInfo"
"Closure/54_buggy","Internationalization Warning","EI2","new com.google.javascript.rhino.jstype.RecordTypeBuilder(JSTypeRegistry) may expose internal representation by storing an externally mutable object into RecordTypeBuilder.registry"
"Closure/54_buggy","Internationalization Warning","EI2","new com.google.javascript.rhino.jstype.SimpleReference(StaticSlot, Node) may expose internal representation by storing an externally mutable object into SimpleReference.node"
"Closure/54_buggy","Internationalization Warning","EI2","new com.google.javascript.rhino.jstype.SimpleSlot(String, JSType, boolean) may expose internal representation by storing an externally mutable object into SimpleSlot.type"
"Closure/54_buggy","Internationalization Warning","MS","Public static com.google.debugging.sourcemap.proto.Mapping$LineMapping.getDefaultInstance() may expose internal representation by returning Mapping$LineMapping.defaultInstance"
"Closure/54_buggy","Internationalization Warning","MS","Public static com.google.debugging.sourcemap.proto.Mapping$OriginalMapping.getDefaultInstance() may expose internal representation by returning Mapping$OriginalMapping.defaultInstance"
"Closure/54_buggy","Internationalization Warning","MS","com.google.javascript.jscomp.DiagnosticGroups.ACCESS_CONTROLS isn't final but should be"
"Closure/54_buggy","Internationalization Warning","MS","com.google.javascript.jscomp.DiagnosticGroups.CHECK_TYPES isn't final but should be"
"Closure/54_buggy","Internationalization Warning","MS","com.google.javascript.jscomp.DiagnosticGroups.CHECK_VARIABLES isn't final but should be"
"Closure/54_buggy","Internationalization Warning","MS","com.google.javascript.jscomp.DiagnosticGroups.CONSTANT_PROPERTY isn't final but should be"
"Closure/54_buggy","Internationalization Warning","MS","com.google.javascript.jscomp.DiagnosticGroups.DEPRECATED isn't final but should be"
"Closure/54_buggy","Internationalization Warning","MS","com.google.javascript.jscomp.DiagnosticGroups.ES5_STRICT isn't final but should be"
"Closure/54_buggy","Internationalization Warning","MS","com.google.javascript.jscomp.DiagnosticGroups.GLOBAL_THIS isn't final but should be"
"Closure/54_buggy","Internationalization Warning","MS","com.google.javascript.jscomp.DiagnosticGroups.MISSING_PROPERTIES isn't final but should be"
"Closure/54_buggy","Internationalization Warning","MS","com.google.javascript.jscomp.DiagnosticGroups.NON_STANDARD_JSDOC isn't final but should be"
"Closure/54_buggy","Internationalization Warning","MS","com.google.javascript.jscomp.DiagnosticGroups.VISIBILITY isn't final but should be"
"Closure/54_buggy","Internationalization Warning","MS","Public static com.google.javascript.jscomp.FunctionInformationMap.getDefaultInstance() may expose internal representation by returning FunctionInformationMap.defaultInstance"
"Closure/54_buggy","Internationalization Warning","MS","Public static com.google.javascript.jscomp.FunctionInformationMap$Entry.getDefaultInstance() may expose internal representation by returning FunctionInformationMap$Entry.defaultInstance"
"Closure/54_buggy","Internationalization Warning","MS","Public static com.google.javascript.jscomp.FunctionInformationMap$Module.getDefaultInstance() may expose internal representation by returning FunctionInformationMap$Module.defaultInstance"
"Closure/54_buggy","Internationalization Warning","MS","Public static com.google.javascript.jscomp.Instrumentation.getDefaultInstance() may expose internal representation by returning Instrumentation.defaultInstance"
"Closure/54_buggy","Malicious code vulnerability Warning","IS","Inconsistent synchronization of com.google.javascript.jscomp.ParallelCompilerPass.worklist; locked 66% of time"
"Closure/54_buggy","Multithreaded correctness Warning","Bx","com.google.javascript.jscomp.CompilerOptions.setDefineToNumberLiteral(String, int) invokes inefficient new Integer(int) constructor; use Integer.valueOf(int) instead"
"Closure/54_buggy","Multithreaded correctness Warning","Bx","com.google.javascript.jscomp.CompilerOptions.setTweakToNumberLiteral(String, int) invokes inefficient new Integer(int) constructor; use Integer.valueOf(int) instead"
"Closure/54_buggy","Multithreaded correctness Warning","Bx","com.google.javascript.rhino.Context.setLanguageVersion(int) invokes inefficient new Integer(int) constructor; use Integer.valueOf(int) instead"
"Closure/54_buggy","Multithreaded correctness Warning","Bx","Boxing/unboxing to parse a primitive com.google.javascript.rhino.ScriptRuntime.stringToNumber(String, int, int)"
"Closure/54_buggy","Multithreaded correctness Warning","Bx","Boxing/unboxing to parse a primitive com.google.javascript.rhino.TokenStream.getToken()"
"Closure/54_buggy","Multithreaded correctness Warning","Dm","com.google.javascript.jscomp.CompilerOptions.setDefineToBooleanLiteral(String, boolean) invokes inefficient Boolean constructor; use Boolean.valueOf(...) instead"
"Closure/54_buggy","Multithreaded correctness Warning","Dm","com.google.javascript.jscomp.CompilerOptions.setTweakToBooleanLiteral(String, boolean) invokes inefficient Boolean constructor; use Boolean.valueOf(...) instead"
"Closure/54_buggy","Multithreaded correctness Warning","SBSC","com.google.javascript.jscomp.CoalesceVariableNames.visit(NodeTraversal, Node, Node) concatenates strings using + in a loop"
"Closure/54_buggy","Multithreaded correctness Warning","SBSC","com.google.javascript.jscomp.NameGenerator.generateNextName() concatenates strings using + in a loop"
"Closure/54_buggy","Multithreaded correctness Warning","SBSC","com.google.javascript.jscomp.parsing.JsDocInfoParser.parseTypeName(JsDocToken) concatenates strings using + in a loop"
"Closure/54_buggy","Multithreaded correctness Warning","SIC","Should com.google.debugging.sourcemap.SourceMapConsumerV1$FileName be a _static_ inner class?"
"Closure/54_buggy","Multithreaded correctness Warning","SIC","Should com.google.debugging.sourcemap.SourceMapGeneratorV1$UsedMappingCheck be a _static_ inner class?"
"Closure/54_buggy","Multithreaded correctness Warning","SIC","Should com.google.debugging.sourcemap.SourceMapGeneratorV2$UsedMappingCheck be a _static_ inner class?"
"Closure/54_buggy","Multithreaded correctness Warning","SIC","Should com.google.debugging.sourcemap.SourceMapGeneratorV3$UsedMappingCheck be a _static_ inner class?"
"Closure/54_buggy","Multithreaded correctness Warning","SIC","Should com.google.javascript.jscomp.AmbiguateProperties$PropertyGraphNode be a _static_ inner class?"
"Closure/54_buggy","Multithreaded correctness Warning","SIC","Should com.google.javascript.jscomp.AnalyzePrototypeProperties$GlobalFunction be a _static_ inner class?"
"Closure/54_buggy","Multithreaded correctness Warning","SIC","Should com.google.javascript.jscomp.AnalyzePrototypeProperties$NameContext be a _static_ inner class?"
"Closure/54_buggy","Multithreaded correctness Warning","SIC","Should com.google.javascript.jscomp.CheckUnreachableCode$ReachablePredicate be a _static_ inner class?"
"Closure/54_buggy","Multithreaded correctness Warning","SIC","Should com.google.javascript.jscomp.CreateSyntheticBlocks$Marker be a _static_ inner class?"
"Closure/54_buggy","Multithreaded correctness Warning","SIC","Should com.google.javascript.jscomp.CrossModuleCodeMotion$Declaration be a _static_ inner class?"
"Closure/54_buggy","Multithreaded correctness Warning","SIC","Should com.google.javascript.jscomp.InlineVariables$IdentifyConstants be a _static_ inner class?"
"Closure/54_buggy","Multithreaded correctness Warning","SIC","Should com.google.javascript.jscomp.InlineVariables$IdentifyLocals be a _static_ inner class?"
"Closure/54_buggy","Multithreaded correctness Warning","SIC","Should com.google.javascript.jscomp.NameReferenceGraphReport$DiGraphNodeComparator be a _static_ inner class?"
"Closure/54_buggy","Multithreaded correctness Warning","SIC","Should com.google.javascript.jscomp.Normalize$ScopeTicklingCallback be a _static_ inner class?"
"Closure/54_buggy","Multithreaded correctness Warning","SIC","Should com.google.javascript.jscomp.ProcessClosurePrimitives$UnrecognizedRequire be a _static_ inner class?"
"Closure/54_buggy","Multithreaded correctness Warning","SIC","Should com.google.javascript.jscomp.RenameProperties$Property be a _static_ inner class?"
"Closure/54_buggy","Multithreaded correctness Warning","SIC","Should com.google.javascript.jscomp.RenameProperties$PropertyAffinity be a _static_ inner class?"
"Closure/54_buggy","Multithreaded correctness Warning","SIC","Should com.google.javascript.jscomp.ReplaceStrings$Config be a _static_ inner class?"
"Closure/54_buggy","Multithreaded correctness Warning","SIC","Should com.google.javascript.jscomp.ReplaceStrings$Location be a _static_ inner class?"
"Closure/54_buggy","Multithreaded correctness Warning","SIC","Should com.google.javascript.jscomp.ScopedAliases$AliasedNode be a _static_ inner class?"
"Closure/54_buggy","Multithreaded correctness Warning","SIC","Should com.google.javascript.jscomp.ScopedAliases$AliasedTypeNode be a _static_ inner class?"
"Closure/54_buggy","Multithreaded correctness Warning","SS","Unread field: com.google.javascript.jscomp.ReplaceStrings.DEFAULT_PLACEHOLDER_TOKEN; should this field be static?"
"Closure/54_buggy","Multithreaded correctness Warning","UrF","Unread field: com.google.javascript.jscomp.CommandLineRunner$Flags.jscomp_error"
"Closure/54_buggy","Multithreaded correctness Warning","UrF","Unread field: com.google.javascript.jscomp.CommandLineRunner$Flags.jscomp_off"
"Closure/54_buggy","Multithreaded correctness Warning","UrF","Unread field: com.google.javascript.jscomp.CommandLineRunner$Flags.jscomp_warning"
"Closure/54_buggy","Multithreaded correctness Warning","UrF","Unread field: com.google.javascript.jscomp.InferJSDocInfo.inExterns"
"Closure/54_buggy","Multithreaded correctness Warning","UrF","Unread field: com.google.javascript.jscomp.NameAnalyzer$JsNameRefNode.node"
"Closure/54_buggy","Multithreaded correctness Warning","UuF","Unused field: com.google.javascript.rhino.Context.instructionCount"
"Closure/54_buggy","Multithreaded correctness Warning","UuF","Unused field: com.google.javascript.rhino.Context.interpreterSecurityDomain"
"Closure/54_buggy","Multithreaded correctness Warning","UuF","Unused field: com.google.javascript.rhino.Context.iterating"
"Closure/54_buggy","Multithreaded correctness Warning","UuF","Unused field: com.google.javascript.rhino.Context.lastInterpreterFrame"
"Closure/54_buggy","Multithreaded correctness Warning","UuF","Unused field: com.google.javascript.rhino.Context.previousInterpreterInvocations"
"Closure/54_buggy","Multithreaded correctness Warning","UuF","Unused field: com.google.javascript.rhino.Context.useDynamicScope"
"Closure/54_buggy","Multithreaded correctness Warning","WMI","com.google.javascript.jscomp.SpecializeModule.addDummyVarDeclarationsToInitialModule(JSModule) makes inefficient use of keySet iterator instead of entrySet iterator"
"Closure/54_buggy","Multithreaded correctness Warning","WMI","com.google.javascript.jscomp.SpecializeModule.replaceOriginalModuleInputsWithSpecialized() makes inefficient use of keySet iterator instead of entrySet iterator"
"Closure/54_buggy","Multithreaded correctness Warning","WMI","com.google.javascript.jscomp.Tracer$ThreadTrace.toString() makes inefficient use of keySet iterator instead of entrySet iterator"
"Closure/54_buggy","Multithreaded correctness Warning","WMI","new com.google.javascript.rhino.jstype.RecordType(JSTypeRegistry, Map) makes inefficient use of keySet iterator instead of entrySet iterator"
"Closure/54_buggy","Multithreaded correctness Warning","WMI","com.google.javascript.rhino.jstype.RecordType.toString() makes inefficient use of keySet iterator instead of entrySet iterator"
"Closure/54_buggy","Performance Warning","DLS","Dead store to rhs in com.google.javascript.jscomp.CheckGlobalThis.shouldTraverse(NodeTraversal, Node, Node)"
"Closure/54_buggy","Performance Warning","DLS","Dead store to cfg in com.google.javascript.jscomp.CheckPropertyOrder.checkConstructor(Node, ObjectType, String, String)"
"Closure/54_buggy","Performance Warning","DLS","Dead store to greatGreatGramps in com.google.javascript.jscomp.CollapseProperties.updateSimpleDeclaration(String, GlobalNamespace$Name, GlobalNamespace$Ref)"
"Closure/54_buggy","Performance Warning","DLS","Dead store to scope in com.google.javascript.jscomp.DisambiguateProperties.process(Node, Node)"
"Closure/54_buggy","Performance Warning","DLS","Dead store to functionJSDocInfo in com.google.javascript.jscomp.ExternExportsPass$Export.checkForFunctionsWithUnknownTypes(Node)"
"Closure/54_buggy","Performance Warning","DLS","Dead store to defs in com.google.javascript.jscomp.FlowSensitiveInlineVariables$GatherCandiates.visit(NodeTraversal, Node, Node)"
"Closure/54_buggy","Performance Warning","DLS","Dead store to info in com.google.javascript.jscomp.GlobalNamespace$Name.isSimpleStubDeclaration()"
"Closure/54_buggy","Performance Warning","DLS","Dead store to newCode in com.google.javascript.jscomp.InlineFunctions$Inline.inlineFunction(NodeTraversal, Node, InlineFunctions$FunctionState, FunctionInjector$InliningMode)"
"Closure/54_buggy","Performance Warning","DLS","Dead store to parent in com.google.javascript.jscomp.PeepholeFoldConstants.tryFoldArrayAccess(Node, Node, Node)"
"Closure/54_buggy","Performance Warning","DLS","Dead store to increment in com.google.javascript.jscomp.PeepholeRemoveDeadCode.tryFoldFor(Node)"
"Closure/54_buggy","Performance Warning","DLS","Dead store to init in com.google.javascript.jscomp.PeepholeRemoveDeadCode.tryFoldFor(Node)"
"Closure/54_buggy","Performance Warning","DLS","Dead store to cond in com.google.javascript.jscomp.PeepholeRemoveDeadCode.tryFoldIf(Node)"
"Closure/54_buggy","Performance Warning","DLS","Dead store to name in com.google.javascript.jscomp.PureFunctionIdentifier$SideEffectPropagationCallback.traverseEdge(PureFunctionIdentifier$FunctionInformation, Node, PureFunctionIdentifier$FunctionInformation)"
"Closure/54_buggy","Performance Warning","DLS","Dead store to body in com.google.javascript.jscomp.TypedScopeCreator$LocalScopeBuilder.declareArguments(Node)"
"Closure/54_buggy","Performance Warning","DLS","Dead store to uNode in com.google.javascript.jscomp.graph.LinkedUndirectedGraph.getNeighborNodes(Object)"
"Closure/54_buggy","Performance Warning","DLS","Dead store to token in com.google.javascript.jscomp.parsing.JsDocInfoParser.parseResultType(JsDocToken)"
"Closure/54_buggy","Performance Warning","DLS","Dead store to keys rather than field with same name in com.google.javascript.rhino.UintMap.ensureIndex(int, boolean)"
"Closure/54_buggy","Performance Warning","DLS","Dead store to arrayPrototype in com.google.javascript.rhino.jstype.JSTypeRegistry.initializeBuiltInTypes()"
"Closure/54_buggy","Performance Warning","DLS","Dead store to booleanPrototype in com.google.javascript.rhino.jstype.JSTypeRegistry.initializeBuiltInTypes()"
"Closure/54_buggy","Performance Warning","DLS","Dead store to datePrototype in com.google.javascript.rhino.jstype.JSTypeRegistry.initializeBuiltInTypes()"
"Closure/54_buggy","Performance Warning","DLS","Dead store to numberPrototype in com.google.javascript.rhino.jstype.JSTypeRegistry.initializeBuiltInTypes()"
"Closure/54_buggy","Performance Warning","DLS","Dead store to regexpPrototype in com.google.javascript.rhino.jstype.JSTypeRegistry.initializeBuiltInTypes()"
"Closure/54_buggy","Performance Warning","DLS","Dead store to stringPrototype in com.google.javascript.rhino.jstype.JSTypeRegistry.initializeBuiltInTypes()"
"Closure/54_buggy","Performance Warning","ICAST","Integral division result cast to double or float in com.google.javascript.jscomp.CodeConsumer.addNumber(double)"
"Closure/54_buggy","Performance Warning","NP","Load of known null value in com.google.javascript.jscomp.JsMessageVisitor.extractFromCallNode(JsMessage$Builder, Node)"
"Closure/54_buggy","Performance Warning","NP","Load of known null value in com.google.javascript.jscomp.ReplaceMessages.checkNode(Node, int)"
"Closure/54_buggy","Performance Warning","NP","Load of known null value in com.google.javascript.jscomp.ScopedAliases$Traversal.getSourceRegion(Node)"
"Closure/54_buggy","Performance Warning","NP","Load of known null value in com.google.javascript.jscomp.TypedScopeCreator$AbstractScopeBuilder.createEnumTypeFromNodes(Node, String, JSDocInfo, Node)"
"Closure/54_buggy","Performance Warning","NP","Load of known null value in com.google.javascript.jscomp.graph.LinkedDirectedGraph.getDirectedPredNodes(DiGraph$DiGraphNode)"
"Closure/54_buggy","Performance Warning","NP","Load of known null value in com.google.javascript.jscomp.graph.LinkedDirectedGraph.getDirectedSuccNodes(DiGraph$DiGraphNode)"
"Closure/54_buggy","Performance Warning","RCN","Redundant nullcheck of newRoot, which is known to be non-null in com.google.javascript.jscomp.Compiler.replaceIncrementalSourceAst(JsAst)"
"Closure/54_buggy","Performance Warning","RCN","Redundant nullcheck of com.google.javascript.jscomp.GlobalNamespace$Name.refs, which is known to be non-null in com.google.javascript.jscomp.GlobalNamespace$Name.removeRef(GlobalNamespace$Ref)"
"Closure/54_buggy","Performance Warning","RCN","Redundant nullcheck of next which is known to be null in com.google.javascript.jscomp.ScopedAliases$Traversal.getSourceRegion(Node)"
"Closure/54_buggy","Performance Warning","RCN","Redundant nullcheck of leftType, which is known to be non-null in com.google.javascript.jscomp.SemanticReverseAbstractInterpreter.caseAndOrNotShortCircuiting(Node, Node, FlowScope, boolean)"
"Closure/54_buggy","Performance Warning","RCN","Redundant nullcheck of valueType, which is known to be non-null in com.google.javascript.jscomp.TypedScopeCreator$AbstractScopeBuilder.maybeDeclareQualifiedName(NodeTraversal, JSDocInfo, Node, Node, Node)"
"Closure/54_buggy","Performance Warning","RCN","Redundant nullcheck of com.google.javascript.rhino.RhinoException.sourceName, which is known to be non-null in com.google.javascript.rhino.RhinoException.getMessage()"
"Closure/54_buggy","Performance Warning","RV","Return value of com.google.javascript.rhino.jstype.StaticSlot.getType() ignored, but method has no side effect"
"Closure/54_buggy","Performance Warning","SF","Switch statement found in com.google.javascript.jscomp.AliasExternals$GetAliasableNames.visit(NodeTraversal, Node, Node) where default case is missing"
"Closure/54_buggy","Performance Warning","SF","Switch statement found in com.google.javascript.jscomp.AmbiguateProperties$ProcessProperties.visit(NodeTraversal, Node, Node) where default case is missing"
"Closure/54_buggy","Performance Warning","SF","Switch statement found in com.google.javascript.jscomp.AnonymousFunctionNamingCallback.visit(NodeTraversal, Node, Node) where default case is missing"
"Closure/54_buggy","Performance Warning","SF","Switch statement found in com.google.javascript.jscomp.CheckAccessControls.visit(NodeTraversal, Node, Node) where default case is missing"
"Closure/54_buggy","Performance Warning","SF","Switch statement found in com.google.javascript.jscomp.CheckProvides$CheckProvidesCallback.visit(NodeTraversal, Node, Node) where default case is missing"
"Closure/54_buggy","Performance Warning","SF","Switch statement found in com.google.javascript.jscomp.CheckRequiresForConstructors$CheckRequiresForConstructorsCallback.visit(NodeTraversal, Node, Node) where default case is missing"
"Closure/54_buggy","Performance Warning","SF","Switch statement found in com.google.javascript.jscomp.CodeGenerator.jsString(String) where default case is missing"
"Closure/54_buggy","Performance Warning","SF","Switch statement found in com.google.javascript.jscomp.CollapseProperties.updateObjLitOrFunctionDeclaration(GlobalNamespace$Name, String, boolean) where default case is missing"
"Closure/54_buggy","Performance Warning","SF","Switch statement found in com.google.javascript.jscomp.ControlFlowAnalysis.shouldTraverse(NodeTraversal, Node, Node) where default case is missing"
"Closure/54_buggy","Performance Warning","SF","Switch statement found in com.google.javascript.jscomp.ControlStructureCheck.check(Node) where default case is missing"
"Closure/54_buggy","Performance Warning","SF","Switch statement found in com.google.javascript.jscomp.ConvertToDottedProperties.visit(NodeTraversal, Node, Node) where default case is missing"
"Closure/54_buggy","Performance Warning","SF","Switch statement found in com.google.javascript.jscomp.ExternExportsPass.visit(NodeTraversal, Node, Node) where default case is missing"
"Closure/54_buggy","Performance Warning","SF","Switch statement found in com.google.javascript.jscomp.FindExportableNodes.visit(NodeTraversal, Node, Node) where default case is missing"
"Closure/54_buggy","Performance Warning","SF","Switch statement found in com.google.javascript.jscomp.FunctionArgumentInjector.gatherLocalNames(Node, Set) where default case is missing"
"Closure/54_buggy","Performance Warning","SF","Switch statement found in com.google.javascript.jscomp.InferJSDocInfo.visit(NodeTraversal, Node, Node) where default case is missing"
"Closure/54_buggy","Performance Warning","SF","Switch statement found in com.google.javascript.jscomp.InlineFunctions$CallVisitor.visit(NodeTraversal, Node, Node) where default case is missing"
"Closure/54_buggy","Performance Warning","SF","Switch statement found in com.google.javascript.jscomp.InlineFunctions$FindCandidateFunctions.findFunctionExpressions(NodeTraversal, Node) where default case is missing"
"Closure/54_buggy","Performance Warning","SF","Switch statement found in com.google.javascript.jscomp.InlineFunctions$FindCandidateFunctions.findNamedFunctions(NodeTraversal, Node, Node) where default case is missing"
"Closure/54_buggy","Performance Warning","SF","Switch statement found in com.google.javascript.jscomp.JsMessage$Hash.hash64(byte[], int, int, long) where default case is missing"
"Closure/54_buggy","Performance Warning","SF","Switch statement found in com.google.javascript.jscomp.LoggerErrorManager.println(CheckLevel, JSError) where default case is missing"
"Closure/54_buggy","Performance Warning","SF","Switch statement found in com.google.javascript.jscomp.MakeDeclaredNamesUnique.shouldTraverse(NodeTraversal, Node, Node) where default case is missing"
"Closure/54_buggy","Performance Warning","SF","Switch statement found in com.google.javascript.jscomp.MakeDeclaredNamesUnique.visit(NodeTraversal, Node, Node) where default case is missing"
"Closure/54_buggy","Performance Warning","SF","Switch statement found in com.google.javascript.jscomp.MethodCompilerPass$GatherSignatures.processPrototypeParent(NodeTraversal, Node) where default case is missing"
"Closure/54_buggy","Performance Warning","SF","Switch statement found in com.google.javascript.jscomp.MinimizeExitPoints.visit(NodeTraversal, Node, Node) where default case is missing"
"Closure/54_buggy","Performance Warning","SF","Switch statement found in com.google.javascript.jscomp.NameReferenceGraphConstruction$Traversal.visit(NodeTraversal, Node, Node) where default case is missing"
"Closure/54_buggy","Performance Warning","SF","Switch statement found in com.google.javascript.jscomp.Normalize$NormalizeStatements.extractForInitializer(Node, Node, Node) where default case is missing"
"Closure/54_buggy","Performance Warning","SF","Switch statement found in com.google.javascript.jscomp.Normalize$NormalizeStatements.visit(NodeTraversal, Node, Node) where default case is missing"
"Closure/54_buggy","Performance Warning","SF","Switch statement found in com.google.javascript.jscomp.PeepholeFoldConstants.tryFoldTypeof(Node) where default case is missing"
"Closure/54_buggy","Performance Warning","SF","Switch statement found in com.google.javascript.jscomp.PeepholeFoldConstants.tryReduceOperandsForOp(Node) where default case is missing"
"Closure/54_buggy","Performance Warning","SF","Switch statement found in com.google.javascript.jscomp.PeepholeSubstituteAlternateSyntax.makeForwardSlashBracketSafe(Node) where default case is missing"
"Closure/54_buggy","Performance Warning","SF","Switch statement found in com.google.javascript.jscomp.PeepholeSubstituteAlternateSyntax.tryReduceReturn(Node) where default case is missing"
"Closure/54_buggy","Performance Warning","SF","Switch statement found in com.google.javascript.jscomp.PrepareAst$PrepareAnnotations.visit(NodeTraversal, Node, Node) where default case is missing"
"Closure/54_buggy","Performance Warning","SF","Switch statement found in com.google.javascript.jscomp.ProcessClosurePrimitives.visit(NodeTraversal, Node, Node) where default case is missing"
"Closure/54_buggy","Performance Warning","SF","Switch statement found in com.google.javascript.jscomp.ProcessDefines$CollectDefines.updateAssignAllowedStack(Node, boolean) where default case is missing"
"Closure/54_buggy","Performance Warning","SF","Switch statement found in com.google.javascript.jscomp.ProcessTweaks$CollectTweaks.visit(NodeTraversal, Node, Node) where default case is missing"
"Closure/54_buggy","Performance Warning","SF","Switch statement found in com.google.javascript.jscomp.RemoveUnusedVars.traverseNode(Node, Node, Scope) where default case is missing"
"Closure/54_buggy","Performance Warning","SF","Switch statement found in com.google.javascript.jscomp.RenameLabels$ProcessLabels.visit(NodeTraversal, Node, Node) where default case is missing"
"Closure/54_buggy","Performance Warning","SF","Switch statement found in com.google.javascript.jscomp.RenameProperties$ProcessProperties.visit(NodeTraversal, Node, Node) where default case is missing"
"Closure/54_buggy","Performance Warning","SF","Switch statement found in com.google.javascript.jscomp.RenamePrototypes$ProcessExternedProperties.visit(NodeTraversal, Node, Node) where default case is missing"
"Closure/54_buggy","Performance Warning","SF","Switch statement found in com.google.javascript.jscomp.StripCode$Strip.visit(NodeTraversal, Node, Node) where default case is missing"
"Closure/54_buggy","Performance Warning","SF","Switch statement found in com.google.javascript.jscomp.SyntacticScopeCreator.scanVars(Node, Node) where default case is missing"
"Closure/54_buggy","Performance Warning","SF","Switch statement found in com.google.javascript.jscomp.TightenTypes$CreateScope.visit(NodeTraversal, Node, Node) where default case is missing"
"Closure/54_buggy","Performance Warning","SF","Switch statement found in com.google.javascript.jscomp.Tracer.appendSpaces(StringBuilder, int) where default case is missing"
"Closure/54_buggy","Performance Warning","SF","Switch statement found in com.google.javascript.jscomp.TypeCheck.checkNoTypeCheckSection(Node, boolean) where default case is missing"
"Closure/54_buggy","Performance Warning","SF","Switch statement found in com.google.javascript.jscomp.TypeCheck.shouldTraverse(NodeTraversal, Node, Node) where default case is missing"
"Closure/54_buggy","Performance Warning","SF","Switch statement found in com.google.javascript.jscomp.TypeInference.branchedFlowThrough(Node, FlowScope) where default case is missing"
"Closure/54_buggy","Performance Warning","SF","Switch statement found in com.google.javascript.jscomp.TypeInference.traverse(Node, FlowScope) where default case is missing"
"Closure/54_buggy","Performance Warning","SF","Switch statement found in com.google.javascript.jscomp.TypeInference.updateScopeForTypeChange(FlowScope, Node, JSType, JSType) where default case is missing"
"Closure/54_buggy","Performance Warning","SF","Switch statement found in com.google.javascript.jscomp.TypedScopeCreator$AbstractScopeBuilder.attachLiteralTypes(NodeTraversal, Node) where default case is missing"
"Closure/54_buggy","Performance Warning","SF","Switch statement found in com.google.javascript.jscomp.TypedScopeCreator$AbstractScopeBuilder.visit(NodeTraversal, Node, Node) where default case is missing"
"Closure/54_buggy","Performance Warning","SF","Switch statement found in com.google.javascript.jscomp.TypedScopeCreator$AbstractScopeBuilder$CollectProperties.visit(NodeTraversal, Node, Node) where default case is missing"
"Closure/54_buggy","Performance Warning","SF","Switch statement found in com.google.javascript.jscomp.TypedScopeCreator$DiscoverEnumsAndTypedefs.visit(NodeTraversal, Node, Node) where default case is missing"
"Closure/54_buggy","Performance Warning","SF","Switch statement found in com.google.javascript.jscomp.TypedScopeCreator$GlobalScopeBuilder.visit(NodeTraversal, Node, Node) where default case is missing"
"Closure/54_buggy","Performance Warning","SF","Switch statement found in com.google.javascript.jscomp.UnfoldCompoundAssignments.visit(NodeTraversal, Node, Node) where default case is missing"
"Closure/54_buggy","Performance Warning","SF","Switch statement found in com.google.javascript.jscomp.UnreachableCodeElimination.removeDeadExprStatementSafely(Node) where default case is missing"
"Closure/54_buggy","Performance Warning","SF","Switch statement found in com.google.javascript.jscomp.ant.AntErrorManager.println(CheckLevel, JSError) where default case is missing"
"Closure/54_buggy","Performance Warning","SF","Switch statement found in com.google.javascript.jscomp.parsing.JsDocInfoParser.parse() where default case is missing"
"Closure/54_buggy","Performance Warning","SF","Switch statement found in com.google.javascript.jscomp.parsing.JsDocTokenStream.getJsDocToken() where default case is missing"
"Closure/54_buggy","Performance Warning","SF","Switch statement found in com.google.javascript.rhino.DToA.JS_dtoa(double, int, boolean, int, boolean[], StringBuffer) where one case falls through to the next case"
"Closure/54_buggy","Performance Warning","SF","Switch statement found in com.google.javascript.rhino.DToA.JS_dtostr(StringBuffer, int, int, double) where one case falls through to the next case"
"Closure/54_buggy","Performance Warning","SF","Switch statement found in com.google.javascript.rhino.DToA.JS_dtoa(double, int, boolean, int, boolean[], StringBuffer) where default case is missing"
"Closure/54_buggy","Performance Warning","SF","Switch statement found in com.google.javascript.rhino.DToA.JS_dtostr(StringBuffer, int, int, double) where default case is missing"
"Closure/54_buggy","Performance Warning","SF","Switch statement found in com.google.javascript.rhino.Decompiler.decompile(String, int, UintMap) where default case is missing"
"Closure/54_buggy","Performance Warning","SF","Switch statement found in com.google.javascript.rhino.IRFactory.createBinary(int, Node, Node, int, int) where default case is missing"
"Closure/54_buggy","Performance Warning","SF","Switch statement found in com.google.javascript.rhino.Parser.primaryExpr() where one case falls through to the next case"
"Closure/54_buggy","Performance Warning","SF","Switch statement found in com.google.javascript.rhino.ScriptRuntime.stringToNumber(String, int, int) where one case falls through to the next case"
"Closure/54_buggy","Performance Warning","SF","Switch statement found in com.google.javascript.rhino.ScriptRuntime.escapeString(String, char) where default case is missing"
"Closure/54_buggy","Performance Warning","SF","Switch statement found in com.google.javascript.rhino.ScriptRuntime.stringToNumber(String, int, int) where default case is missing"
"Closure/54_buggy","Performance Warning","SF","Switch statement found in com.google.javascript.rhino.TokenStream.getJSDocToken() where default case is missing"
"Closure/54_buggy","Performance Warning","ST","Write to static field com.google.javascript.rhino.Context.implementationVersion from instance method com.google.javascript.rhino.Context.getImplementationVersion()"
"Closure/54_buggy","Performance Warning","UCF","Useless control flow in com.google.debugging.sourcemap.proto.Mapping$OriginalMapping$Builder.maybeForceBuilderInitialization()"
"Closure/54_buggy","Performance Warning","UCF","Useless control flow in com.google.javascript.jscomp.FunctionInformationMap$Entry$Builder.maybeForceBuilderInitialization()"
"Closure/54_buggy","Performance Warning","UCF","Useless control flow in com.google.javascript.jscomp.FunctionInformationMap$Module$Builder.maybeForceBuilderInitialization()"
"Closure/54_buggy","Performance Warning","UCF","Useless control flow in com.google.javascript.jscomp.Instrumentation$Builder.maybeForceBuilderInitialization()"
"Closure/54_buggy","Performance Warning","UrF","Unread public/protected field: com.google.javascript.rhino.JSDocInfo$TypePosition.hasBrackets"
