"Bug Id","Warning Type","Code","Warning"
"Closure/76_buggy","Bad practice Warning","CN","com.google.javascript.jscomp.FunctionInformationMap$Builder defines clone() but doesn't implement Cloneable"
"Closure/76_buggy","Bad practice Warning","CN","com.google.javascript.jscomp.FunctionInformationMap$Entry$Builder defines clone() but doesn't implement Cloneable"
"Closure/76_buggy","Bad practice Warning","CN","com.google.javascript.jscomp.FunctionInformationMap$Module$Builder defines clone() but doesn't implement Cloneable"
"Closure/76_buggy","Bad practice Warning","CN","com.google.javascript.jscomp.Instrumentation$Builder defines clone() but doesn't implement Cloneable"
"Closure/76_buggy","Malicious code vulnerability Warning","EI","com.google.javascript.jscomp.FunctionInformationMap.getDefaultInstanceForType() may expose internal representation by returning FunctionInformationMap.defaultInstance"
"Closure/76_buggy","Malicious code vulnerability Warning","EI","com.google.javascript.jscomp.FunctionInformationMap.getEntryList() may expose internal representation by returning FunctionInformationMap.entry_"
"Closure/76_buggy","Malicious code vulnerability Warning","EI","com.google.javascript.jscomp.FunctionInformationMap.getModuleList() may expose internal representation by returning FunctionInformationMap.module_"
"Closure/76_buggy","Malicious code vulnerability Warning","EI","com.google.javascript.jscomp.FunctionInformationMap$Entry.getDefaultInstanceForType() may expose internal representation by returning FunctionInformationMap$Entry.defaultInstance"
"Closure/76_buggy","Malicious code vulnerability Warning","EI","com.google.javascript.jscomp.FunctionInformationMap$Module.getDefaultInstanceForType() may expose internal representation by returning FunctionInformationMap$Module.defaultInstance"
"Closure/76_buggy","Malicious code vulnerability Warning","EI","com.google.javascript.jscomp.Instrumentation.getDeclarationToRemoveList() may expose internal representation by returning Instrumentation.declarationToRemove_"
"Closure/76_buggy","Malicious code vulnerability Warning","EI","com.google.javascript.jscomp.Instrumentation.getDefaultInstanceForType() may expose internal representation by returning Instrumentation.defaultInstance"
"Closure/76_buggy","Malicious code vulnerability Warning","EI","com.google.javascript.jscomp.Instrumentation.getInitList() may expose internal representation by returning Instrumentation.init_"
"Closure/76_buggy","Malicious code vulnerability Warning","MS","Public static com.google.javascript.jscomp.FunctionInformationMap.getDefaultInstance() may expose internal representation by returning FunctionInformationMap.defaultInstance"
"Closure/76_buggy","Malicious code vulnerability Warning","MS","Public static com.google.javascript.jscomp.FunctionInformationMap$Entry.getDefaultInstance() may expose internal representation by returning FunctionInformationMap$Entry.defaultInstance"
"Closure/76_buggy","Malicious code vulnerability Warning","MS","Public static com.google.javascript.jscomp.FunctionInformationMap$Module.getDefaultInstance() may expose internal representation by returning FunctionInformationMap$Module.defaultInstance"
"Closure/76_buggy","Malicious code vulnerability Warning","MS","Public static com.google.javascript.jscomp.Instrumentation.getDefaultInstance() may expose internal representation by returning Instrumentation.defaultInstance"
