"Bug Id","Warning Type","Code","Warning"
"Codec/13_buggy","Bad practice Warning","DMI","Random object created and used only once in org.apache.commons.codec.digest.B64.getRandomSalt(int)"
"Codec/13_buggy","Dodgy code Warning","EI","org.apache.commons.codec.language.bm.Languages.getLanguages() may expose internal representation by returning Languages.languages"
"Codec/13_buggy","Dodgy code Warning","EI","org.apache.commons.codec.language.bm.Rule$Phoneme.getPhonemeText() may expose internal representation by returning Rule$Phoneme.phonemeText"
"Codec/13_buggy","Dodgy code Warning","EI","org.apache.commons.codec.language.bm.Rule$PhonemeList.getPhonemes() may expose internal representation by returning Rule$PhonemeList.phonemes"
"Codec/13_buggy","Dodgy code Warning","EI2","new org.apache.commons.codec.language.DoubleMetaphone$DoubleMetaphoneResult(DoubleMetaphone, int) may expose internal representation by storing an externally mutable object into DoubleMetaphone$DoubleMetaphoneResult.this$0"
"Codec/13_buggy","Dodgy code Warning","EI2","new org.apache.commons.codec.language.bm.Rule$PhonemeList(List) may expose internal representation by storing an externally mutable object into Rule$PhonemeList.phonemes"
"Codec/13_buggy","Malicious code vulnerability Warning","SS","Unread field: org.apache.commons.codec.binary.BaseNCodec.PAD; should this field be static?"
"Codec/13_buggy","Performance Warning","UC","Useless condition: it's known that sumLength >= 5 at this point"
"Codec/13_buggy","Performance Warning","UC","Useless condition: it's known that sumLength >= 8 at this point"
