"Bug Id","Warning Type","Code","Warning"
"Codec/8_buggy","Dodgy code Warning","EI2","new org.apache.commons.codec.language.DoubleMetaphone$DoubleMetaphoneResult(DoubleMetaphone, int) may expose internal representation by storing an externally mutable object into DoubleMetaphone$DoubleMetaphoneResult.this$0"
"Codec/8_buggy","Dodgy code Warning","MS","org.apache.commons.codec.language.RefinedSoundex.US_ENGLISH_MAPPING should be package protected"
"Codec/8_buggy","Dodgy code Warning","MS","org.apache.commons.codec.language.Soundex.US_ENGLISH_MAPPING should be package protected"
"Codec/8_buggy","Dodgy code Warning","MS","org.apache.commons.codec.net.URLCodec.ESCAPE_CHAR isn't final but should be"
"Codec/8_buggy","Malicious code vulnerability Warning","SF","Switch statement found in org.apache.commons.codec.binary.Base64.decode(byte[], int, int) where default case is missing"
"Codec/8_buggy","Malicious code vulnerability Warning","SF","Switch statement found in org.apache.commons.codec.binary.Base64.encode(byte[], int, int) where default case is missing"
"Codec/8_buggy","Malicious code vulnerability Warning","SF","Switch statement found in org.apache.commons.codec.language.Metaphone.metaphone(String) where default case is missing"
