Bug Id,Modified Classes
Codec/1_buggy,org.apache.commons.codec.language.SoundexUtils
Codec/2_buggy,org.apache.commons.codec.binary.Base64
Codec/3_buggy,org.apache.commons.codec.language.DoubleMetaphone
Codec/4_buggy,org.apache.commons.codec.binary.Base64
Codec/5_buggy,org.apache.commons.codec.binary.Base64
Codec/6_buggy,org.apache.commons.codec.binary.Base64InputStream
Codec/7_buggy,org.apache.commons.codec.binary.Base64
Codec/8_buggy,org.apache.commons.codec.binary.Base64InputStream
Codec/9_buggy,org.apache.commons.codec.binary.Base64
Codec/10_buggy,org.apache.commons.codec.language.Caverphone
Codec/11_buggy,org.apache.commons.codec.net.QuotedPrintableCodec
Codec/12_buggy,org.apache.commons.codec.binary.BaseNCodecInputStream
Codec/13_buggy,org.apache.commons.codec.language.DoubleMetaphone
Codec/14_buggy,src.main.resources.org.apache.commons.codec.language.bm.sep_lang.txt
Codec/15_buggy,org.apache.commons.codec.language.Soundex
Codec/16_buggy,org.apache.commons.codec.binary.Base32
Codec/17_buggy,org.apache.commons.codec.binary.StringUtils
Codec/18_buggy,org.apache.commons.codec.binary.StringUtils
