"Warning","Source Code","Warning Detail","Label"
"new org.apache.commons.codec.language.RefinedSoundex(char[]) may expose internal representation by storing an externally mutable object into RefinedSoundex.soundexMapping","this.soundexMapping = mapping;","Bug type EI_EXPOSE_REP2 (click for details)
In class org.apache.commons.codec.language.RefinedSoundexIn method new org.apache.commons.codec.language.RefinedSoundex(char[])Field org.apache.commons.codec.language.RefinedSoundex.soundexMappingLocal variable named mappingAt RefinedSoundex.java:[line 71]","1"
"new org.apache.commons.lang3.builder.DiffBuilder(Object, Object, ToStringStyle, boolean) may expose internal representation by storing an externally mutable object into DiffBuilder.style","","Bug type EI_EXPOSE_REP2 (click for details)
In class org.apache.commons.lang3.builder.DiffBuilderIn method new org.apache.commons.lang3.builder.DiffBuilder(Object, Object, ToStringStyle, boolean)Field org.apache.commons.lang3.builder.DiffBuilder.styleLocal variable named styleAt DiffBuilder.java:[line 112]","0"
"Comparison of String parameter using == or != in org.apache.commons.lang3.BooleanUtils.toBooleanObject(String)","","Bug type ES_COMPARING_PARAMETER_STRING_WITH_EQ (click for details)
In class org.apache.commons.lang3.BooleanUtilsIn method org.apache.commons.lang3.BooleanUtils.toBooleanObject(String)Actual type StringString constant ""true""Value loaded from strAt BooleanUtils.java:[line 553]","0"
"org.apache.commons.lang3.time.FormatCache$MultipartKey.equals(Object) does not check for null argument","","Bug type NP_EQUALS_SHOULD_HANDLE_NULL_ARGUMENT (click for details)
In class org.apache.commons.lang3.time.FormatCache$MultipartKeyIn method org.apache.commons.lang3.time.FormatCache$MultipartKey.equals(Object)Parameter objAt FormatCache.java:[line 243]","0"
"Found reliance on default encoding in org.apache.commons.codec.digest.DigestUtils.sha512(String): String.getBytes()","return sha512(data.getBytes());","Bug type DM_DEFAULT_ENCODING (click for details)
In class org.apache.commons.codec.digest.DigestUtilsIn method org.apache.commons.codec.digest.DigestUtils.sha512(String)Called method String.getBytes()At DigestUtils.java:[line 442]","0"
"Equals method for org.apache.commons.lang3.time.FormatCache$MultipartKey assumes the argument is of type FormatCache$MultipartKey","","Bug type BC_EQUALS_METHOD_SHOULD_WORK_FOR_ALL_OBJECTS (click for details)
In class org.apache.commons.lang3.time.FormatCache$MultipartKeyIn method org.apache.commons.lang3.time.FormatCache$MultipartKey.equals(Object)At FormatCache.java:[line 243]","0"
"Found reliance on default encoding in org.apache.commons.codec.binary.Hex.encode(byte[]): String.getBytes()","return new String(encodeHex(array)).getBytes();","Bug type DM_DEFAULT_ENCODING (click for details)
In class org.apache.commons.codec.binary.HexIn method org.apache.commons.codec.binary.Hex.encode(byte[])Called method String.getBytes()At Hex.java:[line 169]","0"
"Found reliance on default encoding in org.apache.commons.codec.digest.DigestUtils.sha512(String): String.getBytes()","return sha512(data.getBytes());","Bug type DM_DEFAULT_ENCODING (click for details)
In class org.apache.commons.codec.digest.DigestUtilsIn method org.apache.commons.codec.digest.DigestUtils.sha512(String)Called method String.getBytes()At DigestUtils.java:[line 473]","0"
"Found reliance on default encoding in org.apache.commons.codec.digest.DigestUtils.sha(String): String.getBytes()","return sha(data.getBytes());","Bug type DM_DEFAULT_ENCODING (click for details)
In class org.apache.commons.codec.digest.DigestUtilsIn method org.apache.commons.codec.digest.DigestUtils.sha(String)Called method String.getBytes()At DigestUtils.java:[line 243]","0"
"org.apache.commons.lang3.exception.DefaultExceptionContext.getContextEntries() may expose internal representation by returning DefaultExceptionContext.contextValues","","Bug type EI_EXPOSE_REP (click for details)
In class org.apache.commons.lang3.exception.DefaultExceptionContextIn method org.apache.commons.lang3.exception.DefaultExceptionContext.getContextEntries()Field org.apache.commons.lang3.exception.DefaultExceptionContext.contextValuesAt DefaultExceptionContext.java:[line 117]","0"
"Found reliance on default encoding in org.apache.commons.codec.digest.DigestUtils.sha384(String): String.getBytes()","return sha384(data.getBytes());","Bug type DM_DEFAULT_ENCODING (click for details)
In class org.apache.commons.codec.digest.DigestUtilsIn method org.apache.commons.codec.digest.DigestUtils.sha384(String)Called method String.getBytes()At DigestUtils.java:[line 381]","0"
"Switch statement found in org.apache.commons.codec.binary.Base32.encode(byte[], int, int) where default case is missing","switch (modulus) { // % 5
case 1 : // Only 1 octet; take top 5 bits then remainder
buffer[pos++] = encodeTable[(int)(bitWorkArea >> 3) & MASK_5BITS]; // 8-1*5 = 3
buffer[pos++] = encodeTable[(int)(bitWorkArea << 2) & MASK_5BITS]; // 5-3=2
buffer[pos++] = PAD;
buffer[pos++] = PAD;
buffer[pos++] = PAD;
buffer[pos++] = PAD;
buffer[pos++] = PAD;
buffer[pos++] = PAD;
break;

case 2 : // 2 octets = 16 bits to use
buffer[pos++] = encodeTable[(int)(bitWorkArea >> 11) & MASK_5BITS]; // 16-1*5 = 11
buffer[pos++] = encodeTable[(int)(bitWorkArea >>  6) & MASK_5BITS]; // 16-2*5 = 6
buffer[pos++] = encodeTable[(int)(bitWorkArea >>  1) & MASK_5BITS]; // 16-3*5 = 1
buffer[pos++] = encodeTable[(int)(bitWorkArea <<  4) & MASK_5BITS]; // 5-1 = 4
buffer[pos++] = PAD;
buffer[pos++] = PAD;
buffer[pos++] = PAD;
buffer[pos++] = PAD;
break;
case 3 : // 3 octets = 24 bits to use
buffer[pos++] = encodeTable[(int)(bitWorkArea >> 19) & MASK_5BITS]; // 24-1*5 = 19
buffer[pos++] = encodeTable[(int)(bitWorkArea >> 14) & MASK_5BITS]; // 24-2*5 = 14
buffer[pos++] = encodeTable[(int)(bitWorkArea >>  9) & MASK_5BITS]; // 24-3*5 = 9
buffer[pos++] = encodeTable[(int)(bitWorkArea >>  4) & MASK_5BITS]; // 24-4*5 = 4
buffer[pos++] = encodeTable[(int)(bitWorkArea <<  1) & MASK_5BITS]; // 5-4 = 1
buffer[pos++] = PAD;
buffer[pos++] = PAD;
buffer[pos++] = PAD;
break;
case 4 : // 4 octets = 32 bits to use
buffer[pos++] = encodeTable[(int)(bitWorkArea >> 27) & MASK_5BITS]; // 32-1*5 = 27
buffer[pos++] = encodeTable[(int)(bitWorkArea >> 22) & MASK_5BITS]; // 32-2*5 = 22
buffer[pos++] = encodeTable[(int)(bitWorkArea >> 17) & MASK_5BITS]; // 32-3*5 = 17
buffer[pos++] = encodeTable[(int)(bitWorkArea >> 12) & MASK_5BITS]; // 32-4*5 = 12
buffer[pos++] = encodeTable[(int)(bitWorkArea >>  7) & MASK_5BITS]; // 32-5*5 =  7
buffer[pos++] = encodeTable[(int)(bitWorkArea >>  2) & MASK_5BITS]; // 32-6*5 =  2
buffer[pos++] = encodeTable[(int)(bitWorkArea <<  3) & MASK_5BITS]; // 5-2 = 3","Bug type SF_SWITCH_NO_DEFAULT (click for details)
In class org.apache.commons.codec.binary.Base32In method org.apache.commons.codec.binary.Base32.encode(byte[], int, int)At Base32.java:[lines 384-424]","1"
"Switch statement found in org.apache.commons.lang3.time.FastDateParser.simpleQuote(StringBuilder, String) where default case is missing","","Bug type SF_SWITCH_NO_DEFAULT (click for details)
In class org.apache.commons.lang3.time.FastDateParserIn method org.apache.commons.lang3.time.FastDateParser.simpleQuote(StringBuilder, String)At FastDateParser.java:[lines 433-446]","0"
"Switch statement found in org.apache.commons.codec.binary.Base64.decode(byte[], int, int) where default case is missing","switch (modulus) {
case 2 :
x = x << 6;
buffer[pos++] = (byte) ((x >> 16) & MASK_8BITS);
break;
case 3 :
buffer[pos++] = (byte) ((x >> 16) & MASK_8BITS);","Bug type SF_SWITCH_NO_DEFAULT (click for details)
In class org.apache.commons.codec.binary.Base64In method org.apache.commons.codec.binary.Base64.decode(byte[], int, int)At Base64.java:[lines 574-581]","1"
"org.apache.commons.lang3.builder.EqualsBuilder.setBypassReflectionClasses(List) may expose internal representation by storing an externally mutable object into EqualsBuilder.bypassReflectionClasses","","Bug type EI_EXPOSE_REP2 (click for details)
In class org.apache.commons.lang3.builder.EqualsBuilderIn method org.apache.commons.lang3.builder.EqualsBuilder.setBypassReflectionClasses(List)Field org.apache.commons.lang3.builder.EqualsBuilder.bypassReflectionClassesLocal variable named bypassReflectionClassesAt EqualsBuilder.java:[line 271]","0"
"org.apache.commons.lang3.BooleanUtils.toBooleanObject(Integer) has Boolean return type and returns explicit null","","Bug type NP_BOOLEAN_RETURN_NULL (click for details)
In class org.apache.commons.lang3.BooleanUtilsIn method org.apache.commons.lang3.BooleanUtils.toBooleanObject(Integer)At BooleanUtils.java:[line 239]","0"
"Found reliance on default encoding in org.apache.commons.codec.binary.Base64.<static initializer for Base64>(): String.getBytes()","static final byte[] CHUNK_SEPARATOR = ""\r\n"".getBytes();","Bug type DM_DEFAULT_ENCODING (click for details)
In class org.apache.commons.codec.binary.Base64In method org.apache.commons.codec.binary.Base64.<static initializer for Base64>()Called method String.getBytes()At Base64.java:[line 59]","1"
"new org.apache.commons.codec.language.DoubleMetaphone$DoubleMetaphoneResult(DoubleMetaphone, int) may expose internal representation by storing an externally mutable object into DoubleMetaphone$DoubleMetaphoneResult.this$0","public DoubleMetaphoneResult(int maxLength) {","Bug type EI_EXPOSE_REP2 (click for details)
In class org.apache.commons.codec.language.DoubleMetaphone$DoubleMetaphoneResultIn method new org.apache.commons.codec.language.DoubleMetaphone$DoubleMetaphoneResult(DoubleMetaphone, int)Field org.apache.commons.codec.language.DoubleMetaphone$DoubleMetaphoneResult.this$0Local variable stored in JVM register 1At DoubleMetaphone.java:[line 1038]","1"
"new org.apache.commons.codec.language.DoubleMetaphone$DoubleMetaphoneResult(DoubleMetaphone, int) may expose internal representation by storing an externally mutable object into DoubleMetaphone$DoubleMetaphoneResult.this$0","public DoubleMetaphoneResult(final int maxLength) {","Bug type EI_EXPOSE_REP2 (click for details)
In class org.apache.commons.codec.language.DoubleMetaphone$DoubleMetaphoneResultIn method new org.apache.commons.codec.language.DoubleMetaphone$DoubleMetaphoneResult(DoubleMetaphone, int)Field org.apache.commons.codec.language.DoubleMetaphone$DoubleMetaphoneResult.this$0Local variable stored in JVM register 1At DoubleMetaphone.java:[line 941]","1"
"Found reliance on default encoding in org.apache.commons.codec.binary.Hex.decode(byte[]): new String(byte[])","return decodeHex(new String(array).toCharArray());","Bug type DM_DEFAULT_ENCODING (click for details)
In class org.apache.commons.codec.binary.HexIn method org.apache.commons.codec.binary.Hex.decode(byte[])Called method new String(byte[])At Hex.java:[line 170]","0"
"Switch statement found in org.apache.commons.lang3.time.DateUtils.getFragment(Calendar, int, TimeUnit) where one case falls through to the next case","","Bug type SF_SWITCH_FALLTHROUGH (click for details)
In class org.apache.commons.lang3.time.DateUtilsIn method org.apache.commons.lang3.time.DateUtils.getFragment(Calendar, int, TimeUnit)At DateUtils.java:[lines 1693-1696]Another occurrence at DateUtils.java:[lines 1696-1699]Another occurrence at DateUtils.java:[lines 1699-1702]","0"
"Unread field: org.apache.commons.codec.binary.BaseNCodec.PAD; should this field be static?","@Deprecated","Bug type SS_SHOULD_BE_STATIC (click for details)
In class org.apache.commons.codec.binary.BaseNCodecField org.apache.commons.codec.binary.BaseNCodec.PADAt BaseNCodec.java:[line 159]","0"
"org.apache.commons.lang3.time.FastDatePrinter.getTimeZone() may expose internal representation by returning FastDatePrinter.mTimeZone","","Bug type EI_EXPOSE_REP (click for details)
In class org.apache.commons.lang3.time.FastDatePrinterIn method org.apache.commons.lang3.time.FastDatePrinter.getTimeZone()Field org.apache.commons.lang3.time.FastDatePrinter.mTimeZoneAt FastDatePrinter.java:[line 596]","0"
"Switch statement found in org.apache.commons.codec.binary.Base64.decode(byte[], int, int) where default case is missing","switch (modulus) {
//   case 1: // 6 bits - ignore entirely
//       break;
case 2 : // 12 bits = 8 + 4
bitWorkArea = bitWorkArea >> 4; // dump the extra 4 bits
buffer[pos++] = (byte) ((bitWorkArea) & MASK_8BITS);
break;
case 3 : // 18 bits = 8 + 8 + 2
bitWorkArea = bitWorkArea >> 2; // dump 2 bits
buffer[pos++] = (byte) ((bitWorkArea >> 8) & MASK_8BITS);","Bug type SF_SWITCH_NO_DEFAULT (click for details)
In class org.apache.commons.codec.binary.Base64In method org.apache.commons.codec.binary.Base64.decode(byte[], int, int)At Base64.java:[lines 454-464]","1"
"Found reliance on default encoding in org.apache.commons.codec.digest.DigestUtils.sha256(String): String.getBytes()","return sha256(data.getBytes());","Bug type DM_DEFAULT_ENCODING (click for details)
In class org.apache.commons.codec.digest.DigestUtilsIn method org.apache.commons.codec.digest.DigestUtils.sha256(String)Called method String.getBytes()At DigestUtils.java:[line 289]","0"
"org.apache.commons.lang3.BooleanUtils.toBooleanObject(int, int, int, int) has Boolean return type and returns explicit null","","Bug type NP_BOOLEAN_RETURN_NULL (click for details)
In class org.apache.commons.lang3.BooleanUtilsIn method org.apache.commons.lang3.BooleanUtils.toBooleanObject(int, int, int, int)At BooleanUtils.java:[line 331]","0"
"Unread field: org.apache.commons.codec.binary.BaseNCodec.PAD; should this field be static?","protected final byte PAD = PAD_DEFAULT; // instance variable just in case it needs to vary later","Bug type SS_SHOULD_BE_STATIC (click for details)
In class org.apache.commons.codec.binary.BaseNCodecField org.apache.commons.codec.binary.BaseNCodec.PADAt BaseNCodec.java:[line 82]","0"
"org.apache.commons.codec.language.RefinedSoundex.US_ENGLISH_MAPPING should be package protected","public static final char[] US_ENGLISH_MAPPING = US_ENGLISH_MAPPING_STRING.toCharArray();","Bug type MS_PKGPROTECT (click for details)
In class org.apache.commons.codec.language.RefinedSoundexField org.apache.commons.codec.language.RefinedSoundex.US_ENGLISH_MAPPINGAt RefinedSoundex.java:[line 43]","1"
"Switch statement found in org.apache.commons.codec.binary.Base64.decode(byte[], int, int) where default case is missing","switch (modulus) {
case 2 :
x = x << 6;
buffer[pos++] = (byte) ((x >> 16) & MASK_8BITS);
break;
case 3 :
buffer[pos++] = (byte) ((x >> 16) & MASK_8BITS);","Bug type SF_SWITCH_NO_DEFAULT (click for details)
In class org.apache.commons.codec.binary.Base64In method org.apache.commons.codec.binary.Base64.decode(byte[], int, int)At Base64.java:[lines 575-582]","1"
"Switch statement found in org.apache.commons.lang3.math.NumberUtils.createNumber(String) where one case falls through to the next case","","Bug type SF_SWITCH_FALLTHROUGH (click for details)
In class org.apache.commons.lang3.math.NumberUtilsIn method org.apache.commons.lang3.math.NumberUtils.createNumber(String)At NumberUtils.java:[lines 749-756]","0"
"Public static org.apache.commons.lang3.builder.ToStringBuilder.getDefaultStyle() may expose internal representation by returning ToStringBuilder.defaultStyle","","Bug type MS_EXPOSE_REP (click for details)
In class org.apache.commons.lang3.builder.ToStringBuilderIn method org.apache.commons.lang3.builder.ToStringBuilder.getDefaultStyle()Field org.apache.commons.lang3.builder.ToStringBuilder.defaultStyleAt ToStringBuilder.java:[line 117]","0"
"Found reliance on default encoding in org.apache.commons.codec.digest.DigestUtils.sha384(String): String.getBytes()","return sha384(data.getBytes());","Bug type DM_DEFAULT_ENCODING (click for details)
In class org.apache.commons.codec.digest.DigestUtilsIn method org.apache.commons.codec.digest.DigestUtils.sha384(String)Called method String.getBytes()At DigestUtils.java:[line 356]","0"
"Switch statement found in org.apache.commons.codec.language.Metaphone.metaphone(String) where default case is missing","switch(symb) {
case 'A' : case 'E' : case 'I' : case 'O' : case 'U' :
if (n == 0) {
code.append(symb);
}
break ; // only use vowel if leading char
case 'B' :
if ( isPreviousChar(local, n, 'M') &&
isLastChar(wdsz, n) ) { // B is silent if word ends in MB
break;
}
code.append(symb);
break;
case 'C' : // lots of C special cases
/* discard if SCI, SCE or SCY */
if ( isPreviousChar(local, n, 'S') &&
!isLastChar(wdsz, n) &&
(FRONTV.indexOf(local.charAt(n + 1)) >= 0) ) {
break;
}
if (regionMatch(local, n, ""CIA"")) { // ""CIA"" -> X
code.append('X');
break;
}
if (!isLastChar(wdsz, n) &&
(FRONTV.indexOf(local.charAt(n + 1)) >= 0)) {
code.append('S');
break; // CI,CE,CY -> S
}
if (isPreviousChar(local, n, 'S') &&
isNextChar(local, n, 'H') ) { // SCH->sk
code.append('K') ;
break ;
}
if (isNextChar(local, n, 'H')) { // detect CH
if ((n == 0) &&
(wdsz >= 3) &&
isVowel(local,2) ) { // CH consonant -> K consonant
code.append('K');
} else {
code.append('X'); // CHvowel -> X
}
} else {
code.append('K');
}
break ;
case 'D' :
if (!isLastChar(wdsz, n + 1) &&
isNextChar(local, n, 'G') &&
(FRONTV.indexOf(local.charAt(n + 2)) >= 0)) { // DGE DGI DGY -> J
code.append('J'); n += 2 ;
} else {
code.append('T');
}
break ;
case 'G' : // GH silent at end or before consonant
if (isLastChar(wdsz, n + 1) &&
isNextChar(local, n, 'H')) {
break;
}
if (!isLastChar(wdsz, n + 1) &&
isNextChar(local,n,'H') &&
!isVowel(local,n+2)) {
break;
}
if ((n > 0) &&
( regionMatch(local, n, ""GN"") ||
regionMatch(local, n, ""GNED"") ) ) {
break; // silent G
}
if (isPreviousChar(local, n, 'G')) {
// NOTE: Given that duplicated chars are removed, I don't see how this can ever be true
hard = true ;
} else {
hard = false ;
}
if (!isLastChar(wdsz, n) &&
(FRONTV.indexOf(local.charAt(n + 1)) >= 0) &&
(!hard)) {
code.append('J');
} else {
code.append('K');
}
break ;
case 'H':
if (isLastChar(wdsz, n)) {
break ; // terminal H
}
if ((n > 0) &&
(VARSON.indexOf(local.charAt(n - 1)) >= 0)) {
break;
}
if (isVowel(local,n+1)) {
code.append('H'); // Hvowel
}
break;
case 'F':
case 'J' :
case 'L' :
case 'M':
case 'N' :
case 'R' :
code.append(symb);
break;
case 'K' :
if (n > 0) { // not initial
if (!isPreviousChar(local, n, 'C')) {
code.append(symb);
}
} else {
code.append(symb); // initial K
}
break ;
case 'P' :
if (isNextChar(local,n,'H')) {
// PH -> F
code.append('F');
} else {
code.append(symb);
}
break ;
case 'Q' :
code.append('K');
break;
case 'S' :
if (regionMatch(local,n,""SH"") ||
regionMatch(local,n,""SIO"") ||
regionMatch(local,n,""SIA"")) {
code.append('X');
} else {
code.append('S');
}
break;
case 'T' :
if (regionMatch(local,n,""TIA"") ||
regionMatch(local,n,""TIO"")) {
code.append('X');
break;
}
if (regionMatch(local,n,""TCH"")) {
// Silent if in ""TCH""
break;
}
// substitute numeral 0 for TH (resembles theta after all)
if (regionMatch(local,n,""TH"")) {
code.append('0');
} else {
code.append('T');
}
break ;
case 'V' :
code.append('F'); break ;
case 'W' : case 'Y' : // silent if not followed by vowel
if (!isLastChar(wdsz,n) &&
isVowel(local,n+1)) {
code.append(symb);
}
break ;
case 'X' :
code.append('K'); code.append('S');
break ;
case 'Z' :","Bug type SF_SWITCH_NO_DEFAULT (click for details)
In class org.apache.commons.codec.language.MetaphoneIn method org.apache.commons.codec.language.Metaphone.metaphone(String)At Metaphone.java:[lines 144-306]","0"
"Comparison of String parameter using == or != in org.apache.commons.lang3.StringUtils.compare(String, String, boolean)","","Bug type ES_COMPARING_PARAMETER_STRING_WITH_EQ (click for details)
In class org.apache.commons.lang3.StringUtilsIn method org.apache.commons.lang3.StringUtils.compare(String, String, boolean)Actual type StringValue loaded from str2Value loaded from str1At StringUtils.java:[line 1122]","1"
"org.apache.commons.codec.language.bm.Languages.getLanguages() may expose internal representation by returning Languages.languages","return this.languages;","Bug type EI_EXPOSE_REP (click for details)
In class org.apache.commons.codec.language.bm.LanguagesIn method org.apache.commons.codec.language.bm.Languages.getLanguages()Field org.apache.commons.codec.language.bm.Languages.languagesAt Languages.java:[line 267]","0"
"Found reliance on default encoding in org.apache.commons.codec.digest.DigestUtils.sha(String): String.getBytes()","return sha(data.getBytes());","Bug type DM_DEFAULT_ENCODING (click for details)
In class org.apache.commons.codec.digest.DigestUtilsIn method org.apache.commons.codec.digest.DigestUtils.sha(String)Called method String.getBytes()At DigestUtils.java:[line 229]","0"
"org.apache.commons.codec.net.URLCodec.ESCAPE_CHAR isn't final but should be","protected static byte ESCAPE_CHAR = '%';","Bug type MS_SHOULD_BE_FINAL (click for details)
In class org.apache.commons.codec.net.URLCodecField org.apache.commons.codec.net.URLCodec.ESCAPE_CHARAt URLCodec.java:[line 69]","0"
"Switch statement found in org.apache.commons.codec.binary.Base64.decode(byte[], int, int) where default case is missing","switch (modulus) {
case 2 :
x = x << 6;
buffer[pos++] = (byte) ((x >> 16) & MASK_8BITS);
break;
case 3 :
buffer[pos++] = (byte) ((x >> 16) & MASK_8BITS);","Bug type SF_SWITCH_NO_DEFAULT (click for details)
In class org.apache.commons.codec.binary.Base64In method org.apache.commons.codec.binary.Base64.decode(byte[], int, int)At Base64.java:[lines 591-598]","1"
"Found reliance on default encoding in org.apache.commons.codec.binary.Hex.encode(Object): String.getBytes()","byte[] byteArray = object instanceof String ? ((String) object).getBytes() : (byte[]) object;","Bug type DM_DEFAULT_ENCODING (click for details)
In class org.apache.commons.codec.binary.HexIn method org.apache.commons.codec.binary.Hex.encode(Object)Called method String.getBytes()At Hex.java:[line 223]","0"
"org.apache.commons.codec.language.Soundex.US_ENGLISH_MAPPING should be package protected","public static final char[] US_ENGLISH_MAPPING = US_ENGLISH_MAPPING_STRING.toCharArray();","Bug type MS_PKGPROTECT (click for details)
In class org.apache.commons.codec.language.SoundexField org.apache.commons.codec.language.Soundex.US_ENGLISH_MAPPINGAt Soundex.java:[line 50]","1"
"org.apache.commons.lang3.BooleanUtils.toBooleanObject(String) has Boolean return type and returns explicit null","","Bug type NP_BOOLEAN_RETURN_NULL (click for details)
In class org.apache.commons.lang3.BooleanUtilsIn method org.apache.commons.lang3.BooleanUtils.toBooleanObject(String)At BooleanUtils.java:[line 557]Another occurrence at BooleanUtils.java:[line 633]","0"
"Switch statement found in org.apache.commons.codec.binary.Base64.decode(byte[], int, int) where default case is missing","switch (modulus) {
case 2 :
x = x << 6;
buffer[pos++] = (byte) ((x >> 16) & MASK_8BITS);
break;
case 3 :
buffer[pos++] = (byte) ((x >> 16) & MASK_8BITS);","Bug type SF_SWITCH_NO_DEFAULT (click for details)
In class org.apache.commons.codec.binary.Base64In method org.apache.commons.codec.binary.Base64.decode(byte[], int, int)At Base64.java:[lines 588-595]","1"
"org.apache.commons.lang3.text.StrTokenizer.clone() does not call super.clone()","","Bug type CN_IDIOM_NO_SUPER_CALL (click for details)
In class org.apache.commons.lang3.text.StrTokenizerIn method org.apache.commons.lang3.text.StrTokenizer.clone()has subclass org.apache.commons.lang3.text.StrBuilder$StrBuilderTokenizerAt StrTokenizer.java:[lines 1077-1079]","0"
"org.apache.commons.lang3.builder.ToStringBuilder.getStyle() may expose internal representation by returning ToStringBuilder.style","","Bug type EI_EXPOSE_REP (click for details)
In class org.apache.commons.lang3.builder.ToStringBuilderIn method org.apache.commons.lang3.builder.ToStringBuilder.getStyle()Field org.apache.commons.lang3.builder.ToStringBuilder.styleAt ToStringBuilder.java:[line 1041]","0"
"org.apache.commons.codec.language.bm.Rule$PhonemeList.getPhonemes() may expose internal representation by returning Rule$PhonemeList.phonemes","return this.phonemes;","Bug type EI_EXPOSE_REP (click for details)
In class org.apache.commons.codec.language.bm.Rule$PhonemeListIn method org.apache.commons.codec.language.bm.Rule$PhonemeList.getPhonemes()Field org.apache.commons.codec.language.bm.Rule$PhonemeList.phonemesAt Rule.java:[line 185]","0"
"org.apache.commons.codec.language.bm.Rule$PhonemeList.getPhonemes() may expose internal representation by returning Rule$PhonemeList.phonemes","return this.phonemes;","Bug type EI_EXPOSE_REP (click for details)
In class org.apache.commons.codec.language.bm.Rule$PhonemeListIn method org.apache.commons.codec.language.bm.Rule$PhonemeList.getPhonemes()Field org.apache.commons.codec.language.bm.Rule$PhonemeList.phonemesAt Rule.java:[line 146]","0"
"Comparison of String parameter using == or != in org.apache.commons.lang3.StringUtils.compareIgnoreCase(String, String, boolean)","","Bug type ES_COMPARING_PARAMETER_STRING_WITH_EQ (click for details)
In class org.apache.commons.lang3.StringUtilsIn method org.apache.commons.lang3.StringUtils.compareIgnoreCase(String, String, boolean)Actual type StringValue loaded from str2Value loaded from str1At StringUtils.java:[line 1215]","1"
"new org.apache.commons.codec.language.bm.Rule$PhonemeList(List) may expose internal representation by storing an externally mutable object into Rule$PhonemeList.phonemes","this.phonemes = phonemes;","Bug type EI_EXPOSE_REP2 (click for details)
In class org.apache.commons.codec.language.bm.Rule$PhonemeListIn method new org.apache.commons.codec.language.bm.Rule$PhonemeList(List)Field org.apache.commons.codec.language.bm.Rule$PhonemeList.phonemesLocal variable named phonemesAt Rule.java:[line 160]","0"
"Do not catch NullPointerException like in org.apache.commons.lang3.BooleanUtils.xor(Boolean[])","","Bug type DCN_NULLPOINTER_EXCEPTION (click for details)
In class org.apache.commons.lang3.BooleanUtilsIn method org.apache.commons.lang3.BooleanUtils.xor(Boolean[])At BooleanUtils.java:[line 1079]","0"
"Switch statement found in org.apache.commons.codec.binary.Base32.encode(byte[], int, int) where default case is missing","switch (modulus) { // % 5
case 1 : // Only 1 octet; take top 5 bits then remainder
buffer[pos++] = encodeTable[(int)(bitWorkArea >> 3) & MASK_5BITS]; // 8-1*5 = 3
buffer[pos++] = encodeTable[(int)(bitWorkArea << 2) & MASK_5BITS]; // 5-3=2
buffer[pos++] = PAD;
buffer[pos++] = PAD;
buffer[pos++] = PAD;
buffer[pos++] = PAD;
buffer[pos++] = PAD;
buffer[pos++] = PAD;
break;

case 2 : // 2 octets = 16 bits to use
buffer[pos++] = encodeTable[(int)(bitWorkArea >> 11) & MASK_5BITS]; // 16-1*5 = 11
buffer[pos++] = encodeTable[(int)(bitWorkArea >>  6) & MASK_5BITS]; // 16-2*5 = 6
buffer[pos++] = encodeTable[(int)(bitWorkArea >>  1) & MASK_5BITS]; // 16-3*5 = 1
buffer[pos++] = encodeTable[(int)(bitWorkArea <<  4) & MASK_5BITS]; // 5-1 = 4
buffer[pos++] = PAD;
buffer[pos++] = PAD;
buffer[pos++] = PAD;
buffer[pos++] = PAD;
break;
case 3 : // 3 octets = 24 bits to use
buffer[pos++] = encodeTable[(int)(bitWorkArea >> 19) & MASK_5BITS]; // 24-1*5 = 19
buffer[pos++] = encodeTable[(int)(bitWorkArea >> 14) & MASK_5BITS]; // 24-2*5 = 14
buffer[pos++] = encodeTable[(int)(bitWorkArea >>  9) & MASK_5BITS]; // 24-3*5 = 9
buffer[pos++] = encodeTable[(int)(bitWorkArea >>  4) & MASK_5BITS]; // 24-4*5 = 4
buffer[pos++] = encodeTable[(int)(bitWorkArea <<  1) & MASK_5BITS]; // 5-4 = 1
buffer[pos++] = PAD;
buffer[pos++] = PAD;
buffer[pos++] = PAD;
break;
case 4 : // 4 octets = 32 bits to use
buffer[pos++] = encodeTable[(int)(bitWorkArea >> 27) & MASK_5BITS]; // 32-1*5 = 27
buffer[pos++] = encodeTable[(int)(bitWorkArea >> 22) & MASK_5BITS]; // 32-2*5 = 22
buffer[pos++] = encodeTable[(int)(bitWorkArea >> 17) & MASK_5BITS]; // 32-3*5 = 17
buffer[pos++] = encodeTable[(int)(bitWorkArea >> 12) & MASK_5BITS]; // 32-4*5 = 12
buffer[pos++] = encodeTable[(int)(bitWorkArea >>  7) & MASK_5BITS]; // 32-5*5 =  7
buffer[pos++] = encodeTable[(int)(bitWorkArea >>  2) & MASK_5BITS]; // 32-6*5 =  2
buffer[pos++] = encodeTable[(int)(bitWorkArea <<  3) & MASK_5BITS]; // 5-2 = 3","Bug type SF_SWITCH_NO_DEFAULT (click for details)
In class org.apache.commons.codec.binary.Base32In method org.apache.commons.codec.binary.Base32.encode(byte[], int, int)At Base32.java:[lines 383-423]","1"
"Switch statement found in org.apache.commons.codec.binary.Base64.encode(byte[], int, int) where default case is missing","switch (modulus) {
case 1:
buf[pos++] = encodeTable[(x >> 2) & MASK_6BITS];
buf[pos++] = encodeTable[(x << 4) & MASK_6BITS];
// URL-SAFE skips the padding to further reduce size.
if (encodeTable == STANDARD_ENCODE_TABLE) {
buf[pos++] = PAD;
buf[pos++] = PAD;
}
break;

case 2:
buf[pos++] = encodeTable[(x >> 10) & MASK_6BITS];
buf[pos++] = encodeTable[(x >> 4) & MASK_6BITS];
buf[pos++] = encodeTable[(x << 2) & MASK_6BITS];
// URL-SAFE skips the padding to further reduce size.
if (encodeTable == STANDARD_ENCODE_TABLE) {","Bug type SF_SWITCH_NO_DEFAULT (click for details)
In class org.apache.commons.codec.binary.Base64In method org.apache.commons.codec.binary.Base64.encode(byte[], int, int)At Base64.java:[lines 425-442]","1"
"org.apache.commons.codec.language.bm.Rule$PhonemeList.getPhonemes() may expose internal representation by returning Rule$PhonemeList.phonemes","return this.phonemes;","Bug type EI_EXPOSE_REP (click for details)
In class org.apache.commons.codec.language.bm.Rule$PhonemeListIn method org.apache.commons.codec.language.bm.Rule$PhonemeList.getPhonemes()Field org.apache.commons.codec.language.bm.Rule$PhonemeList.phonemesAt Rule.java:[line 178]","0"
"Switch statement found in org.apache.commons.lang3.time.FastDatePrinter.appendFullDigits(Appendable, int, int) where default case is missing","","Bug type SF_SWITCH_NO_DEFAULT (click for details)
In class org.apache.commons.lang3.time.FastDatePrinterIn method org.apache.commons.lang3.time.FastDatePrinter.appendFullDigits(Appendable, int, int)At FastDatePrinter.java:[lines 714-733]","0"
"Switch statement found in org.apache.commons.codec.binary.Base64.decode(byte[], int, int) where default case is missing","switch (modulus) {
//   case 1: // 6 bits - ignore entirely
//       break;
case 2 : // 12 bits = 8 + 4
bitWorkArea = bitWorkArea >> 4; // dump the extra 4 bits
buffer[pos++] = (byte) ((bitWorkArea) & MASK_8BITS);
break;
case 3 : // 18 bits = 8 + 8 + 2
bitWorkArea = bitWorkArea >> 2; // dump 2 bits
buffer[pos++] = (byte) ((bitWorkArea >> 8) & MASK_8BITS);","Bug type SF_SWITCH_NO_DEFAULT (click for details)
In class org.apache.commons.codec.binary.Base64In method org.apache.commons.codec.binary.Base64.decode(byte[], int, int)At Base64.java:[lines 453-463]","1"
"Switch statement found in org.apache.commons.codec.language.Metaphone.metaphone(String) where default case is missing","switch(symb) {
case 'A' : case 'E' : case 'I' : case 'O' : case 'U' :
if (n == 0) {
code.append(symb);
}
break ; // only use vowel if leading char
case 'B' :
if ( isPreviousChar(local, n, 'M') &&
isLastChar(wdsz, n) ) { // B is silent if word ends in MB
break;
}
code.append(symb);
break;
case 'C' : // lots of C special cases
/* discard if SCI, SCE or SCY */
if ( isPreviousChar(local, n, 'S') &&
!isLastChar(wdsz, n) &&
(FRONTV.indexOf(local.charAt(n + 1)) >= 0) ) {
break;
}
if (regionMatch(local, n, ""CIA"")) { // ""CIA"" -> X
code.append('X');
break;
}
if (!isLastChar(wdsz, n) &&
(FRONTV.indexOf(local.charAt(n + 1)) >= 0)) {
code.append('S');
break; // CI,CE,CY -> S
}
if (isPreviousChar(local, n, 'S') &&
isNextChar(local, n, 'H') ) { // SCH->sk
code.append('K') ;
break ;
}
if (isNextChar(local, n, 'H')) { // detect CH
if ((n == 0) &&
(wdsz >= 3) &&
isVowel(local,2) ) { // CH consonant -> K consonant
code.append('K');
} else {
code.append('X'); // CHvowel -> X
}
} else {
code.append('K');
}
break ;
case 'D' :
if (!isLastChar(wdsz, n + 1) &&
isNextChar(local, n, 'G') &&
(FRONTV.indexOf(local.charAt(n + 2)) >= 0)) { // DGE DGI DGY -> J
code.append('J'); n += 2 ;
} else {
code.append('T');
}
break ;
case 'G' : // GH silent at end or before consonant
if (isLastChar(wdsz, n + 1) &&
isNextChar(local, n, 'H')) {
break;
}
if (!isLastChar(wdsz, n + 1) &&
isNextChar(local,n,'H') &&
!isVowel(local,n+2)) {
break;
}
if ((n > 0) &&
( regionMatch(local, n, ""GN"") ||
regionMatch(local, n, ""GNED"") ) ) {
break; // silent G
}
if (isPreviousChar(local, n, 'G')) {
hard = true ;
} else {
hard = false ;
}
if (!isLastChar(wdsz, n) &&
(FRONTV.indexOf(local.charAt(n + 1)) >= 0) &&
(!hard)) {
code.append('J');
} else {
code.append('K');
}
break ;
case 'H':
if (isLastChar(wdsz, n)) {
break ; // terminal H
}
if ((n > 0) &&
(VARSON.indexOf(local.charAt(n - 1)) >= 0)) {
break;
}
if (isVowel(local,n+1)) {
code.append('H'); // Hvowel
}
break;
case 'F':
case 'J' :
case 'L' :
case 'M':
case 'N' :
case 'R' :
code.append(symb);
break;
case 'K' :
if (n > 0) { // not initial
if (!isPreviousChar(local, n, 'C')) {
code.append(symb);
}
} else {
code.append(symb); // initial K
}
break ;
case 'P' :
if (isNextChar(local,n,'H')) {
// PH -> F
code.append('F');
} else {
code.append(symb);
}
break ;
case 'Q' :
code.append('K');
break;
case 'S' :
if (regionMatch(local,n,""SH"") ||
regionMatch(local,n,""SIO"") ||
regionMatch(local,n,""SIA"")) {
code.append('X');
} else {
code.append('S');
}
break;
case 'T' :
if (regionMatch(local,n,""TIA"") ||
regionMatch(local,n,""TIO"")) {
code.append('X');
break;
}
if (regionMatch(local,n,""TCH"")) {
// Silent if in ""TCH""
break;
}
// substitute numeral 0 for TH (resembles theta after all)
if (regionMatch(local,n,""TH"")) {
code.append('0');
} else {
code.append('T');
}
break ;
case 'V' :
code.append('F'); break ;
case 'W' : case 'Y' : // silent if not followed by vowel
if (!isLastChar(wdsz,n) &&
isVowel(local,n+1)) {
code.append(symb);
}
break ;
case 'X' :
code.append('K'); code.append('S');
break ;
case 'Z' :","Bug type SF_SWITCH_NO_DEFAULT (click for details)
In class org.apache.commons.codec.language.MetaphoneIn method org.apache.commons.codec.language.Metaphone.metaphone(String)At Metaphone.java:[lines 143-304]","0"
"Switch statement found in org.apache.commons.codec.binary.Base64.encode(byte[], int, int) where default case is missing","switch (modulus) {
case 1 :
buffer[pos++] = encodeTable[(x >> 2) & MASK_6BITS];
buffer[pos++] = encodeTable[(x << 4) & MASK_6BITS];
// URL-SAFE skips the padding to further reduce size.
if (encodeTable == STANDARD_ENCODE_TABLE) {
buffer[pos++] = PAD;
buffer[pos++] = PAD;
}
break;

case 2 :
buffer[pos++] = encodeTable[(x >> 10) & MASK_6BITS];
buffer[pos++] = encodeTable[(x >> 4) & MASK_6BITS];
buffer[pos++] = encodeTable[(x << 2) & MASK_6BITS];
// URL-SAFE skips the padding to further reduce size.
if (encodeTable == STANDARD_ENCODE_TABLE) {","Bug type SF_SWITCH_NO_DEFAULT (click for details)
In class org.apache.commons.codec.binary.Base64In method org.apache.commons.codec.binary.Base64.encode(byte[], int, int)At Base64.java:[lines 459-476]","1"
"new org.apache.commons.codec.language.bm.Rule$PhonemeList(List) may expose internal representation by storing an externally mutable object into Rule$PhonemeList.phonemes","this.phonemes = phonemes;","Bug type EI_EXPOSE_REP2 (click for details)
In class org.apache.commons.codec.language.bm.Rule$PhonemeListIn method new org.apache.commons.codec.language.bm.Rule$PhonemeList(List)Field org.apache.commons.codec.language.bm.Rule$PhonemeList.phonemesLocal variable named phonemesAt Rule.java:[line 180]","0"
"Switch statement found in org.apache.commons.codec.binary.Base32.decode(byte[], int, int) where default case is missing","switch (modulus) {
case 2 : // 10 bits, drop 2 and output one byte
buffer[pos++] = (byte) ((bitWorkArea >> 2) & MASK_8BITS);
break;
case 3 : // 15 bits, drop 7 and output 1 byte
buffer[pos++] = (byte) ((bitWorkArea >> 7) & MASK_8BITS);
break;
case 4 : // 20 bits = 2*8 + 4
bitWorkArea = bitWorkArea >> 4; // drop 4 bits
buffer[pos++] = (byte) ((bitWorkArea >> 8) & MASK_8BITS);
buffer[pos++] = (byte) ((bitWorkArea) & MASK_8BITS);
break;
case 5 : // 25bits = 3*8 + 1
bitWorkArea = bitWorkArea >> 1;
buffer[pos++] = (byte) ((bitWorkArea >> 16) & MASK_8BITS);
buffer[pos++] = (byte) ((bitWorkArea >> 8) & MASK_8BITS);
buffer[pos++] = (byte) ((bitWorkArea) & MASK_8BITS);
break;
case 6 : // 30bits = 3*8 + 6
bitWorkArea = bitWorkArea >> 6;
buffer[pos++] = (byte) ((bitWorkArea >> 16) & MASK_8BITS);
buffer[pos++] = (byte) ((bitWorkArea >> 8) & MASK_8BITS);
buffer[pos++] = (byte) ((bitWorkArea) & MASK_8BITS);
break;
case 7 : // 35 = 4*8 +3
bitWorkArea = bitWorkArea >> 3;
buffer[pos++] = (byte) ((bitWorkArea >> 24) & MASK_8BITS);
buffer[pos++] = (byte) ((bitWorkArea >> 16) & MASK_8BITS);
buffer[pos++] = (byte) ((bitWorkArea >> 8) & MASK_8BITS);","Bug type SF_SWITCH_NO_DEFAULT (click for details)
In class org.apache.commons.codec.binary.Base32In method org.apache.commons.codec.binary.Base32.decode(byte[], int, int)At Base32.java:[lines 321-350]","1"
"org.apache.commons.lang3.BooleanUtils.toBooleanObject(Integer, Integer, Integer, Integer) has Boolean return type and returns explicit null","","Bug type NP_BOOLEAN_RETURN_NULL (click for details)
In class org.apache.commons.lang3.BooleanUtilsIn method org.apache.commons.lang3.BooleanUtils.toBooleanObject(Integer, Integer, Integer, Integer)At BooleanUtils.java:[line 364]Another occurrence at BooleanUtils.java:[line 371]","0"
"Found reliance on default encoding in org.apache.commons.codec.binary.Hex.encode(Object): String.getBytes()","byte[] byteArray = object instanceof String ? ((String) object).getBytes() : (byte[]) object;","Bug type DM_DEFAULT_ENCODING (click for details)
In class org.apache.commons.codec.binary.HexIn method org.apache.commons.codec.binary.Hex.encode(Object)Called method String.getBytes()At Hex.java:[line 185]","0"
"Switch statement found in org.apache.commons.lang3.time.FastDatePrinter.appendFullDigits(Appendable, int, int) where one case falls through to the next case","","Bug type SF_SWITCH_FALLTHROUGH (click for details)
In class org.apache.commons.lang3.time.FastDatePrinterIn method org.apache.commons.lang3.time.FastDatePrinter.appendFullDigits(Appendable, int, int)At FastDatePrinter.java:[lines 717-719]Another occurrence at FastDatePrinter.java:[lines 723-726]Another occurrence at FastDatePrinter.java:[lines 730-733]","0"
"Found reliance on default encoding in org.apache.commons.codec.digest.DigestUtils.md5(String): String.getBytes()","return md5(data.getBytes());","Bug type DM_DEFAULT_ENCODING (click for details)
In class org.apache.commons.codec.digest.DigestUtilsIn method org.apache.commons.codec.digest.DigestUtils.md5(String)Called method String.getBytes()At DigestUtils.java:[line 173]","0"
"Found reliance on default encoding in org.apache.commons.codec.digest.DigestUtils.sha256(String): String.getBytes()","return sha256(data.getBytes());","Bug type DM_DEFAULT_ENCODING (click for details)
In class org.apache.commons.codec.digest.DigestUtilsIn method org.apache.commons.codec.digest.DigestUtils.sha256(String)Called method String.getBytes()At DigestUtils.java:[line 269]","0"
"Comparison of String objects using == or != in org.apache.commons.lang3.time.GmtTimeZone.equals(Object)","","Bug type ES_COMPARING_STRINGS_WITH_EQ (click for details)
In class org.apache.commons.lang3.time.GmtTimeZoneIn method org.apache.commons.lang3.time.GmtTimeZone.equals(Object)Actual type StringValue loaded from field org.apache.commons.lang3.time.GmtTimeZone.zoneIdAt GmtTimeZone.java:[line 103]","0"
"Do not catch NullPointerException like in org.apache.commons.lang3.BooleanUtils.or(Boolean[])","","Bug type DCN_NULLPOINTER_EXCEPTION (click for details)
In class org.apache.commons.lang3.BooleanUtilsIn method org.apache.commons.lang3.BooleanUtils.or(Boolean[])At BooleanUtils.java:[line 1017]","0"
"Switch statement found in org.apache.commons.codec.binary.Base64.decode(byte[], int, int) where default case is missing","switch (modulus) {
//   case 1: // 6 bits - ignore entirely
//       break;
case 2 : // 12 bits = 8 + 4
x = x >> 4;
buffer[pos++] = (byte) ((x) & MASK_8BITS);
break;
case 3 : // 18 bits = 8 + 8 + 2
x = x >> 2;
buffer[pos++] = (byte) ((x >> 8) & MASK_8BITS);","Bug type SF_SWITCH_NO_DEFAULT (click for details)
In class org.apache.commons.codec.binary.Base64In method org.apache.commons.codec.binary.Base64.decode(byte[], int, int)At Base64.java:[lines 568-578]","1"
"Found reliance on default encoding in org.apache.commons.codec.binary.Hex.encode(Object): String.getBytes()","byte[] byteArray = object instanceof String ? ((String) object).getBytes() : (byte[]) object;","Bug type DM_DEFAULT_ENCODING (click for details)
In class org.apache.commons.codec.binary.HexIn method org.apache.commons.codec.binary.Hex.encode(Object)Called method String.getBytes()At Hex.java:[line 221]","0"
"org.apache.commons.lang3.builder.DiffResult.getToStringStyle() may expose internal representation by returning DiffResult.style","","Bug type EI_EXPOSE_REP (click for details)
In class org.apache.commons.lang3.builder.DiffResultIn method org.apache.commons.lang3.builder.DiffResult.getToStringStyle()Field org.apache.commons.lang3.builder.DiffResult.styleAt DiffResult.java:[line 122]","0"
"new org.apache.commons.codec.language.DoubleMetaphone$DoubleMetaphoneResult(DoubleMetaphone, int) may expose internal representation by storing an externally mutable object into DoubleMetaphone$DoubleMetaphoneResult.this$0","public DoubleMetaphoneResult(final int maxLength) {","Bug type EI_EXPOSE_REP2 (click for details)
In class org.apache.commons.codec.language.DoubleMetaphone$DoubleMetaphoneResultIn method new org.apache.commons.codec.language.DoubleMetaphone$DoubleMetaphoneResult(DoubleMetaphone, int)Field org.apache.commons.codec.language.DoubleMetaphone$DoubleMetaphoneResult.this$0Local variable stored in JVM register 1At DoubleMetaphone.java:[line 942]","1"
"Found reliance on default encoding in new org.apache.commons.codec.binary.Base64(int, byte[], boolean): new String(byte[])","sep = new String(lineSeparator);","Bug type DM_DEFAULT_ENCODING (click for details)
In class org.apache.commons.codec.binary.Base64In method new org.apache.commons.codec.binary.Base64(int, byte[], boolean)Called method new String(byte[])At Base64.java:[line 302]","1"
"Switch statement found in org.apache.commons.codec.binary.Base64.decode(byte[], int, int) where default case is missing","switch (modulus) {
case 2:
x = x << 6;
buf[pos++] = (byte) ((x >> 16) & MASK_8BITS);
break;
case 3:
buf[pos++] = (byte) ((x >> 16) & MASK_8BITS);","Bug type SF_SWITCH_NO_DEFAULT (click for details)
In class org.apache.commons.codec.binary.Base64In method org.apache.commons.codec.binary.Base64.decode(byte[], int, int)At Base64.java:[lines 533-540]","1"
"new org.apache.commons.codec.language.bm.Rule$PhonemeList(List) may expose internal representation by storing an externally mutable object into Rule$PhonemeList.phonemes","this.phonemes = phonemes;","Bug type EI_EXPOSE_REP2 (click for details)
In class org.apache.commons.codec.language.bm.Rule$PhonemeListIn method new org.apache.commons.codec.language.bm.Rule$PhonemeList(List)Field org.apache.commons.codec.language.bm.Rule$PhonemeList.phonemesLocal variable named phonemesAt Rule.java:[line 142]","0"
"org.apache.commons.lang3.time.FastDateParser.getTimeZone() may expose internal representation by returning FastDateParser.timeZone","","Bug type EI_EXPOSE_REP (click for details)
In class org.apache.commons.lang3.time.FastDateParserIn method org.apache.commons.lang3.time.FastDateParser.getTimeZone()Field org.apache.commons.lang3.time.FastDateParser.timeZoneAt FastDateParser.java:[line 277]","0"
"Found reliance on default encoding in org.apache.commons.codec.binary.Hex.encode(byte[]): String.getBytes()","return new String(encodeHex(array)).getBytes();","Bug type DM_DEFAULT_ENCODING (click for details)
In class org.apache.commons.codec.binary.HexIn method org.apache.commons.codec.binary.Hex.encode(byte[])Called method String.getBytes()At Hex.java:[line 207]","0"
"Switch statement found in org.apache.commons.codec.binary.Base32.decode(byte[], int, int) where default case is missing","switch (modulus) {
case 2 : // 10 bits, drop 2 and output one byte
buffer[pos++] = (byte) ((x >> 2) & MASK_8BITS);
break;
case 3 : // 15 bits, drop 7 and output 1 byte
buffer[pos++] = (byte) ((x >> 7) & MASK_8BITS);
break;
case 4 : // 20 bits = 2*8 + 4
x = x >> 4; // drop 4 bits
buffer[pos++] = (byte) ((x >> 8) & MASK_8BITS);
buffer[pos++] = (byte) ((x) & MASK_8BITS);
break;
case 5 : // 25bits = 3*8 + 1
x = x >> 1;
buffer[pos++] = (byte) ((x >> 16) & MASK_8BITS);
buffer[pos++] = (byte) ((x >> 8) & MASK_8BITS);
buffer[pos++] = (byte) ((x) & MASK_8BITS);
break;
case 6 : // 30bits = 3*8 + 6
x = x >> 6;
buffer[pos++] = (byte) ((x >> 16) & MASK_8BITS);
buffer[pos++] = (byte) ((x >> 8) & MASK_8BITS);
buffer[pos++] = (byte) ((x) & MASK_8BITS);
break;
case 7 : // 35 = 4*8 +3
x = x >> 3;
buffer[pos++] = (byte) ((x >> 24) & MASK_8BITS);
buffer[pos++] = (byte) ((x >> 16) & MASK_8BITS);
buffer[pos++] = (byte) ((x >> 8) & MASK_8BITS);","Bug type SF_SWITCH_NO_DEFAULT (click for details)
In class org.apache.commons.codec.binary.Base32In method org.apache.commons.codec.binary.Base32.decode(byte[], int, int)At Base32.java:[lines 684-713]","1"
"Unread field: org.apache.commons.codec.binary.BaseNCodec.PAD; should this field be static?","protected final byte PAD = PAD_DEFAULT; // instance variable just in case it needs to vary later","Bug type SS_SHOULD_BE_STATIC (click for details)
In class org.apache.commons.codec.binary.BaseNCodecField org.apache.commons.codec.binary.BaseNCodec.PADAt BaseNCodec.java:[line 75]","0"
"org.apache.commons.codec.language.RefinedSoundex.US_ENGLISH_MAPPING should be package protected","public static final char[] US_ENGLISH_MAPPING = ""01360240043788015936020505"".toCharArray();","Bug type MS_PKGPROTECT (click for details)
In class org.apache.commons.codec.language.RefinedSoundexField org.apache.commons.codec.language.RefinedSoundex.US_ENGLISH_MAPPINGAt RefinedSoundex.java:[line 38]","1"
"Random object created and used only once in org.apache.commons.codec.digest.B64.getRandomSalt(int)","saltString.append(B64T.charAt(new Random().nextInt(B64T.length())));","Bug type DMI_RANDOM_USED_ONLY_ONCE (click for details)
In class org.apache.commons.codec.digest.B64In method org.apache.commons.codec.digest.B64.getRandomSalt(int)Called method java.util.Random.nextInt(int)At B64.java:[line 75]","0"
"Switch statement found in org.apache.commons.codec.binary.Base64.encode(byte[], int, int) where default case is missing","switch (modulus) {
case 1 :
buffer[pos++] = encodeTable[(x >> 2) & MASK_6BITS];
buffer[pos++] = encodeTable[(x << 4) & MASK_6BITS];
// URL-SAFE skips the padding to further reduce size.
if (encodeTable == STANDARD_ENCODE_TABLE) {
buffer[pos++] = PAD;
buffer[pos++] = PAD;
}
break;

case 2 :
buffer[pos++] = encodeTable[(x >> 10) & MASK_6BITS];
buffer[pos++] = encodeTable[(x >> 4) & MASK_6BITS];
buffer[pos++] = encodeTable[(x << 2) & MASK_6BITS];
// URL-SAFE skips the padding to further reduce size.
if (encodeTable == STANDARD_ENCODE_TABLE) {","Bug type SF_SWITCH_NO_DEFAULT (click for details)
In class org.apache.commons.codec.binary.Base64In method org.apache.commons.codec.binary.Base64.encode(byte[], int, int)At Base64.java:[lines 463-480]","1"
"Public method org.apache.commons.lang3.reflect.FieldUtils.getDeclaredField(Class, String, boolean) uses reflection to modify a field it gets in its parameter which could increase the accessibility of any class.","","Bug type REFLF_REFLECTION_MAY_INCREASE_ACCESSIBILITY_OF_FIELD (click for details)
In class org.apache.commons.lang3.reflect.FieldUtilsIn method org.apache.commons.lang3.reflect.FieldUtils.getDeclaredField(Class, String, boolean)At FieldUtils.java:[line 176]","0"
"org.apache.commons.lang3.BooleanUtils.negate(Boolean) has Boolean return type and returns explicit null","","Bug type NP_BOOLEAN_RETURN_NULL (click for details)
In class org.apache.commons.lang3.BooleanUtilsIn method org.apache.commons.lang3.BooleanUtils.negate(Boolean)At BooleanUtils.java:[line 64]","0"
"Found reliance on default encoding in org.apache.commons.codec.binary.Hex.encode(byte[]): String.getBytes()","return new String(encodeHex(array)).getBytes();","Bug type DM_DEFAULT_ENCODING (click for details)
In class org.apache.commons.codec.binary.HexIn method org.apache.commons.codec.binary.Hex.encode(byte[])Called method String.getBytes()At Hex.java:[line 205]","0"
"Suspicious comparison of Boolean references in org.apache.commons.lang3.BooleanUtils.toBoolean(String)","","Bug type RC_REF_COMPARISON_BAD_PRACTICE_BOOLEAN (click for details)
In class org.apache.commons.lang3.BooleanUtilsIn method org.apache.commons.lang3.BooleanUtils.toBoolean(String)Actual type BooleanValue loaded from field java.lang.Boolean.TRUEAt BooleanUtils.java:[line 709]","0"
"Switch statement found in org.apache.commons.codec.binary.Base64.encode(byte[], int, int) where default case is missing","switch (modulus) {
case 1 :
buffer[pos++] = encodeTable[(x >> 2) & MASK_6BITS];
buffer[pos++] = encodeTable[(x << 4) & MASK_6BITS];
// URL-SAFE skips the padding to further reduce size.
if (encodeTable == STANDARD_ENCODE_TABLE) {
buffer[pos++] = PAD;
buffer[pos++] = PAD;
}
break;

case 2 :
buffer[pos++] = encodeTable[(x >> 10) & MASK_6BITS];
buffer[pos++] = encodeTable[(x >> 4) & MASK_6BITS];
buffer[pos++] = encodeTable[(x << 2) & MASK_6BITS];
// URL-SAFE skips the padding to further reduce size.
if (encodeTable == STANDARD_ENCODE_TABLE) {","Bug type SF_SWITCH_NO_DEFAULT (click for details)
In class org.apache.commons.codec.binary.Base64In method org.apache.commons.codec.binary.Base64.encode(byte[], int, int)At Base64.java:[lines 455-472]","1"
"org.apache.commons.lang3.builder.ToStringBuilder.getStringBuffer() may expose internal representation by returning ToStringBuilder.buffer","","Bug type EI_EXPOSE_REP (click for details)
In class org.apache.commons.lang3.builder.ToStringBuilderIn method org.apache.commons.lang3.builder.ToStringBuilder.getStringBuffer()Field org.apache.commons.lang3.builder.ToStringBuilder.bufferAt ToStringBuilder.java:[line 1029]","0"
"new org.apache.commons.codec.language.bm.Rule$PhonemeList(List) may expose internal representation by storing an externally mutable object into Rule$PhonemeList.phonemes","this.phonemes = phonemes;","Bug type EI_EXPOSE_REP2 (click for details)
In class org.apache.commons.codec.language.bm.Rule$PhonemeListIn method new org.apache.commons.codec.language.bm.Rule$PhonemeList(List)Field org.apache.commons.codec.language.bm.Rule$PhonemeList.phonemesLocal variable named phonemesAt Rule.java:[line 173]","0"
"org.apache.commons.codec.language.bm.Languages.getLanguages() may expose internal representation by returning Languages.languages","return this.languages;","Bug type EI_EXPOSE_REP (click for details)
In class org.apache.commons.codec.language.bm.LanguagesIn method org.apache.commons.codec.language.bm.Languages.getLanguages()Field org.apache.commons.codec.language.bm.Languages.languagesAt Languages.java:[line 293]","0"
"Switch statement found in org.apache.commons.codec.binary.Base64.encode(byte[], int, int) where default case is missing","switch (modulus) { // 0-2
case 1 : // 8 bits = 6 + 2
buffer[pos++] = encodeTable[(bitWorkArea >> 2) & MASK_6BITS]; // top 6 bits
buffer[pos++] = encodeTable[(bitWorkArea << 4) & MASK_6BITS]; // remaining 2
// URL-SAFE skips the padding to further reduce size.
if (encodeTable == STANDARD_ENCODE_TABLE) {
buffer[pos++] = PAD;
buffer[pos++] = PAD;
}
break;

case 2 : // 16 bits = 6 + 6 + 4
buffer[pos++] = encodeTable[(bitWorkArea >> 10) & MASK_6BITS];
buffer[pos++] = encodeTable[(bitWorkArea >> 4) & MASK_6BITS];
buffer[pos++] = encodeTable[(bitWorkArea << 2) & MASK_6BITS];
// URL-SAFE skips the padding to further reduce size.
if (encodeTable == STANDARD_ENCODE_TABLE) {","Bug type SF_SWITCH_NO_DEFAULT (click for details)
In class org.apache.commons.codec.binary.Base64In method org.apache.commons.codec.binary.Base64.encode(byte[], int, int)At Base64.java:[lines 340-357]","1"
"org.apache.commons.codec.language.bm.Rule$Phoneme.getPhonemeText() may expose internal representation by returning Rule$Phoneme.phonemeText","return this.phonemeText;","Bug type EI_EXPOSE_REP (click for details)
In class org.apache.commons.codec.language.bm.Rule$PhonemeIn method org.apache.commons.codec.language.bm.Rule$Phoneme.getPhonemeText()Field org.apache.commons.codec.language.bm.Rule$Phoneme.phonemeTextAt Rule.java:[line 139]","0"
"new org.apache.commons.codec.language.DoubleMetaphone$DoubleMetaphoneResult(DoubleMetaphone, int) may expose internal representation by storing an externally mutable object into DoubleMetaphone$DoubleMetaphoneResult.this$0","public DoubleMetaphoneResult(int maxLength) {","Bug type EI_EXPOSE_REP2 (click for details)
In class org.apache.commons.codec.language.DoubleMetaphone$DoubleMetaphoneResultIn method new org.apache.commons.codec.language.DoubleMetaphone$DoubleMetaphoneResult(DoubleMetaphone, int)Field org.apache.commons.codec.language.DoubleMetaphone$DoubleMetaphoneResult.this$0Local variable stored in JVM register 1At DoubleMetaphone.java:[line 1037]","1"
"org.apache.commons.codec.language.bm.Languages.getLanguages() may expose internal representation by returning Languages.languages","return this.languages;","Bug type EI_EXPOSE_REP (click for details)
In class org.apache.commons.codec.language.bm.LanguagesIn method org.apache.commons.codec.language.bm.Languages.getLanguages()Field org.apache.commons.codec.language.bm.Languages.languagesAt Languages.java:[line 265]","0"
"Useless condition: it's known that sumLength >= 5 at this point","} else if (sumLength >= FIVE && sumLength <= SEVEN) {","Bug type UC_USELESS_CONDITION (click for details)
In class org.apache.commons.codec.language.MatchRatingApproachEncoderIn method org.apache.commons.codec.language.MatchRatingApproachEncoder.getMinRating(int)Value sumLength >= 5At MatchRatingApproachEncoder.java:[line 189]","0"
"Do not catch NullPointerException like in org.apache.commons.lang3.BooleanUtils.and(Boolean[])","","Bug type DCN_NULLPOINTER_EXCEPTION (click for details)
In class org.apache.commons.lang3.BooleanUtilsIn method org.apache.commons.lang3.BooleanUtils.and(Boolean[])At BooleanUtils.java:[line 948]","0"
"Public static org.apache.commons.lang3.time.FastTimeZone.getGmtTimeZone() may expose internal representation by returning FastTimeZone.GREENWICH","","Bug type MS_EXPOSE_REP (click for details)
In class org.apache.commons.lang3.time.FastTimeZoneIn method org.apache.commons.lang3.time.FastTimeZone.getGmtTimeZone()Field org.apache.commons.lang3.time.FastTimeZone.GREENWICHAt FastTimeZone.java:[line 39]","0"
"new org.apache.commons.codec.language.DoubleMetaphone$DoubleMetaphoneResult(DoubleMetaphone, int) may expose internal representation by storing an externally mutable object into DoubleMetaphone$DoubleMetaphoneResult.this$0","public DoubleMetaphoneResult(int maxLength) {","Bug type EI_EXPOSE_REP2 (click for details)
In class org.apache.commons.codec.language.DoubleMetaphone$DoubleMetaphoneResultIn method new org.apache.commons.codec.language.DoubleMetaphone$DoubleMetaphoneResult(DoubleMetaphone, int)Field org.apache.commons.codec.language.DoubleMetaphone$DoubleMetaphoneResult.this$0Local variable stored in JVM register 1At DoubleMetaphone.java:[line 1034]","1"
"Useless condition: it's known that sumLength >= 8 at this point","} else if (sumLength >= EIGHT && sumLength <= ELEVEN) {","Bug type UC_USELESS_CONDITION (click for details)
In class org.apache.commons.codec.language.MatchRatingApproachEncoderIn method org.apache.commons.codec.language.MatchRatingApproachEncoder.getMinRating(int)Value sumLength >= 8At MatchRatingApproachEncoder.java:[line 191]","0"
"org.apache.commons.lang3.builder.ToStringBuilder.setDefaultStyle(ToStringStyle) may expose internal static state by storing a mutable object into a static field org.apache.commons.lang3.builder.ToStringBuilder.defaultStyle","","Bug type EI_EXPOSE_STATIC_REP2 (click for details)
In class org.apache.commons.lang3.builder.ToStringBuilderIn method org.apache.commons.lang3.builder.ToStringBuilder.setDefaultStyle(ToStringStyle)Field org.apache.commons.lang3.builder.ToStringBuilder.defaultStyleLocal variable named styleAt ToStringBuilder.java:[line 137]","0"
"new org.apache.commons.lang3.text.ExtendedMessageFormat(String, Locale, Map) may expose internal representation by storing an externally mutable object into ExtendedMessageFormat.registry","","Bug type EI_EXPOSE_REP2 (click for details)
In class org.apache.commons.lang3.text.ExtendedMessageFormatIn method new org.apache.commons.lang3.text.ExtendedMessageFormat(String, Locale, Map)Field org.apache.commons.lang3.text.ExtendedMessageFormat.registryLocal variable named registryAt ExtendedMessageFormat.java:[line 129]","0"
"Public static org.apache.commons.lang3.time.FastTimeZone.getGmtTimeZone(String) may expose internal representation by returning FastTimeZone.GREENWICH","","Bug type MS_EXPOSE_REP (click for details)
In class org.apache.commons.lang3.time.FastTimeZoneIn method org.apache.commons.lang3.time.FastTimeZone.getGmtTimeZone(String)Field org.apache.commons.lang3.time.FastTimeZone.GREENWICHAt FastTimeZone.java:[line 51]Another occurrence at FastTimeZone.java:[line 59]","0"
"Public method org.apache.commons.lang3.reflect.FieldUtils.getField(Class, String, boolean) uses reflection to modify a field it gets in its parameter which could increase the accessibility of any class.","","Bug type REFLF_REFLECTION_MAY_INCREASE_ACCESSIBILITY_OF_FIELD (click for details)
In class org.apache.commons.lang3.reflect.FieldUtilsIn method org.apache.commons.lang3.reflect.FieldUtils.getField(Class, String, boolean)At FieldUtils.java:[line 110]","0"
"Switch statement found in org.apache.commons.codec.digest.PureJavaCrc32C.update(byte[], int, int) where default case is missing","switch(len) {
case 7: localCrc = (localCrc >>> 8) ^ T[T8_0_start + ((localCrc ^ b[off++]) & 0xff)];
case 6: localCrc = (localCrc >>> 8) ^ T[T8_0_start + ((localCrc ^ b[off++]) & 0xff)];
case 5: localCrc = (localCrc >>> 8) ^ T[T8_0_start + ((localCrc ^ b[off++]) & 0xff)];
case 4: localCrc = (localCrc >>> 8) ^ T[T8_0_start + ((localCrc ^ b[off++]) & 0xff)];
case 3: localCrc = (localCrc >>> 8) ^ T[T8_0_start + ((localCrc ^ b[off++]) & 0xff)];
case 2: localCrc = (localCrc >>> 8) ^ T[T8_0_start + ((localCrc ^ b[off++]) & 0xff)];","Bug type SF_SWITCH_NO_DEFAULT (click for details)
In class org.apache.commons.codec.digest.PureJavaCrc32CIn method org.apache.commons.codec.digest.PureJavaCrc32C.update(byte[], int, int)At PureJavaCrc32C.java:[lines 84-91]","0"
"Public static org.apache.commons.lang3.tuple.ImmutablePair.nullPair() may expose internal representation by returning ImmutablePair.NULL","","Bug type MS_EXPOSE_REP (click for details)
In class org.apache.commons.lang3.tuple.ImmutablePairIn method org.apache.commons.lang3.tuple.ImmutablePair.nullPair()Field org.apache.commons.lang3.tuple.ImmutablePair.NULLAt ImmutablePair.java:[line 56]","0"
"Switch statement found in org.apache.commons.codec.binary.Base64.encode(byte[], int, int) where default case is missing","switch (modulus) {
case 1 :
buffer[pos++] = encodeTable[(x >> 2) & MASK_6BITS];
buffer[pos++] = encodeTable[(x << 4) & MASK_6BITS];
// URL-SAFE skips the padding to further reduce size.
if (encodeTable == STANDARD_ENCODE_TABLE) {
buffer[pos++] = PAD;
buffer[pos++] = PAD;
}
break;

case 2 :
buffer[pos++] = encodeTable[(x >> 10) & MASK_6BITS];
buffer[pos++] = encodeTable[(x >> 4) & MASK_6BITS];
buffer[pos++] = encodeTable[(x << 2) & MASK_6BITS];
// URL-SAFE skips the padding to further reduce size.
if (encodeTable == STANDARD_ENCODE_TABLE) {","Bug type SF_SWITCH_NO_DEFAULT (click for details)
In class org.apache.commons.codec.binary.Base64In method org.apache.commons.codec.binary.Base64.encode(byte[], int, int)At Base64.java:[lines 475-492]","1"
"Switch statement found in org.apache.commons.codec.binary.Base64.decode(byte[], int, int) where default case is missing","switch (modulus) {
case 2 :
x = x << 6;
buffer[pos++] = (byte) ((x >> 16) & MASK_8BITS);
break;
case 3 :
buffer[pos++] = (byte) ((x >> 16) & MASK_8BITS);","Bug type SF_SWITCH_NO_DEFAULT (click for details)
In class org.apache.commons.codec.binary.Base64In method org.apache.commons.codec.binary.Base64.decode(byte[], int, int)At Base64.java:[lines 571-578]","1"
"Found reliance on default encoding in org.apache.commons.codec.binary.Hex.decode(byte[]): new String(byte[])","return decodeHex(new String(array).toCharArray());","Bug type DM_DEFAULT_ENCODING (click for details)
In class org.apache.commons.codec.binary.HexIn method org.apache.commons.codec.binary.Hex.decode(byte[])Called method new String(byte[])At Hex.java:[line 168]","0"
"Switch statement found in org.apache.commons.codec.language.Metaphone.metaphone(String) where default case is missing","switch(symb) {
case 'A' : case 'E' : case 'I' : case 'O' : case 'U' :
if (n == 0) {
code.append(symb);
}
break ; // only use vowel if leading char
case 'B' :
if ( isPreviousChar(local, n, 'M') &&
isLastChar(wdsz, n) ) { // B is silent if word ends in MB
break;
}
code.append(symb);
break;
case 'C' : // lots of C special cases
/* discard if SCI, SCE or SCY */
if ( isPreviousChar(local, n, 'S') &&
!isLastChar(wdsz, n) &&
(FRONTV.indexOf(local.charAt(n + 1)) >= 0) ) {
break;
}
if (regionMatch(local, n, ""CIA"")) { // ""CIA"" -> X
code.append('X');
break;
}
if (!isLastChar(wdsz, n) &&
(FRONTV.indexOf(local.charAt(n + 1)) >= 0)) {
code.append('S');
break; // CI,CE,CY -> S
}
if (isPreviousChar(local, n, 'S') &&
isNextChar(local, n, 'H') ) { // SCH->sk
code.append('K') ;
break ;
}
if (isNextChar(local, n, 'H')) { // detect CH
if ((n == 0) &&
(wdsz >= 3) &&
isVowel(local,2) ) { // CH consonant -> K consonant
code.append('K');
} else {
code.append('X'); // CHvowel -> X
}
} else {
code.append('K');
}
break ;
case 'D' :
if (!isLastChar(wdsz, n + 1) &&
isNextChar(local, n, 'G') &&
(FRONTV.indexOf(local.charAt(n + 2)) >= 0)) { // DGE DGI DGY -> J
code.append('J'); n += 2 ;
} else {
code.append('T');
}
break ;
case 'G' : // GH silent at end or before consonant
if (isLastChar(wdsz, n + 1) &&
isNextChar(local, n, 'H')) {
break;
}
if (!isLastChar(wdsz, n + 1) &&
isNextChar(local,n,'H') &&
!isVowel(local,n+2)) {
break;
}
if ((n > 0) &&
( regionMatch(local, n, ""GN"") ||
regionMatch(local, n, ""GNED"") ) ) {
break; // silent G
}
if (isPreviousChar(local, n, 'G')) {
hard = true ;
} else {
hard = false ;
}
if (!isLastChar(wdsz, n) &&
(FRONTV.indexOf(local.charAt(n + 1)) >= 0) &&
(!hard)) {
code.append('J');
} else {
code.append('K');
}
break ;
case 'H':
if (isLastChar(wdsz, n)) {
break ; // terminal H
}
if ((n > 0) &&
(VARSON.indexOf(local.charAt(n - 1)) >= 0)) {
break;
}
if (isVowel(local,n+1)) {
code.append('H'); // Hvowel
}
break;
case 'F':
case 'J' :
case 'L' :
case 'M':
case 'N' :
case 'R' :
code.append(symb);
break;
case 'K' :
if (n > 0) { // not initial
if (!isPreviousChar(local, n, 'C')) {
code.append(symb);
}
} else {
code.append(symb); // initial K
}
break ;
case 'P' :
if (isNextChar(local,n,'H')) {
// PH -> F
code.append('F');
} else {
code.append(symb);
}
break ;
case 'Q' :
code.append('K');
break;
case 'S' :
if (regionMatch(local,n,""SH"") ||
regionMatch(local,n,""SIO"") ||
regionMatch(local,n,""SIA"")) {
code.append('X');
} else {
code.append('S');
}
break;
case 'T' :
if (regionMatch(local,n,""TIA"") ||
regionMatch(local,n,""TIO"")) {
code.append('X');
break;
}
if (regionMatch(local,n,""TCH"")) {
// Silent if in ""TCH""
break;
}
// substitute numeral 0 for TH (resembles theta after all)
if (regionMatch(local,n,""TH"")) {
code.append('0');
} else {
code.append('T');
}
break ;
case 'V' :
code.append('F'); break ;
case 'W' : case 'Y' : // silent if not followed by vowel
if (!isLastChar(wdsz,n) &&
isVowel(local,n+1)) {
code.append(symb);
}
break ;
case 'X' :
code.append('K'); code.append('S');
break ;
case 'Z' :","Bug type SF_SWITCH_NO_DEFAULT (click for details)
In class org.apache.commons.codec.language.MetaphoneIn method org.apache.commons.codec.language.Metaphone.metaphone(String)At Metaphone.java:[lines 144-305]","0"
"org.apache.commons.lang3.BooleanUtils.toBooleanObject(String, String, String, String) has Boolean return type and returns explicit null","","Bug type NP_BOOLEAN_RETURN_NULL (click for details)
In class org.apache.commons.lang3.BooleanUtilsIn method org.apache.commons.lang3.BooleanUtils.toBooleanObject(String, String, String, String)At BooleanUtils.java:[line 664]Another occurrence at BooleanUtils.java:[line 671]","0"
"Switch statement found in org.apache.commons.lang3.math.NumberUtils.createNumber(String) where default case is missing","","Bug type SF_SWITCH_NO_DEFAULT (click for details)
In class org.apache.commons.lang3.math.NumberUtilsIn method org.apache.commons.lang3.math.NumberUtils.createNumber(String)At NumberUtils.java:[lines 724-765]","0"
"Found reliance on default encoding in org.apache.commons.codec.digest.DigestUtils.md5(String): String.getBytes()","return md5(data.getBytes());","Bug type DM_DEFAULT_ENCODING (click for details)
In class org.apache.commons.codec.digest.DigestUtilsIn method org.apache.commons.codec.digest.DigestUtils.md5(String)Called method String.getBytes()At DigestUtils.java:[line 174]","0"
"Switch statement found in org.apache.commons.codec.binary.Base64.encode(byte[], int, int) where default case is missing","switch (modulus) {
case 1 :
buffer[pos++] = encodeTable[(x >> 2) & MASK_6BITS];
buffer[pos++] = encodeTable[(x << 4) & MASK_6BITS];
// URL-SAFE skips the padding to further reduce size.
if (encodeTable == STANDARD_ENCODE_TABLE) {
buffer[pos++] = PAD;
buffer[pos++] = PAD;
}
break;

case 2 :
buffer[pos++] = encodeTable[(x >> 10) & MASK_6BITS];
buffer[pos++] = encodeTable[(x >> 4) & MASK_6BITS];
buffer[pos++] = encodeTable[(x << 2) & MASK_6BITS];
// URL-SAFE skips the padding to further reduce size.
if (encodeTable == STANDARD_ENCODE_TABLE) {","Bug type SF_SWITCH_NO_DEFAULT (click for details)
In class org.apache.commons.codec.binary.Base64In method org.apache.commons.codec.binary.Base64.encode(byte[], int, int)At Base64.java:[lines 448-465]","1"
"registry isn't initialized in org.apache.commons.lang3.text.ExtendedMessageFormat.applyPattern(String) when invoked from constructor for superclass","","Bug type UR_UNINIT_READ_CALLED_FROM_SUPER_CONSTRUCTOR (click for details)
In class org.apache.commons.lang3.text.ExtendedMessageFormatIn method org.apache.commons.lang3.text.ExtendedMessageFormat.applyPattern(String)Field org.apache.commons.lang3.text.ExtendedMessageFormat.registrySuperclass constructor is new java.text.MessageFormat(String)Call from superclass constructor at MessageFormat.java:[line 362]Constructor is new org.apache.commons.lang3.text.ExtendedMessageFormat(String, Locale, Map)Field set (too late) at ExtendedMessageFormat.java:[line 129]At ExtendedMessageFormat.java:[line 148]","0"
"Switch statement found in org.apache.commons.codec.binary.Base32.encode(byte[], int, int) where default case is missing","switch (modulus) { // % 5
case 1 : // Only 1 octet; take top 5 bits then remainder
buffer[pos++] = encodeTable[(int)(x >> 3) & MASK_5BITS]; // 8-1*5 = 3
buffer[pos++] = encodeTable[(int)(x << 2) & MASK_5BITS]; // 5-3=2
buffer[pos++] = PAD;
buffer[pos++] = PAD;
buffer[pos++] = PAD;
buffer[pos++] = PAD;
buffer[pos++] = PAD;
buffer[pos++] = PAD;
break;

case 2 : // 2 octets = 16 bits to use
buffer[pos++] = encodeTable[(int)(x >> 11) & MASK_5BITS]; // 16-1*5 = 11
buffer[pos++] = encodeTable[(int)(x >>  6) & MASK_5BITS]; // 16-2*5 = 6
buffer[pos++] = encodeTable[(int)(x >>  1) & MASK_5BITS]; // 16-3*5 = 1
buffer[pos++] = encodeTable[(int)(x <<  4) & MASK_5BITS]; // 5-1 = 4
buffer[pos++] = PAD;
buffer[pos++] = PAD;
buffer[pos++] = PAD;
buffer[pos++] = PAD;
break;
case 3 : // 3 octets = 24 bits to use
buffer[pos++] = encodeTable[(int)(x >> 19) & MASK_5BITS]; // 24-1*5 = 19
buffer[pos++] = encodeTable[(int)(x >> 14) & MASK_5BITS]; // 24-2*5 = 14
buffer[pos++] = encodeTable[(int)(x >>  9) & MASK_5BITS]; // 24-3*5 = 9
buffer[pos++] = encodeTable[(int)(x >>  4) & MASK_5BITS]; // 24-4*5 = 4
buffer[pos++] = encodeTable[(int)(x <<  1) & MASK_5BITS]; // 5-4 = 1
buffer[pos++] = PAD;
buffer[pos++] = PAD;
buffer[pos++] = PAD;
break;
case 4 : // 4 octets = 32 bits to use
buffer[pos++] = encodeTable[(int)(x >> 27) & MASK_5BITS]; // 32-1*5 = 27
buffer[pos++] = encodeTable[(int)(x >> 22) & MASK_5BITS]; // 32-2*5 = 22
buffer[pos++] = encodeTable[(int)(x >> 17) & MASK_5BITS]; // 32-3*5 = 17
buffer[pos++] = encodeTable[(int)(x >> 12) & MASK_5BITS]; // 32-4*5 = 12
buffer[pos++] = encodeTable[(int)(x >>  7) & MASK_5BITS]; // 32-5*5 =  7
buffer[pos++] = encodeTable[(int)(x >>  2) & MASK_5BITS]; // 32-6*5 =  2
buffer[pos++] = encodeTable[(int)(x <<  3) & MASK_5BITS]; // 5-2 = 3","Bug type SF_SWITCH_NO_DEFAULT (click for details)
In class org.apache.commons.codec.binary.Base32In method org.apache.commons.codec.binary.Base32.encode(byte[], int, int)At Base32.java:[lines 539-579]","1"
"org.apache.commons.codec.language.bm.Rule$PhonemeList.getPhonemes() may expose internal representation by returning Rule$PhonemeList.phonemes","return this.phonemes;","Bug type EI_EXPOSE_REP (click for details)
In class org.apache.commons.codec.language.bm.Rule$PhonemeListIn method org.apache.commons.codec.language.bm.Rule$PhonemeList.getPhonemes()Field org.apache.commons.codec.language.bm.Rule$PhonemeList.phonemesAt Rule.java:[line 165]","0"
"Found reliance on default encoding in org.apache.commons.codec.binary.Hex.decode(byte[]): new String(byte[])","return decodeHex(new String(array).toCharArray());","Bug type DM_DEFAULT_ENCODING (click for details)
In class org.apache.commons.codec.binary.HexIn method org.apache.commons.codec.binary.Hex.decode(byte[])Called method new String(byte[])At Hex.java:[line 132]","0"
