"Bug Id","Warning Type","Code","Warning"
"Compress/23_buggy","Correctness Warning","SA","Self assignment of field BlockSort.workDone in org.apache.commons.compress.compressors.bzip2.BlockSort.mainSimpleSort(BZip2CompressorOutputStream$Data, int, int, int, int)"
"Compress/23_buggy","Correctness Warning","SA","Self assignment of field CRC.globalCrc in org.apache.commons.compress.compressors.bzip2.CRC.updateCRC(int, int)"
"Compress/23_buggy","Dodgy code Warning","EI","org.apache.commons.compress.archivers.cpio.CpioArchiveInputStream.getNextCPIOEntry() may expose internal representation by returning CpioArchiveInputStream.entry"
"Compress/23_buggy","Dodgy code Warning","EI","org.apache.commons.compress.archivers.dump.DumpArchiveEntry.getPermissions() may expose internal representation by returning DumpArchiveEntry.permissions"
"Compress/23_buggy","Dodgy code Warning","EI","org.apache.commons.compress.archivers.dump.DumpArchiveInputStream.getSummary() may expose internal representation by returning DumpArchiveInputStream.summary"
"Compress/23_buggy","Dodgy code Warning","EI","org.apache.commons.compress.archivers.tar.TarArchiveInputStream.getCurrentEntry() may expose internal representation by returning TarArchiveInputStream.currEntry"
"Compress/23_buggy","Dodgy code Warning","EI","org.apache.commons.compress.archivers.tar.TarArchiveInputStream.getNextTarEntry() may expose internal representation by returning TarArchiveInputStream.currEntry"
"Compress/23_buggy","Dodgy code Warning","EI","org.apache.commons.compress.archivers.zip.UnsupportedZipFeatureException.getEntry() may expose internal representation by returning UnsupportedZipFeatureException.entry"
"Compress/23_buggy","Dodgy code Warning","EI","org.apache.commons.compress.changes.ChangeSetResults.getAddedFromChangeSet() may expose internal representation by returning ChangeSetResults.addedFromChangeSet"
"Compress/23_buggy","Dodgy code Warning","EI","org.apache.commons.compress.changes.ChangeSetResults.getAddedFromStream() may expose internal representation by returning ChangeSetResults.addedFromStream"
"Compress/23_buggy","Dodgy code Warning","EI","org.apache.commons.compress.changes.ChangeSetResults.getDeleted() may expose internal representation by returning ChangeSetResults.deleted"
"Compress/23_buggy","Dodgy code Warning","EI2","new org.apache.commons.compress.archivers.ar.ArArchiveOutputStream(OutputStream) may expose internal representation by storing an externally mutable object into ArArchiveOutputStream.out"
"Compress/23_buggy","Dodgy code Warning","EI2","new org.apache.commons.compress.archivers.cpio.CpioArchiveOutputStream(OutputStream, short, int, String) may expose internal representation by storing an externally mutable object into CpioArchiveOutputStream.out"
"Compress/23_buggy","Dodgy code Warning","EI2","org.apache.commons.compress.archivers.cpio.CpioArchiveOutputStream.putArchiveEntry(ArchiveEntry) may expose internal representation by storing an externally mutable object into CpioArchiveOutputStream.entry"
"Compress/23_buggy","Dodgy code Warning","EI2","new org.apache.commons.compress.archivers.zip.UnsupportedZipFeatureException(UnsupportedZipFeatureException$Feature, ZipArchiveEntry) may expose internal representation by storing an externally mutable object into UnsupportedZipFeatureException.entry"
"Compress/23_buggy","Dodgy code Warning","EI2","new org.apache.commons.compress.archivers.zip.UnsupportedZipFeatureException(ZipMethod, ZipArchiveEntry) may expose internal representation by storing an externally mutable object into UnsupportedZipFeatureException.entry"
"Compress/23_buggy","Dodgy code Warning","EI2","new org.apache.commons.compress.archivers.zip.ZipArchiveOutputStream(OutputStream) may expose internal representation by storing an externally mutable object into ZipArchiveOutputStream.out"
"Compress/23_buggy","Dodgy code Warning","EI2","new org.apache.commons.compress.compressors.bzip2.BZip2CompressorOutputStream(OutputStream, int) may expose internal representation by storing an externally mutable object into BZip2CompressorOutputStream.out"
"Compress/23_buggy","Dodgy code Warning","EI2","new org.apache.commons.compress.compressors.gzip.GzipCompressorOutputStream(OutputStream, GzipParameters) may expose internal representation by storing an externally mutable object into GzipCompressorOutputStream.out"
"Compress/23_buggy","Dodgy code Warning","EI2","new org.apache.commons.compress.compressors.pack200.Pack200CompressorOutputStream(OutputStream, Pack200Strategy, Map) may expose internal representation by storing an externally mutable object into Pack200CompressorOutputStream.originalOutput"
"Compress/23_buggy","Dodgy code Warning","EI2","new org.apache.commons.compress.compressors.pack200.Pack200CompressorOutputStream(OutputStream, Pack200Strategy, Map) may expose internal representation by storing an externally mutable object into Pack200CompressorOutputStream.properties"
"Compress/23_buggy","Dodgy code Warning","REFLC","Public method org.apache.commons.compress.archivers.zip.ExtraFieldUtils.register(Class) uses reflection to create a class it gets in its parameter which could increase the accessibility of any class"
"Compress/23_buggy","Malicious code vulnerability Warning","NP","Possible null pointer dereference in org.apache.commons.compress.archivers.tar.TarArchiveEntry.getDirectoryEntries() due to return value of called method"
