"Warning","Source Code","Warning Detail","Label"
"Found reliance on default encoding in org.apache.commons.cli.HelpFormatter.printHelp(int, String, String, Options, String, boolean): new java.io.PrintWriter(OutputStream)","PrintWriter pw = new PrintWriter(System.out);","Bug type DM_DEFAULT_ENCODING (click for details)
In class org.apache.commons.cli.HelpFormatterIn method org.apache.commons.cli.HelpFormatter.printHelp(int, String, String, Options, String, boolean)Called method new java.io.PrintWriter(OutputStream)At HelpFormatter.java:[line 416]","1"
"Found reliance on default encoding in org.apache.commons.cli.HelpFormatter.printHelp(int, String, String, Options, String, boolean): new java.io.PrintWriter(OutputStream)","PrintWriter pw = new PrintWriter(System.out);","Bug type DM_DEFAULT_ENCODING (click for details)
In class org.apache.commons.cli.HelpFormatterIn method org.apache.commons.cli.HelpFormatter.printHelp(int, String, String, Options, String, boolean)Called method new java.io.PrintWriter(OutputStream)At HelpFormatter.java:[line 421]","1"
"org.apache.commons.cli.CommandLine.getArgList() may expose internal representation by returning CommandLine.args","return args;","Bug type EI_EXPOSE_REP (click for details)
In class org.apache.commons.cli.CommandLineIn method org.apache.commons.cli.CommandLine.getArgList()Field org.apache.commons.cli.CommandLine.argsAt CommandLine.java:[line 432]","1"
"org.apache.commons.cli2.validation.DateValidator.setMaximum(Date) may expose internal representation by storing an externally mutable object into DateValidator.maximum","this.maximum = maximum;","Bug type EI_EXPOSE_REP2 (click for details)
In class org.apache.commons.cli2.validation.DateValidatorIn method org.apache.commons.cli2.validation.DateValidator.setMaximum(Date)Field org.apache.commons.cli2.validation.DateValidator.maximumLocal variable named maximumAt DateValidator.java:[line 220]","0"
"org.apache.commons.cli.HelpFormatter$OptionComparator implements Comparator but not Serializable","private static class OptionComparator implements Comparator
{

/**
* Compares its two arguments for order. Returns a negative
* integer, zero, or a positive integer as the first argument
* is less than, equal to, or greater than the second.
*
* @param o1 The first Option to be compared.
* @param o2 The second Option to be compared.
* @return a negative integer, zero, or a positive integer as
*         the first argument is less than, equal to, or greater than the
*         second.
*/
public int compare(Object o1, Object o2)
{
Option opt1 = (Option) o1;
Option opt2 = (Option) o2;
","Bug type SE_COMPARATOR_SHOULD_BE_SERIALIZABLE (click for details)
In class org.apache.commons.cli.HelpFormatter$OptionComparatorAt HelpFormatter.java:[lines 967-986]","1"
"org.apache.commons.cli.Parser.parse(Options, String[], Properties, boolean) may expose internal representation by returning Parser.cmd","return cmd;","Bug type EI_EXPOSE_REP (click for details)
In class org.apache.commons.cli.ParserIn method org.apache.commons.cli.Parser.parse(Options, String[], Properties, boolean)Field org.apache.commons.cli.Parser.cmdAt Parser.java:[line 233]","1"
"org.apache.commons.cli.Option.getValuesList() may expose internal representation by returning Option.values","return values;","Bug type EI_EXPOSE_REP (click for details)
In class org.apache.commons.cli.OptionIn method org.apache.commons.cli.Option.getValuesList()Field org.apache.commons.cli.Option.valuesAt Option.java:[line 540]","0"
"org.apache.commons.cli2.util.Comparators$SwitchFirst implements Comparator but not Serializable","private static class SwitchFirst implements Comparator {
public int compare(final Object left, final Object right) {
final boolean l = left instanceof Switch;
final boolean r = right instanceof Switch;

if (l ^ r) {
if (l) {
return -1;
}
return 1;
}","Bug type SE_COMPARATOR_SHOULD_BE_SERIALIZABLE (click for details)
In class org.apache.commons.cli2.util.Comparators$SwitchFirstAt Comparators.java:[lines 252-263]","0"
"new org.apache.commons.cli.AlreadySelectedException(OptionGroup, Option) may expose internal representation by storing an externally mutable object into AlreadySelectedException.option","this.option = option;","Bug type EI_EXPOSE_REP2 (click for details)
In class org.apache.commons.cli.AlreadySelectedExceptionIn method new org.apache.commons.cli.AlreadySelectedException(OptionGroup, Option)Field org.apache.commons.cli.AlreadySelectedException.optionLocal variable named optionAt AlreadySelectedException.java:[line 59]","1"
"org.apache.commons.cli2.util.Comparators$PreferredName implements Comparator but not Serializable","private static class PreferredName implements Comparator {
public int compare(final Object oleft, final Object oright) {
final Option left = (Option)oleft;
final Option right = (Option)oright;
","Bug type SE_COMPARATOR_SHOULD_BE_SERIALIZABLE (click for details)
In class org.apache.commons.cli2.util.Comparators$PreferredNameAt Comparators.java:[lines 410-415]","0"
"new org.apache.commons.cli.AlreadySelectedException(OptionGroup, Option) may expose internal representation by storing an externally mutable object into AlreadySelectedException.group","this.group = group;","Bug type EI_EXPOSE_REP2 (click for details)
In class org.apache.commons.cli.AlreadySelectedExceptionIn method new org.apache.commons.cli.AlreadySelectedException(OptionGroup, Option)Field org.apache.commons.cli.AlreadySelectedException.groupLocal variable named groupAt AlreadySelectedException.java:[line 62]","1"
"org.apache.commons.cli.Parser.parse(Options, String[], Properties, boolean) may expose internal representation by returning Parser.cmd","return cmd;","Bug type EI_EXPOSE_REP (click for details)
In class org.apache.commons.cli.ParserIn method org.apache.commons.cli.Parser.parse(Options, String[], Properties, boolean)Field org.apache.commons.cli.Parser.cmdAt Parser.java:[line 219]","1"
"org.apache.commons.cli2.util.HelpFormatter.getFullUsageSettings() may expose internal representation by returning HelpFormatter.fullUsageSettings","return fullUsageSettings;","Bug type EI_EXPOSE_REP (click for details)
In class org.apache.commons.cli2.util.HelpFormatterIn method org.apache.commons.cli2.util.HelpFormatter.getFullUsageSettings()Field org.apache.commons.cli2.util.HelpFormatter.fullUsageSettingsAt HelpFormatter.java:[line 566]","1"
"org.apache.commons.cli.Parser.parse(Options, String[], Properties, boolean) may expose internal representation by returning Parser.cmd","return cmd;","Bug type EI_EXPOSE_REP (click for details)
In class org.apache.commons.cli.ParserIn method org.apache.commons.cli.Parser.parse(Options, String[], Properties, boolean)Field org.apache.commons.cli.Parser.cmdAt Parser.java:[line 241]","1"
"org.apache.commons.cli.CommandLine.getArgList() may expose internal representation by returning CommandLine.args","return args;","Bug type EI_EXPOSE_REP (click for details)
In class org.apache.commons.cli.CommandLineIn method org.apache.commons.cli.CommandLine.getArgList()Field org.apache.commons.cli.CommandLine.argsAt CommandLine.java:[line 309]","1"
"new org.apache.commons.cli.AlreadySelectedException(OptionGroup, Option) may expose internal representation by storing an externally mutable object into AlreadySelectedException.option","this.option = option;","Bug type EI_EXPOSE_REP2 (click for details)
In class org.apache.commons.cli.AlreadySelectedExceptionIn method new org.apache.commons.cli.AlreadySelectedException(OptionGroup, Option)Field org.apache.commons.cli.AlreadySelectedException.optionLocal variable named optionAt AlreadySelectedException.java:[line 61]","1"
"org.apache.commons.cli.CommandLine.addOption(Option) invokes inefficient new Integer(int) constructor; use Integer.valueOf(int) instead","hashcodeMap.put(new Integer(opt.hashCode()), opt);","Bug type DM_NUMBER_CTOR (click for details)
In class org.apache.commons.cli.CommandLineIn method org.apache.commons.cli.CommandLine.addOption(Option)Called method new Integer(int)Should call Integer.valueOf(int) insteadAt CommandLine.java:[line 277]","1"
"org.apache.commons.cli2.validation.EnumValidator.getValidValues() may expose internal representation by returning EnumValidator.validValues","return validValues;","Bug type EI_EXPOSE_REP (click for details)
In class org.apache.commons.cli2.validation.EnumValidatorIn method org.apache.commons.cli2.validation.EnumValidator.getValidValues()Field org.apache.commons.cli2.validation.EnumValidator.validValuesAt EnumValidator.java:[line 109]","0"
"org.apache.commons.cli.CommandLine$Builder.build() may expose internal representation by returning CommandLine$Builder.commandLine","return commandLine;","Bug type EI_EXPOSE_REP (click for details)
In class org.apache.commons.cli.CommandLine$BuilderIn method org.apache.commons.cli.CommandLine$Builder.build()Field org.apache.commons.cli.CommandLine$Builder.commandLineAt CommandLine.java:[line 545]","1"
"Found reliance on default encoding in org.apache.commons.cli.HelpFormatter.printHelp(int, String, String, Options, String, boolean): new java.io.PrintWriter(OutputStream)","PrintWriter pw = new PrintWriter(System.out);","Bug type DM_DEFAULT_ENCODING (click for details)
In class org.apache.commons.cli.HelpFormatterIn method org.apache.commons.cli.HelpFormatter.printHelp(int, String, String, Options, String, boolean)Called method new java.io.PrintWriter(OutputStream)At HelpFormatter.java:[line 452]","1"
"new org.apache.commons.cli2.commandline.PreferencesCommandLine(Option, Preferences, char) may expose internal representation by storing an externally mutable object into PreferencesCommandLine.root","this.root = root;","Bug type EI_EXPOSE_REP2 (click for details)
In class org.apache.commons.cli2.commandline.PreferencesCommandLineIn method new org.apache.commons.cli2.commandline.PreferencesCommandLine(Option, Preferences, char)Field org.apache.commons.cli2.commandline.PreferencesCommandLine.rootLocal variable named rootAt PreferencesCommandLine.java:[line 77]","1"
"org.apache.commons.cli.Parser.parse(Options, String[], Properties, boolean) may expose internal representation by returning Parser.cmd","return cmd;","Bug type EI_EXPOSE_REP (click for details)
In class org.apache.commons.cli.ParserIn method org.apache.commons.cli.Parser.parse(Options, String[], Properties, boolean)Field org.apache.commons.cli.Parser.cmdAt Parser.java:[line 226]","1"
"org.apache.commons.cli.AlreadySelectedException.getOption() may expose internal representation by returning AlreadySelectedException.option","return option;","Bug type EI_EXPOSE_REP (click for details)
In class org.apache.commons.cli.AlreadySelectedExceptionIn method org.apache.commons.cli.AlreadySelectedException.getOption()Field org.apache.commons.cli.AlreadySelectedException.optionAt AlreadySelectedException.java:[line 83]","0"
"org.apache.commons.cli2.validation.DateValidator.getMaximum() may expose internal representation by returning DateValidator.maximum","return maximum;","Bug type EI_EXPOSE_REP (click for details)
In class org.apache.commons.cli2.validation.DateValidatorIn method org.apache.commons.cli2.validation.DateValidator.getMaximum()Field org.apache.commons.cli2.validation.DateValidator.maximumAt DateValidator.java:[line 210]","0"
"org.apache.commons.cli.Option.getValuesList() may expose internal representation by returning Option.values","return values;","Bug type EI_EXPOSE_REP (click for details)
In class org.apache.commons.cli.OptionIn method org.apache.commons.cli.Option.getValuesList()Field org.apache.commons.cli.Option.valuesAt Option.java:[line 579]","0"
"org.apache.commons.cli.Parser.parse(Options, String[], Properties, boolean) may expose internal representation by returning Parser.cmd","return cmd;","Bug type EI_EXPOSE_REP (click for details)
In class org.apache.commons.cli.ParserIn method org.apache.commons.cli.Parser.parse(Options, String[], Properties, boolean)Field org.apache.commons.cli.Parser.cmdAt Parser.java:[line 245]","1"
"org.apache.commons.cli.AmbiguousOptionException.getMatchingOptions() may expose internal representation by returning AmbiguousOptionException.matchingOptions","return matchingOptions;","Bug type EI_EXPOSE_REP (click for details)
In class org.apache.commons.cli.AmbiguousOptionExceptionIn method org.apache.commons.cli.AmbiguousOptionException.getMatchingOptions()Field org.apache.commons.cli.AmbiguousOptionException.matchingOptionsAt AmbiguousOptionException.java:[line 52]","1"
"org.apache.commons.cli2.util.HelpFormatter.getPrintWriter() may expose internal representation by returning HelpFormatter.out","return out;","Bug type EI_EXPOSE_REP (click for details)
In class org.apache.commons.cli2.util.HelpFormatterIn method org.apache.commons.cli2.util.HelpFormatter.getPrintWriter()Field org.apache.commons.cli2.util.HelpFormatter.outAt HelpFormatter.java:[line 636]","1"
"org.apache.commons.cli.HelpFormatter$OptionComparator implements Comparator but not Serializable","private static class OptionComparator implements Comparator
{

/**
* Compares its two arguments for order. Returns a negative
* integer, zero, or a positive integer as the first argument
* is less than, equal to, or greater than the second.
*
* @param o1 The first Option to be compared.
* @param o2 The second Option to be compared.
* @return a negative integer, zero, or a positive integer as
*         the first argument is less than, equal to, or greater than the
*         second.
*/
public int compare(Object o1, Object o2)
{
Option opt1 = (Option) o1;
Option opt2 = (Option) o2;
","Bug type SE_COMPARATOR_SHOULD_BE_SERIALIZABLE (click for details)
In class org.apache.commons.cli.HelpFormatter$OptionComparatorAt HelpFormatter.java:[lines 995-1014]","1"
"new org.apache.commons.cli2.option.HelpLineImpl(Option, int) may expose internal representation by storing an externally mutable object into HelpLineImpl.option","this.option = option;","Bug type EI_EXPOSE_REP2 (click for details)
In class org.apache.commons.cli2.option.HelpLineImplIn method new org.apache.commons.cli2.option.HelpLineImpl(Option, int)Field org.apache.commons.cli2.option.HelpLineImpl.optionLocal variable named optionAt HelpLineImpl.java:[line 55]","0"
"org.apache.commons.cli2.validation.DateValidator.setMinimum(Date) may expose internal representation by storing an externally mutable object into DateValidator.minimum","this.minimum = minimum;","Bug type EI_EXPOSE_REP2 (click for details)
In class org.apache.commons.cli2.validation.DateValidatorIn method org.apache.commons.cli2.validation.DateValidator.setMinimum(Date)Field org.apache.commons.cli2.validation.DateValidator.minimumLocal variable named minimumAt DateValidator.java:[line 240]","0"
"new org.apache.commons.cli.MissingArgumentException(Option) may expose internal representation by storing an externally mutable object into MissingArgumentException.option","this.option = option;","Bug type EI_EXPOSE_REP2 (click for details)
In class org.apache.commons.cli.MissingArgumentExceptionIn method new org.apache.commons.cli.MissingArgumentException(Option)Field org.apache.commons.cli.MissingArgumentException.optionLocal variable named optionAt MissingArgumentException.java:[line 57]","0"
"org.apache.commons.cli2.validation.ClassValidator.setClassLoader(ClassLoader) may expose internal representation by storing an externally mutable object into ClassValidator.loader","this.loader = loader;","Bug type EI_EXPOSE_REP2 (click for details)
In class org.apache.commons.cli2.validation.ClassValidatorIn method org.apache.commons.cli2.validation.ClassValidator.setClassLoader(ClassLoader)Field org.apache.commons.cli2.validation.ClassValidator.loaderLocal variable named loaderAt ClassValidator.java:[line 147]","0"
"Found reliance on default encoding in org.apache.commons.cli.HelpFormatter.printHelp(int, String, String, Options, String, boolean): new java.io.PrintWriter(OutputStream)","PrintWriter pw = new PrintWriter(System.out);","Bug type DM_DEFAULT_ENCODING (click for details)
In class org.apache.commons.cli.HelpFormatterIn method org.apache.commons.cli.HelpFormatter.printHelp(int, String, String, Options, String, boolean)Called method new java.io.PrintWriter(OutputStream)At HelpFormatter.java:[line 388]","1"
"new org.apache.commons.cli.AmbiguousOptionException(String, Collection) may expose internal representation by storing an externally mutable object into AmbiguousOptionException.matchingOptions","this.matchingOptions = matchingOptions;","Bug type EI_EXPOSE_REP2 (click for details)
In class org.apache.commons.cli.AmbiguousOptionExceptionIn method new org.apache.commons.cli.AmbiguousOptionException(String, Collection)Field org.apache.commons.cli.AmbiguousOptionException.matchingOptionsLocal variable named matchingOptionsAt AmbiguousOptionException.java:[line 48]","1"
"org.apache.commons.cli.MissingArgumentException.getOption() may expose internal representation by returning MissingArgumentException.option","return option;","Bug type EI_EXPOSE_REP (click for details)
In class org.apache.commons.cli.MissingArgumentExceptionIn method org.apache.commons.cli.MissingArgumentException.getOption()Field org.apache.commons.cli.MissingArgumentException.optionAt MissingArgumentException.java:[line 69]","0"
"org.apache.commons.cli2.util.HelpFormatter.setException(OptionException) may expose internal representation by storing an externally mutable object into HelpFormatter.exception","this.exception = exception;","Bug type EI_EXPOSE_REP2 (click for details)
In class org.apache.commons.cli2.util.HelpFormatterIn method org.apache.commons.cli2.util.HelpFormatter.setException(OptionException)Field org.apache.commons.cli2.util.HelpFormatter.exceptionLocal variable named exceptionAt HelpFormatter.java:[line 472]","1"
"org.apache.commons.cli.AlreadySelectedException.getOptionGroup() may expose internal representation by returning AlreadySelectedException.group","return group;","Bug type EI_EXPOSE_REP (click for details)
In class org.apache.commons.cli.AlreadySelectedExceptionIn method org.apache.commons.cli.AlreadySelectedException.getOptionGroup()Field org.apache.commons.cli.AlreadySelectedException.groupAt AlreadySelectedException.java:[line 69]","1"
"org.apache.commons.cli.HelpFormatter$OptionComparator implements Comparator but not Serializable","private static class OptionComparator
implements Comparator {

/**
* <p>Compares its two arguments for order. Returns a negative
* integer, zero, or a positive integer as the first argument
* is less than, equal to, or greater than the second.</p>
*
* @param o1 The first Option to be compared.
* @param o2 The second Option to be compared.
*
* @return a negative integer, zero, or a positive integer as
* the first argument is less than, equal to, or greater than the
* second.
*/
public int compare(Object o1, Object o2)
{
Option opt1 = (Option)o1;
Option opt2 = (Option)o2;
","Bug type SE_COMPARATOR_SHOULD_BE_SERIALIZABLE (click for details)
In class org.apache.commons.cli.HelpFormatter$OptionComparatorAt HelpFormatter.java:[lines 968-988]","1"
"org.apache.commons.cli2.option.ParentImpl.getChildren() may expose internal representation by returning ParentImpl.children","return children;","Bug type EI_EXPOSE_REP (click for details)
In class org.apache.commons.cli2.option.ParentImplIn method org.apache.commons.cli2.option.ParentImpl.getChildren()Field org.apache.commons.cli2.option.ParentImpl.childrenAt ParentImpl.java:[line 201]","0"
"new org.apache.commons.cli2.commandline.PropertiesCommandLine(Option, Properties, char) may expose internal representation by storing an externally mutable object into PropertiesCommandLine.properties","this.properties = properties;","Bug type EI_EXPOSE_REP2 (click for details)
In class org.apache.commons.cli2.commandline.PropertiesCommandLineIn method new org.apache.commons.cli2.commandline.PropertiesCommandLine(Option, Properties, char)Field org.apache.commons.cli2.commandline.PropertiesCommandLine.propertiesLocal variable named propertiesAt PropertiesCommandLine.java:[line 73]","1"
"org.apache.commons.cli2.util.Comparators$Named implements Comparator but not Serializable","public Named(final String name) {
this.name = name;
}
public int compare(final Object oleft, final Object oright) {
final Option left = (Option)oleft;
final Option right = (Option)oright;

final boolean l = left.getTriggers().contains(name);
final boolean r = right.getTriggers().contains(name);

if (l ^ r) {
if (l) {
return -1;
}
return 1;
}","Bug type SE_COMPARATOR_SHOULD_BE_SERIALIZABLE (click for details)
In class org.apache.commons.cli2.util.Comparators$NamedAt Comparators.java:[lines 370-386]","0"
"org.apache.commons.cli.MissingArgumentException.getOption() may expose internal representation by returning MissingArgumentException.option","return option;","Bug type EI_EXPOSE_REP (click for details)
In class org.apache.commons.cli.MissingArgumentExceptionIn method org.apache.commons.cli.MissingArgumentException.getOption()Field org.apache.commons.cli.MissingArgumentException.optionAt MissingArgumentException.java:[line 64]","0"
"new org.apache.commons.cli.AmbiguousOptionException(String, Collection) may expose internal representation by storing an externally mutable object into AmbiguousOptionException.matchingOptions","this.matchingOptions = matchingOptions;","Bug type EI_EXPOSE_REP2 (click for details)
In class org.apache.commons.cli.AmbiguousOptionExceptionIn method new org.apache.commons.cli.AmbiguousOptionException(String, Collection)Field org.apache.commons.cli.AmbiguousOptionException.matchingOptionsLocal variable named matchingOptionsAt AmbiguousOptionException.java:[line 47]","1"
"org.apache.commons.cli2.builder.CommandBuilder.withChildren(Group) may expose internal representation by storing an externally mutable object into CommandBuilder.children","this.children = newChildren;","Bug type EI_EXPOSE_REP2 (click for details)
In class org.apache.commons.cli2.builder.CommandBuilderIn method org.apache.commons.cli2.builder.CommandBuilder.withChildren(Group)Field org.apache.commons.cli2.builder.CommandBuilder.childrenLocal variable named newChildrenAt CommandBuilder.java:[line 157]","0"
"org.apache.commons.cli.DefaultParser.parse(Options, String[], Properties, boolean) may expose internal representation by returning DefaultParser.cmd","return cmd;","Bug type EI_EXPOSE_REP (click for details)
In class org.apache.commons.cli.DefaultParserIn method org.apache.commons.cli.DefaultParser.parse(Options, String[], Properties, boolean)Field org.apache.commons.cli.DefaultParser.cmdAt DefaultParser.java:[line 132]","1"
"org.apache.commons.cli.Option.getValuesList() may expose internal representation by returning Option.values","return this.values;","Bug type EI_EXPOSE_REP (click for details)
In class org.apache.commons.cli.OptionIn method org.apache.commons.cli.Option.getValuesList()Field org.apache.commons.cli.Option.valuesAt Option.java:[line 552]","0"
"org.apache.commons.cli2.OptionException.getOption() may expose internal representation by returning OptionException.option","return option;","Bug type EI_EXPOSE_REP (click for details)
In class org.apache.commons.cli2.OptionExceptionIn method org.apache.commons.cli2.OptionException.getOption()Field org.apache.commons.cli2.OptionException.optionAt OptionException.java:[line 101]","0"
"Redundant nullcheck of currentOption, which is known to be non-null in org.apache.commons.cli.GnuParser.flatten(Options, String[], boolean)","else if (currentOption != null)","Bug type RCN_REDUNDANT_NULLCHECK_OF_NONNULL_VALUE (click for details)
In class org.apache.commons.cli.GnuParserIn method org.apache.commons.cli.GnuParser.flatten(Options, String[], boolean)Value loaded from currentOptionReturn value of org.apache.commons.cli.Options.getOption(String) of type org.apache.commons.cli.OptionRedundant null check at GnuParser.java:[line 114]Another occurrence at GnuParser.java:[line 119]Another occurrence at GnuParser.java:[line 141]","1"
"Found reliance on default encoding in org.apache.commons.cli.HelpFormatter.printHelp(int, String, String, Options, String, boolean): new java.io.PrintWriter(OutputStream)","final PrintWriter pw = new PrintWriter(System.out);","Bug type DM_DEFAULT_ENCODING (click for details)
In class org.apache.commons.cli.HelpFormatterIn method org.apache.commons.cli.HelpFormatter.printHelp(int, String, String, Options, String, boolean)Called method new java.io.PrintWriter(OutputStream)At HelpFormatter.java:[line 488]","1"
"new org.apache.commons.cli2.commandline.PreferencesCommandLine(Option, Preferences, char) may expose internal representation by storing an externally mutable object into PreferencesCommandLine.preferences","this.preferences = preferences;","Bug type EI_EXPOSE_REP2 (click for details)
In class org.apache.commons.cli2.commandline.PreferencesCommandLineIn method new org.apache.commons.cli2.commandline.PreferencesCommandLine(Option, Preferences, char)Field org.apache.commons.cli2.commandline.PreferencesCommandLine.preferencesLocal variable named preferencesAt PreferencesCommandLine.java:[line 77]","1"
"org.apache.commons.cli2.util.HelpFormatter.getDisplaySettings() may expose internal representation by returning HelpFormatter.displaySettings","return displaySettings;","Bug type EI_EXPOSE_REP (click for details)
In class org.apache.commons.cli2.util.HelpFormatterIn method org.apache.commons.cli2.util.HelpFormatter.getDisplaySettings()Field org.apache.commons.cli2.util.HelpFormatter.displaySettingsAt HelpFormatter.java:[line 538]","1"
"org.apache.commons.cli.CommandLine.getArgList() may expose internal representation by returning CommandLine.args","return args;","Bug type EI_EXPOSE_REP (click for details)
In class org.apache.commons.cli.CommandLineIn method org.apache.commons.cli.CommandLine.getArgList()Field org.apache.commons.cli.CommandLine.argsAt CommandLine.java:[line 317]","1"
"org.apache.commons.cli2.util.HelpFormatter.setLineUsageSettings(Set) may expose internal representation by storing an externally mutable object into HelpFormatter.lineUsageSettings","this.lineUsageSettings = lineUsageSettings;","Bug type EI_EXPOSE_REP2 (click for details)
In class org.apache.commons.cli2.util.HelpFormatterIn method org.apache.commons.cli2.util.HelpFormatter.setLineUsageSettings(Set)Field org.apache.commons.cli2.util.HelpFormatter.lineUsageSettingsLocal variable named lineUsageSettingsAt HelpFormatter.java:[line 516]","1"
"Comparison of String objects using == or != in org.apache.commons.cli2.option.GroupImpl.process(WriteableCommandLine, ListIterator)","if (arg == previous) {","Bug type ES_COMPARING_STRINGS_WITH_EQ (click for details)
In class org.apache.commons.cli2.option.GroupImplIn method org.apache.commons.cli2.option.GroupImpl.process(WriteableCommandLine, ListIterator)Actual type StringValue loaded from previousValue loaded from argAt GroupImpl.java:[line 170]","1"
"org.apache.commons.cli.Parser.parse(Options, String[], Properties, boolean) may expose internal representation by returning Parser.cmd","return cmd;","Bug type EI_EXPOSE_REP (click for details)
In class org.apache.commons.cli.ParserIn method org.apache.commons.cli.Parser.parse(Options, String[], Properties, boolean)Field org.apache.commons.cli.Parser.cmdAt Parser.java:[line 243]","1"
"org.apache.commons.cli.AlreadySelectedException.getOption() may expose internal representation by returning AlreadySelectedException.option","return option;","Bug type EI_EXPOSE_REP (click for details)
In class org.apache.commons.cli.AlreadySelectedExceptionIn method org.apache.commons.cli.AlreadySelectedException.getOption()Field org.apache.commons.cli.AlreadySelectedException.optionAt AlreadySelectedException.java:[line 81]","0"
"org.apache.commons.cli2.util.Comparators$GroupFirst implements Comparator but not Serializable","private static class GroupFirst implements Comparator {
public int compare(final Object left, final Object right) {
final boolean l = left instanceof Group;
final boolean r = right instanceof Group;

if (l ^ r) {
if (l) {
return -1;
}
return 1;
}","Bug type SE_COMPARATOR_SHOULD_BE_SERIALIZABLE (click for details)
In class org.apache.commons.cli2.util.Comparators$GroupFirstAt Comparators.java:[lines 217-228]","0"
"Redundant nullcheck of currentOption, which is known to be non-null in org.apache.commons.cli.GnuParser.flatten(Options, String[], boolean)","else if (currentOption != null)","Bug type RCN_REDUNDANT_NULLCHECK_OF_NONNULL_VALUE (click for details)
In class org.apache.commons.cli.GnuParserIn method org.apache.commons.cli.GnuParser.flatten(Options, String[], boolean)Value loaded from currentOptionReturn value of org.apache.commons.cli.Options.getOption(String) of type org.apache.commons.cli.OptionRedundant null check at GnuParser.java:[line 119]Another occurrence at GnuParser.java:[line 124]Another occurrence at GnuParser.java:[line 146]","1"
"org.apache.commons.cli.HelpFormatter$OptionComparator implements Comparator but not Serializable","private static class OptionComparator implements Comparator
{

/**
* Compares its two arguments for order. Returns a negative
* integer, zero, or a positive integer as the first argument
* is less than, equal to, or greater than the second.
*
* @param o1 The first Option to be compared.
* @param o2 The second Option to be compared.
* @return a negative integer, zero, or a positive integer as
*         the first argument is less than, equal to, or greater than the
*         second.
*/
public int compare(Object o1, Object o2)
{
Option opt1 = (Option) o1;
Option opt2 = (Option) o2;
","Bug type SE_COMPARATOR_SHOULD_BE_SERIALIZABLE (click for details)
In class org.apache.commons.cli.HelpFormatter$OptionComparatorAt HelpFormatter.java:[lines 963-982]","1"
"Found reliance on default encoding in org.apache.commons.cli.HelpFormatter.printHelp(int, String, String, Options, String, boolean): new java.io.PrintWriter(OutputStream)","final PrintWriter pw = new PrintWriter(System.out);","Bug type DM_DEFAULT_ENCODING (click for details)
In class org.apache.commons.cli.HelpFormatterIn method org.apache.commons.cli.HelpFormatter.printHelp(int, String, String, Options, String, boolean)Called method new java.io.PrintWriter(OutputStream)At HelpFormatter.java:[line 490]","1"
"org.apache.commons.cli.Options.getRequiredOptions() may expose internal representation by returning Options.requiredOpts","return requiredOpts;","Bug type EI_EXPOSE_REP (click for details)
In class org.apache.commons.cli.OptionsIn method org.apache.commons.cli.Options.getRequiredOptions()Field org.apache.commons.cli.Options.requiredOptsAt Options.java:[line 211]","1"
"org.apache.commons.cli2.util.HelpFormatter.setGroup(Group) may expose internal representation by storing an externally mutable object into HelpFormatter.group","this.group = group;","Bug type EI_EXPOSE_REP2 (click for details)
In class org.apache.commons.cli2.util.HelpFormatterIn method org.apache.commons.cli2.util.HelpFormatter.setGroup(Group)Field org.apache.commons.cli2.util.HelpFormatter.groupLocal variable named groupAt HelpFormatter.java:[line 498]","1"
"org.apache.commons.cli2.validation.DateValidator.getFormats() may expose internal representation by returning DateValidator.formats","return this.formats;","Bug type EI_EXPOSE_REP (click for details)
In class org.apache.commons.cli2.validation.DateValidatorIn method org.apache.commons.cli2.validation.DateValidator.getFormats()Field org.apache.commons.cli2.validation.DateValidator.formatsAt DateValidator.java:[line 306]","0"
"org.apache.commons.cli2.option.ArgumentImpl.getDefaultValues() may expose internal representation by returning ArgumentImpl.defaultValues","return this.defaultValues;","Bug type EI_EXPOSE_REP (click for details)
In class org.apache.commons.cli2.option.ArgumentImplIn method org.apache.commons.cli2.option.ArgumentImpl.getDefaultValues()Field org.apache.commons.cli2.option.ArgumentImpl.defaultValuesAt ArgumentImpl.java:[line 223]","1"
"org.apache.commons.cli.Options.getRequiredOptions() may expose internal representation by returning Options.requiredOpts","return requiredOpts;","Bug type EI_EXPOSE_REP (click for details)
In class org.apache.commons.cli.OptionsIn method org.apache.commons.cli.Options.getRequiredOptions()Field org.apache.commons.cli.Options.requiredOptsAt Options.java:[line 195]","1"
"org.apache.commons.cli.CommandLine.getArgList() may expose internal representation by returning CommandLine.args","return args;","Bug type EI_EXPOSE_REP (click for details)
In class org.apache.commons.cli.CommandLineIn method org.apache.commons.cli.CommandLine.getArgList()Field org.apache.commons.cli.CommandLine.argsAt CommandLine.java:[line 293]","1"
"org.apache.commons.cli.CommandLine.getArgList() may expose internal representation by returning CommandLine.args","return args;","Bug type EI_EXPOSE_REP (click for details)
In class org.apache.commons.cli.CommandLineIn method org.apache.commons.cli.CommandLine.getArgList()Field org.apache.commons.cli.CommandLine.argsAt CommandLine.java:[line 249]","1"
"org.apache.commons.cli.MissingArgumentException.getOption() may expose internal representation by returning MissingArgumentException.option","return option;","Bug type EI_EXPOSE_REP (click for details)
In class org.apache.commons.cli.MissingArgumentExceptionIn method org.apache.commons.cli.MissingArgumentException.getOption()Field org.apache.commons.cli.MissingArgumentException.optionAt MissingArgumentException.java:[line 67]","0"
"Found reliance on default encoding in org.apache.commons.cli.HelpFormatter.printHelp(int, String, String, Options, String, boolean): new java.io.PrintWriter(OutputStream)","PrintWriter pw = new PrintWriter(System.out);","Bug type DM_DEFAULT_ENCODING (click for details)
In class org.apache.commons.cli.HelpFormatterIn method org.apache.commons.cli.HelpFormatter.printHelp(int, String, String, Options, String, boolean)Called method new java.io.PrintWriter(OutputStream)At HelpFormatter.java:[line 343]","1"
"new org.apache.commons.cli2.commandline.PreferencesCommandLine(Option, Preferences, char) may expose internal representation by storing an externally mutable object into PreferencesCommandLine.preferences","this.preferences = preferences;","Bug type EI_EXPOSE_REP2 (click for details)
In class org.apache.commons.cli2.commandline.PreferencesCommandLineIn method new org.apache.commons.cli2.commandline.PreferencesCommandLine(Option, Preferences, char)Field org.apache.commons.cli2.commandline.PreferencesCommandLine.preferencesLocal variable named preferencesAt PreferencesCommandLine.java:[line 78]","1"
"org.apache.commons.cli.CommandLine$Builder.build() may expose internal representation by returning CommandLine$Builder.commandLine","return commandLine;","Bug type EI_EXPOSE_REP (click for details)
In class org.apache.commons.cli.CommandLine$BuilderIn method org.apache.commons.cli.CommandLine$Builder.build()Field org.apache.commons.cli.CommandLine$Builder.commandLineAt CommandLine.java:[line 543]","1"
"org.apache.commons.cli2.option.ReverseStringComparator.compare(Object, Object) negates the return value of String.compareTo(String)","return -s1.compareTo(s2);","Bug type RV_NEGATING_RESULT_OF_COMPARETO (click for details)
In class org.apache.commons.cli2.option.ReverseStringComparatorIn method org.apache.commons.cli2.option.ReverseStringComparator.compare(Object, Object)Called method String.compareTo(String)Return value of String.compareTo(String) of type intAt GroupImpl.java:[line 512]","0"
"org.apache.commons.cli2.validation.NumberValidator.getFormat() may expose internal representation by returning NumberValidator.format","return format;","Bug type EI_EXPOSE_REP (click for details)
In class org.apache.commons.cli2.validation.NumberValidatorIn method org.apache.commons.cli2.validation.NumberValidator.getFormat()Field org.apache.commons.cli2.validation.NumberValidator.formatAt NumberValidator.java:[line 153]","0"
"org.apache.commons.cli2.util.HelpFormatter.wrap(String, int) invokes inefficient new Integer(int) constructor; use Integer.valueOf(int) instead","throw new IllegalArgumentException(ResourceHelper.getResourceHelper().getMessage(ResourceConstants.HELPFORMATTER_WIDTH_TOO_NARROW,","Bug type DM_NUMBER_CTOR (click for details)
In class org.apache.commons.cli2.util.HelpFormatterIn method org.apache.commons.cli2.util.HelpFormatter.wrap(String, int)Called method new Integer(int)Should call Integer.valueOf(int) insteadAt HelpFormatter.java:[line 344]","1"
"org.apache.commons.cli.HelpFormatter$OptionComparator implements Comparator but not Serializable","private static class OptionComparator implements Comparator
{

/**
* Compares its two arguments for order. Returns a negative
* integer, zero, or a positive integer as the first argument
* is less than, equal to, or greater than the second.
*
* @param o1 The first Option to be compared.
* @param o2 The second Option to be compared.
* @return a negative integer, zero, or a positive integer as
*         the first argument is less than, equal to, or greater than the
*         second.
*/
public int compare(Object o1, Object o2)
{
Option opt1 = (Option) o1;
Option opt2 = (Option) o2;
","Bug type SE_COMPARATOR_SHOULD_BE_SERIALIZABLE (click for details)
In class org.apache.commons.cli.HelpFormatter$OptionComparatorAt HelpFormatter.java:[lines 952-971]","1"
"org.apache.commons.cli2.util.HelpFormatter.getException() may expose internal representation by returning HelpFormatter.exception","return exception;","Bug type EI_EXPOSE_REP (click for details)
In class org.apache.commons.cli2.util.HelpFormatterIn method org.apache.commons.cli2.util.HelpFormatter.getException()Field org.apache.commons.cli2.util.HelpFormatter.exceptionAt HelpFormatter.java:[line 552]","1"
"Found reliance on default encoding in new org.apache.commons.cli2.util.HelpFormatter(String, String, String, int): new java.io.PrintWriter(OutputStream)","private PrintWriter out = new PrintWriter(System.out);","Bug type DM_DEFAULT_ENCODING (click for details)
In class org.apache.commons.cli2.util.HelpFormatterIn method new org.apache.commons.cli2.util.HelpFormatter(String, String, String, int)Called method new java.io.PrintWriter(OutputStream)At HelpFormatter.java:[line 110]","1"
"new org.apache.commons.cli2.commandline.WriteableCommandLineImpl(Option, List) may expose internal representation by storing an externally mutable object into WriteableCommandLineImpl.normalised","this.normalised = arguments;","Bug type EI_EXPOSE_REP2 (click for details)
In class org.apache.commons.cli2.commandline.WriteableCommandLineImplIn method new org.apache.commons.cli2.commandline.WriteableCommandLineImpl(Option, List)Field org.apache.commons.cli2.commandline.WriteableCommandLineImpl.normalisedLocal variable named argumentsAt WriteableCommandLineImpl.java:[line 60]","1"
"org.apache.commons.cli.AlreadySelectedException.getOptionGroup() may expose internal representation by returning AlreadySelectedException.group","return group;","Bug type EI_EXPOSE_REP (click for details)
In class org.apache.commons.cli.AlreadySelectedExceptionIn method org.apache.commons.cli.AlreadySelectedException.getOptionGroup()Field org.apache.commons.cli.AlreadySelectedException.groupAt AlreadySelectedException.java:[line 74]","1"
"org.apache.commons.cli.Option.getValuesList() may expose internal representation by returning Option.values","return values;","Bug type EI_EXPOSE_REP (click for details)
In class org.apache.commons.cli.OptionIn method org.apache.commons.cli.Option.getValuesList()Field org.apache.commons.cli.Option.valuesAt Option.java:[line 542]","0"
"org.apache.commons.cli2.util.HelpFormatter.getGroup() may expose internal representation by returning HelpFormatter.group","return group;","Bug type EI_EXPOSE_REP (click for details)
In class org.apache.commons.cli2.util.HelpFormatterIn method org.apache.commons.cli2.util.HelpFormatter.getGroup()Field org.apache.commons.cli2.util.HelpFormatter.groupAt HelpFormatter.java:[line 573]","1"
"org.apache.commons.cli.CommandLine.getArgList() may expose internal representation by returning CommandLine.args","return args;","Bug type EI_EXPOSE_REP (click for details)
In class org.apache.commons.cli.CommandLineIn method org.apache.commons.cli.CommandLine.getArgList()Field org.apache.commons.cli.CommandLine.argsAt CommandLine.java:[line 246]","1"
"org.apache.commons.cli.DefaultParser.parse(Options, String[], Properties, boolean) may expose internal representation by returning DefaultParser.cmd","return cmd;","Bug type EI_EXPOSE_REP (click for details)
In class org.apache.commons.cli.DefaultParserIn method org.apache.commons.cli.DefaultParser.parse(Options, String[], Properties, boolean)Field org.apache.commons.cli.DefaultParser.cmdAt DefaultParser.java:[line 178]","1"
"Found reliance on default encoding in org.apache.commons.cli.HelpFormatter.printHelp(int, String, String, Options, String, boolean): new java.io.PrintWriter(OutputStream)","PrintWriter pw = new PrintWriter(System.out);","Bug type DM_DEFAULT_ENCODING (click for details)
In class org.apache.commons.cli.HelpFormatterIn method org.apache.commons.cli.HelpFormatter.printHelp(int, String, String, Options, String, boolean)Called method new java.io.PrintWriter(OutputStream)At HelpFormatter.java:[line 422]","1"
"org.apache.commons.cli2.util.Comparators$DefaultOptionFirst implements Comparator but not Serializable","private static class DefaultOptionFirst implements Comparator {
public int compare(final Object left, final Object right) {
final boolean l = left instanceof DefaultOption;
final boolean r = right instanceof DefaultOption;

if (l ^ r) {
if (l) {
return -1;
}
return 1;
}","Bug type SE_COMPARATOR_SHOULD_BE_SERIALIZABLE (click for details)
In class org.apache.commons.cli2.util.Comparators$DefaultOptionFirstAt Comparators.java:[lines 322-333]","0"
"Found reliance on default encoding in org.apache.commons.cli.HelpFormatter.printHelp(int, String, String, Options, String, boolean): new java.io.PrintWriter(OutputStream)","PrintWriter pw = new PrintWriter(System.out);","Bug type DM_DEFAULT_ENCODING (click for details)
In class org.apache.commons.cli.HelpFormatterIn method org.apache.commons.cli.HelpFormatter.printHelp(int, String, String, Options, String, boolean)Called method new java.io.PrintWriter(OutputStream)At HelpFormatter.java:[line 449]","1"
"org.apache.commons.cli.HelpFormatter$OptionComparator implements Comparator but not Serializable","private static class OptionComparator
implements Comparator {

/**
* <p>Compares its two arguments for order. Returns a negative
* integer, zero, or a positive integer as the first argument
* is less than, equal to, or greater than the second.</p>
*
* @param o1 The first Option to be compared.
* @param o2 The second Option to be compared.
*
* @return a negative integer, zero, or a positive integer as
* the first argument is less than, equal to, or greater than the
* second.
*/
public int compare(Object o1, Object o2)
{
Option opt1 = (Option)o1;
Option opt2 = (Option)o2;
","Bug type SE_COMPARATOR_SHOULD_BE_SERIALIZABLE (click for details)
In class org.apache.commons.cli.HelpFormatter$OptionComparatorAt HelpFormatter.java:[lines 886-906]","1"
"org.apache.commons.cli2.builder.ArgumentBuilder.withDefaults(List) may expose internal representation by storing an externally mutable object into ArgumentBuilder.defaultValues","this.defaultValues = newDefaultValues;","Bug type EI_EXPOSE_REP2 (click for details)
In class org.apache.commons.cli2.builder.ArgumentBuilderIn method org.apache.commons.cli2.builder.ArgumentBuilder.withDefaults(List)Field org.apache.commons.cli2.builder.ArgumentBuilder.defaultValuesLocal variable named newDefaultValuesAt ArgumentBuilder.java:[line 272]","0"
"org.apache.commons.cli.AlreadySelectedException.getOption() may expose internal representation by returning AlreadySelectedException.option","return option;","Bug type EI_EXPOSE_REP (click for details)
In class org.apache.commons.cli.AlreadySelectedExceptionIn method org.apache.commons.cli.AlreadySelectedException.getOption()Field org.apache.commons.cli.AlreadySelectedException.optionAt AlreadySelectedException.java:[line 79]","0"
"org.apache.commons.cli.CommandLine.getArgList() may expose internal representation by returning CommandLine.args","return args;","Bug type EI_EXPOSE_REP (click for details)
In class org.apache.commons.cli.CommandLineIn method org.apache.commons.cli.CommandLine.getArgList()Field org.apache.commons.cli.CommandLine.argsAt CommandLine.java:[line 430]","1"
"org.apache.commons.cli.MissingOptionException.getMissingOptions() may expose internal representation by returning MissingOptionException.missingOptions","return missingOptions;","Bug type EI_EXPOSE_REP (click for details)
In class org.apache.commons.cli.MissingOptionExceptionIn method org.apache.commons.cli.MissingOptionException.getMissingOptions()Field org.apache.commons.cli.MissingOptionException.missingOptionsAt MissingOptionException.java:[line 69]","1"
"org.apache.commons.cli.HelpFormatter$OptionComparator implements Comparator but not Serializable","private static class OptionComparator
implements Comparator {

/**
* <p>Compares its two arguments for order. Returns a negative
* integer, zero, or a positive integer as the first argument
* is less than, equal to, or greater than the second.</p>
*
* @param o1 The first Option to be compared.
* @param o2 The second Option to be compared.
*
* @return a negative integer, zero, or a positive integer as
* the first argument is less than, equal to, or greater than the
* second.
*/
public int compare(Object o1, Object o2)
{
Option opt1 = (Option)o1;
Option opt2 = (Option)o2;
","Bug type SE_COMPARATOR_SHOULD_BE_SERIALIZABLE (click for details)
In class org.apache.commons.cli.HelpFormatter$OptionComparatorAt HelpFormatter.java:[lines 885-905]","1"
"org.apache.commons.cli.AlreadySelectedException.getOption() may expose internal representation by returning AlreadySelectedException.option","return option;","Bug type EI_EXPOSE_REP (click for details)
In class org.apache.commons.cli.AlreadySelectedExceptionIn method org.apache.commons.cli.AlreadySelectedException.getOption()Field org.apache.commons.cli.AlreadySelectedException.optionAt AlreadySelectedException.java:[line 85]","0"
"org.apache.commons.cli.DefaultParser.parse(Options, String[], Properties, boolean) may expose internal representation by returning DefaultParser.cmd","return cmd;","Bug type EI_EXPOSE_REP (click for details)
In class org.apache.commons.cli.DefaultParserIn method org.apache.commons.cli.DefaultParser.parse(Options, String[], Properties, boolean)Field org.apache.commons.cli.DefaultParser.cmdAt DefaultParser.java:[line 131]","1"
"org.apache.commons.cli2.util.Comparators$Reverse.compare(Object, Object) negates the return value of java.util.Comparator.compare(Object, Object)","return -wrapped.compare(left, right);","Bug type RV_NEGATING_RESULT_OF_COMPARETO (click for details)
In class org.apache.commons.cli2.util.Comparators$ReverseIn method org.apache.commons.cli2.util.Comparators$Reverse.compare(Object, Object)Called method java.util.Comparator.compare(Object, Object)Return value of java.util.Comparator.compare(Object, Object) of type intAt Comparators.java:[line 193]","0"
"org.apache.commons.cli.HelpFormatter$OptionComparator implements Comparator but not Serializable","private static class OptionComparator implements Comparator
{

/**
* Compares its two arguments for order. Returns a negative
* integer, zero, or a positive integer as the first argument
* is less than, equal to, or greater than the second.
*
* @param o1 The first Option to be compared.
* @param o2 The second Option to be compared.
* @return a negative integer, zero, or a positive integer as
*         the first argument is less than, equal to, or greater than the
*         second.
*/
public int compare(Object o1, Object o2)
{
Option opt1 = (Option) o1;
Option opt2 = (Option) o2;
","Bug type SE_COMPARATOR_SHOULD_BE_SERIALIZABLE (click for details)
In class org.apache.commons.cli.HelpFormatter$OptionComparatorAt HelpFormatter.java:[lines 997-1016]","1"
"org.apache.commons.cli2.validation.ClassValidator.getClassLoader() may expose internal representation by returning ClassValidator.loader","return loader;","Bug type EI_EXPOSE_REP (click for details)
In class org.apache.commons.cli2.validation.ClassValidatorIn method org.apache.commons.cli2.validation.ClassValidator.getClassLoader()Field org.apache.commons.cli2.validation.ClassValidator.loaderAt ClassValidator.java:[line 136]","0"
"org.apache.commons.cli.Option.getValuesList() may expose internal representation by returning Option.values","return this.values;","Bug type EI_EXPOSE_REP (click for details)
In class org.apache.commons.cli.OptionIn method org.apache.commons.cli.Option.getValuesList()Field org.apache.commons.cli.Option.valuesAt Option.java:[line 554]","0"
"org.apache.commons.cli.CommandLine.getArgList() may expose internal representation by returning CommandLine.args","return args;","Bug type EI_EXPOSE_REP (click for details)
In class org.apache.commons.cli.CommandLineIn method org.apache.commons.cli.CommandLine.getArgList()Field org.apache.commons.cli.CommandLine.argsAt CommandLine.java:[line 315]","1"
"org.apache.commons.cli.AmbiguousOptionException.getMatchingOptions() may expose internal representation by returning AmbiguousOptionException.matchingOptions","return matchingOptions;","Bug type EI_EXPOSE_REP (click for details)
In class org.apache.commons.cli.AmbiguousOptionExceptionIn method org.apache.commons.cli.AmbiguousOptionException.getMatchingOptions()Field org.apache.commons.cli.AmbiguousOptionException.matchingOptionsAt AmbiguousOptionException.java:[line 57]","1"
"org.apache.commons.cli2.builder.DefaultOptionBuilder.withChildren(Group) may expose internal representation by storing an externally mutable object into DefaultOptionBuilder.children","this.children = newChildren;","Bug type EI_EXPOSE_REP2 (click for details)
In class org.apache.commons.cli2.builder.DefaultOptionBuilderIn method org.apache.commons.cli2.builder.DefaultOptionBuilder.withChildren(Group)Field org.apache.commons.cli2.builder.DefaultOptionBuilder.childrenLocal variable named newChildrenAt DefaultOptionBuilder.java:[line 187]","1"
"org.apache.commons.cli.AmbiguousOptionException.getMatchingOptions() may expose internal representation by returning AmbiguousOptionException.matchingOptions","return matchingOptions;","Bug type EI_EXPOSE_REP (click for details)
In class org.apache.commons.cli.AmbiguousOptionExceptionIn method org.apache.commons.cli.AmbiguousOptionException.getMatchingOptions()Field org.apache.commons.cli.AmbiguousOptionException.matchingOptionsAt AmbiguousOptionException.java:[line 56]","1"
"org.apache.commons.cli.HelpFormatter$OptionComparator implements Comparator but not Serializable","private static class OptionComparator implements Comparator
{

/**
* Compares its two arguments for order. Returns a negative
* integer, zero, or a positive integer as the first argument
* is less than, equal to, or greater than the second.
*
* @param o1 The first Option to be compared.
* @param o2 The second Option to be compared.
* @return a negative integer, zero, or a positive integer as
*         the first argument is less than, equal to, or greater than the
*         second.
*/
public int compare(Object o1, Object o2)
{
Option opt1 = (Option) o1;
Option opt2 = (Option) o2;
","Bug type SE_COMPARATOR_SHOULD_BE_SERIALIZABLE (click for details)
In class org.apache.commons.cli.HelpFormatter$OptionComparatorAt HelpFormatter.java:[lines 1019-1038]","1"
"org.apache.commons.cli2.option.OptionImpl.setParent(Option) may expose internal representation by storing an externally mutable object into OptionImpl.parent","this.parent = parent;","Bug type EI_EXPOSE_REP2 (click for details)
In class org.apache.commons.cli2.option.OptionImplIn method org.apache.commons.cli2.option.OptionImpl.setParent(Option)Field org.apache.commons.cli2.option.OptionImpl.parentLocal variable named parentAt OptionImpl.java:[line 134]","1"
"org.apache.commons.cli.MissingOptionException.getMissingOptions() may expose internal representation by returning MissingOptionException.missingOptions","return missingOptions;","Bug type EI_EXPOSE_REP (click for details)
In class org.apache.commons.cli.MissingOptionExceptionIn method org.apache.commons.cli.MissingOptionException.getMissingOptions()Field org.apache.commons.cli.MissingOptionException.missingOptionsAt MissingOptionException.java:[line 66]","1"
"org.apache.commons.cli2.option.HelpLineImpl.getOption() may expose internal representation by returning HelpLineImpl.option","return option;","Bug type EI_EXPOSE_REP (click for details)
In class org.apache.commons.cli2.option.HelpLineImplIn method org.apache.commons.cli2.option.HelpLineImpl.getOption()Field org.apache.commons.cli2.option.HelpLineImpl.optionAt HelpLineImpl.java:[line 77]","0"
"new org.apache.commons.cli.MissingArgumentException(Option) may expose internal representation by storing an externally mutable object into MissingArgumentException.option","this.option = option;","Bug type EI_EXPOSE_REP2 (click for details)
In class org.apache.commons.cli.MissingArgumentExceptionIn method new org.apache.commons.cli.MissingArgumentException(Option)Field org.apache.commons.cli.MissingArgumentException.optionLocal variable named optionAt MissingArgumentException.java:[line 55]","0"
"org.apache.commons.cli.Option.getValuesList() may expose internal representation by returning Option.values","return values;","Bug type EI_EXPOSE_REP (click for details)
In class org.apache.commons.cli.OptionIn method org.apache.commons.cli.Option.getValuesList()Field org.apache.commons.cli.Option.valuesAt Option.java:[line 577]","0"
"org.apache.commons.cli.Options.getRequiredOptions() may expose internal representation by returning Options.requiredOpts","return requiredOpts;","Bug type EI_EXPOSE_REP (click for details)
In class org.apache.commons.cli.OptionsIn method org.apache.commons.cli.Options.getRequiredOptions()Field org.apache.commons.cli.Options.requiredOptsAt Options.java:[line 194]","1"
"new org.apache.commons.cli.AmbiguousOptionException(String, Collection) may expose internal representation by storing an externally mutable object into AmbiguousOptionException.matchingOptions","this.matchingOptions = matchingOptions;","Bug type EI_EXPOSE_REP2 (click for details)
In class org.apache.commons.cli.AmbiguousOptionExceptionIn method new org.apache.commons.cli.AmbiguousOptionException(String, Collection)Field org.apache.commons.cli.AmbiguousOptionException.matchingOptionsLocal variable named matchingOptionsAt AmbiguousOptionException.java:[line 44]","1"
"org.apache.commons.cli2.builder.SwitchBuilder.withChildren(Group) may expose internal representation by storing an externally mutable object into SwitchBuilder.children","this.children = newChildren;","Bug type EI_EXPOSE_REP2 (click for details)
In class org.apache.commons.cli2.builder.SwitchBuilderIn method org.apache.commons.cli2.builder.SwitchBuilder.withChildren(Group)Field org.apache.commons.cli2.builder.SwitchBuilder.childrenLocal variable named newChildrenAt SwitchBuilder.java:[line 165]","0"
"new org.apache.commons.cli2.commandline.PropertiesCommandLine(Option, Properties, char) may expose internal representation by storing an externally mutable object into PropertiesCommandLine.root","this.root = root;","Bug type EI_EXPOSE_REP2 (click for details)
In class org.apache.commons.cli2.commandline.PropertiesCommandLineIn method new org.apache.commons.cli2.commandline.PropertiesCommandLine(Option, Properties, char)Field org.apache.commons.cli2.commandline.PropertiesCommandLine.rootLocal variable named rootAt PropertiesCommandLine.java:[line 73]","1"
"org.apache.commons.cli.Options.getRequiredOptions() may expose internal representation by returning Options.requiredOpts","return requiredOpts;","Bug type EI_EXPOSE_REP (click for details)
In class org.apache.commons.cli.OptionsIn method org.apache.commons.cli.Options.getRequiredOptions()Field org.apache.commons.cli.Options.requiredOptsAt Options.java:[line 201]","1"
"org.apache.commons.cli.AlreadySelectedException.getOptionGroup() may expose internal representation by returning AlreadySelectedException.group","return group;","Bug type EI_EXPOSE_REP (click for details)
In class org.apache.commons.cli.AlreadySelectedExceptionIn method org.apache.commons.cli.AlreadySelectedException.getOptionGroup()Field org.apache.commons.cli.AlreadySelectedException.groupAt AlreadySelectedException.java:[line 72]","1"
"org.apache.commons.cli2.util.HelpFormatter.getLineUsageSettings() may expose internal representation by returning HelpFormatter.lineUsageSettings","return lineUsageSettings;","Bug type EI_EXPOSE_REP (click for details)
In class org.apache.commons.cli2.util.HelpFormatterIn method org.apache.commons.cli2.util.HelpFormatter.getLineUsageSettings()Field org.apache.commons.cli2.util.HelpFormatter.lineUsageSettingsAt HelpFormatter.java:[line 608]","1"
"org.apache.commons.cli2.option.OptionImpl.getParent() may expose internal representation by returning OptionImpl.parent","return parent;","Bug type EI_EXPOSE_REP (click for details)
In class org.apache.commons.cli2.option.OptionImplIn method org.apache.commons.cli2.option.OptionImpl.getParent()Field org.apache.commons.cli2.option.OptionImpl.parentAt OptionImpl.java:[line 130]","1"
"org.apache.commons.cli2.commandline.Parser.setHelpOption(Option) may expose internal representation by storing an externally mutable object into Parser.helpOption","this.helpOption = helpOption;","Bug type EI_EXPOSE_REP2 (click for details)
In class org.apache.commons.cli2.commandline.ParserIn method org.apache.commons.cli2.commandline.Parser.setHelpOption(Option)Field org.apache.commons.cli2.commandline.Parser.helpOptionLocal variable named helpOptionAt Parser.java:[line 164]","1"
"new org.apache.commons.cli.AlreadySelectedException(OptionGroup, Option) may expose internal representation by storing an externally mutable object into AlreadySelectedException.group","this.group = group;","Bug type EI_EXPOSE_REP2 (click for details)
In class org.apache.commons.cli.AlreadySelectedExceptionIn method new org.apache.commons.cli.AlreadySelectedException(OptionGroup, Option)Field org.apache.commons.cli.AlreadySelectedException.groupLocal variable named groupAt AlreadySelectedException.java:[line 58]","1"
"org.apache.commons.cli2.option.ReverseStringComparator.compare(Object, Object) negates the return value of String.compareTo(String)","return -s1.compareTo(s2);","Bug type RV_NEGATING_RESULT_OF_COMPARETO (click for details)
In class org.apache.commons.cli2.option.ReverseStringComparatorIn method org.apache.commons.cli2.option.ReverseStringComparator.compare(Object, Object)Called method String.compareTo(String)Return value of String.compareTo(String) of type intAt GroupImpl.java:[line 538]","0"
"org.apache.commons.cli.AlreadySelectedException.getOptionGroup() may expose internal representation by returning AlreadySelectedException.group","return group;","Bug type EI_EXPOSE_REP (click for details)
In class org.apache.commons.cli.AlreadySelectedExceptionIn method org.apache.commons.cli.AlreadySelectedException.getOptionGroup()Field org.apache.commons.cli.AlreadySelectedException.groupAt AlreadySelectedException.java:[line 70]","1"
"org.apache.commons.cli.HelpFormatter$OptionComparator implements Comparator but not Serializable","private static class OptionComparator implements Comparator
{

/**
* Compares its two arguments for order. Returns a negative
* integer, zero, or a positive integer as the first argument
* is less than, equal to, or greater than the second.
*
* @param o1 The first Option to be compared.
* @param o2 The second Option to be compared.
* @return a negative integer, zero, or a positive integer as
*         the first argument is less than, equal to, or greater than the
*         second.
*/
public int compare(Object o1, Object o2)
{
Option opt1 = (Option) o1;
Option opt2 = (Option) o2;
","Bug type SE_COMPARATOR_SHOULD_BE_SERIALIZABLE (click for details)
In class org.apache.commons.cli.HelpFormatter$OptionComparatorAt HelpFormatter.java:[lines 947-966]","1"
"org.apache.commons.cli.CommandLine.getArgList() may expose internal representation by returning CommandLine.args","return args;","Bug type EI_EXPOSE_REP (click for details)
In class org.apache.commons.cli.CommandLineIn method org.apache.commons.cli.CommandLine.getArgList()Field org.apache.commons.cli.CommandLine.argsAt CommandLine.java:[line 314]","1"
"org.apache.commons.cli.Parser.parse(Options, String[], Properties, boolean) may expose internal representation by returning Parser.cmd","return cmd;","Bug type EI_EXPOSE_REP (click for details)
In class org.apache.commons.cli.ParserIn method org.apache.commons.cli.Parser.parse(Options, String[], Properties, boolean)Field org.apache.commons.cli.Parser.cmdAt Parser.java:[line 244]","1"
"org.apache.commons.cli2.option.HelpLineImpl.usage(Set, Comparator) may expose internal representation by storing an externally mutable object into HelpLineImpl.cachedHelpSettings","cachedHelpSettings = helpSettings;","Bug type EI_EXPOSE_REP2 (click for details)
In class org.apache.commons.cli2.option.HelpLineImplIn method org.apache.commons.cli2.option.HelpLineImpl.usage(Set, Comparator)Field org.apache.commons.cli2.option.HelpLineImpl.cachedHelpSettingsLocal variable named helpSettingsAt HelpLineImpl.java:[line 95]","0"
"new org.apache.commons.cli.MissingOptionException(List) may expose internal representation by storing an externally mutable object into MissingOptionException.missingOptions","this.missingOptions = missingOptions;","Bug type EI_EXPOSE_REP2 (click for details)
In class org.apache.commons.cli.MissingOptionExceptionIn method new org.apache.commons.cli.MissingOptionException(List)Field org.apache.commons.cli.MissingOptionException.missingOptionsLocal variable named missingOptionsAt MissingOptionException.java:[line 55]","1"
"org.apache.commons.cli2.commandline.Parser.setGroup(Group) may expose internal representation by storing an externally mutable object into Parser.group","this.group = group;","Bug type EI_EXPOSE_REP2 (click for details)
In class org.apache.commons.cli2.commandline.ParserIn method org.apache.commons.cli2.commandline.Parser.setGroup(Group)Field org.apache.commons.cli2.commandline.Parser.groupLocal variable named groupAt Parser.java:[line 145]","1"
"new org.apache.commons.cli2.OptionException(Option, String, String) may expose internal representation by storing an externally mutable object into OptionException.option","this.option = option;","Bug type EI_EXPOSE_REP2 (click for details)
In class org.apache.commons.cli2.OptionExceptionIn method new org.apache.commons.cli2.OptionException(Option, String, String)Field org.apache.commons.cli2.OptionException.optionLocal variable named optionAt OptionException.java:[line 75]","0"
"Found reliance on default encoding in org.apache.commons.cli.HelpFormatter.printHelp(int, String, String, Options, String, boolean): new java.io.PrintWriter(OutputStream)","PrintWriter pw = new PrintWriter(System.out);","Bug type DM_DEFAULT_ENCODING (click for details)
In class org.apache.commons.cli.HelpFormatterIn method org.apache.commons.cli.HelpFormatter.printHelp(int, String, String, Options, String, boolean)Called method new java.io.PrintWriter(OutputStream)At HelpFormatter.java:[line 448]","1"
"new org.apache.commons.cli2.commandline.PropertiesCommandLine(Option, Properties, char) may expose internal representation by storing an externally mutable object into PropertiesCommandLine.properties","this.properties = properties;","Bug type EI_EXPOSE_REP2 (click for details)
In class org.apache.commons.cli2.commandline.PropertiesCommandLineIn method new org.apache.commons.cli2.commandline.PropertiesCommandLine(Option, Properties, char)Field org.apache.commons.cli2.commandline.PropertiesCommandLine.propertiesLocal variable named propertiesAt PropertiesCommandLine.java:[line 74]","1"
"org.apache.commons.cli.HelpFormatter$OptionComparator implements Comparator but not Serializable","private static class OptionComparator implements Comparator
{

/**
* Compares its two arguments for order. Returns a negative
* integer, zero, or a positive integer as the first argument
* is less than, equal to, or greater than the second.
*
* @param o1 The first Option to be compared.
* @param o2 The second Option to be compared.
* @return a negative integer, zero, or a positive integer as
*         the first argument is less than, equal to, or greater than the
*         second.
*/
public int compare(Object o1, Object o2)
{
Option opt1 = (Option) o1;
Option opt2 = (Option) o2;
","Bug type SE_COMPARATOR_SHOULD_BE_SERIALIZABLE (click for details)
In class org.apache.commons.cli.HelpFormatter$OptionComparatorAt HelpFormatter.java:[lines 1002-1021]","1"
"org.apache.commons.cli.CommandLine.getArgList() may expose internal representation by returning CommandLine.args","return args;","Bug type EI_EXPOSE_REP (click for details)
In class org.apache.commons.cli.CommandLineIn method org.apache.commons.cli.CommandLine.getArgList()Field org.apache.commons.cli.CommandLine.argsAt CommandLine.java:[line 245]","1"
"new org.apache.commons.cli.AlreadySelectedException(OptionGroup, Option) may expose internal representation by storing an externally mutable object into AlreadySelectedException.option","this.option = option;","Bug type EI_EXPOSE_REP2 (click for details)
In class org.apache.commons.cli.AlreadySelectedExceptionIn method new org.apache.commons.cli.AlreadySelectedException(OptionGroup, Option)Field org.apache.commons.cli.AlreadySelectedException.optionLocal variable named optionAt AlreadySelectedException.java:[line 63]","1"
"org.apache.commons.cli.Parser.parse(Options, String[], Properties, boolean) may expose internal representation by returning Parser.cmd","return cmd;","Bug type EI_EXPOSE_REP (click for details)
In class org.apache.commons.cli.ParserIn method org.apache.commons.cli.Parser.parse(Options, String[], Properties, boolean)Field org.apache.commons.cli.Parser.cmdAt Parser.java:[line 227]","1"
"Comparison of String objects using == or != in org.apache.commons.cli2.option.GroupImpl.process(WriteableCommandLine, ListIterator)","if (arg == previous) {","Bug type ES_COMPARING_STRINGS_WITH_EQ (click for details)
In class org.apache.commons.cli2.option.GroupImplIn method org.apache.commons.cli2.option.GroupImpl.process(WriteableCommandLine, ListIterator)Actual type StringValue loaded from previousValue loaded from argAt GroupImpl.java:[line 167]","1"
"new org.apache.commons.cli2.option.ArgumentImpl(String, String, int, int, char, char, Validator, String, List, int) may expose internal representation by storing an externally mutable object into ArgumentImpl.defaultValues","this.defaultValues = valueDefaults;","Bug type EI_EXPOSE_REP2 (click for details)
In class org.apache.commons.cli2.option.ArgumentImplIn method new org.apache.commons.cli2.option.ArgumentImpl(String, String, int, int, char, char, Validator, String, List, int)Field org.apache.commons.cli2.option.ArgumentImpl.defaultValuesLocal variable named valueDefaultsAt ArgumentImpl.java:[line 118]","1"
"org.apache.commons.cli2.validation.DateValidator.setFormats(DateFormat[]) may expose internal representation by storing an externally mutable object into DateValidator.formats","this.formats = formats;","Bug type EI_EXPOSE_REP2 (click for details)
In class org.apache.commons.cli2.validation.DateValidatorIn method org.apache.commons.cli2.validation.DateValidator.setFormats(DateFormat[])Field org.apache.commons.cli2.validation.DateValidator.formatsLocal variable named formatsAt DateValidator.java:[line 296]","0"
"org.apache.commons.cli2.util.HelpFormatter.setPrintWriter(PrintWriter) may expose internal representation by storing an externally mutable object into HelpFormatter.out","this.out = out;","Bug type EI_EXPOSE_REP2 (click for details)
In class org.apache.commons.cli2.util.HelpFormatterIn method org.apache.commons.cli2.util.HelpFormatter.setPrintWriter(PrintWriter)Field org.apache.commons.cli2.util.HelpFormatter.outLocal variable named outAt HelpFormatter.java:[line 629]","1"
"Found reliance on default encoding in org.apache.commons.cli.HelpFormatter.printHelp(int, String, String, Options, String, boolean): new java.io.PrintWriter(OutputStream)","PrintWriter pw = new PrintWriter(System.out);","Bug type DM_DEFAULT_ENCODING (click for details)
In class org.apache.commons.cli.HelpFormatterIn method org.apache.commons.cli.HelpFormatter.printHelp(int, String, String, Options, String, boolean)Called method new java.io.PrintWriter(OutputStream)At HelpFormatter.java:[line 344]","1"
"org.apache.commons.cli.HelpFormatter$OptionComparator implements Comparator but not Serializable","private static class OptionComparator
implements Comparator {

/**
* <p>Compares its two arguments for order. Returns a negative
* integer, zero, or a positive integer as the first argument
* is less than, equal to, or greater than the second.</p>
*
* @param o1 The first Option to be compared.
* @param o2 The second Option to be compared.
*
* @return a negative integer, zero, or a positive integer as
* the first argument is less than, equal to, or greater than the
* second.
*/
public int compare(Object o1, Object o2)
{
Option opt1 = (Option)o1;
Option opt2 = (Option)o2;
","Bug type SE_COMPARATOR_SHOULD_BE_SERIALIZABLE (click for details)
In class org.apache.commons.cli.HelpFormatter$OptionComparatorAt HelpFormatter.java:[lines 934-954]","1"
"org.apache.commons.cli.Parser.parse(Options, String[], Properties, boolean) may expose internal representation by returning Parser.cmd","return cmd;","Bug type EI_EXPOSE_REP (click for details)
In class org.apache.commons.cli.ParserIn method org.apache.commons.cli.Parser.parse(Options, String[], Properties, boolean)Field org.apache.commons.cli.Parser.cmdAt Parser.java:[line 240]","1"
"org.apache.commons.cli.HelpFormatter$OptionComparator implements Comparator but not Serializable","private static class OptionComparator implements Comparator
{

/**
* Compares its two arguments for order. Returns a negative
* integer, zero, or a positive integer as the first argument
* is less than, equal to, or greater than the second.
*
* @param o1 The first Option to be compared.
* @param o2 The second Option to be compared.
* @return a negative integer, zero, or a positive integer as
*         the first argument is less than, equal to, or greater than the
*         second.
*/
public int compare(Object o1, Object o2)
{
Option opt1 = (Option) o1;
Option opt2 = (Option) o2;
","Bug type SE_COMPARATOR_SHOULD_BE_SERIALIZABLE (click for details)
In class org.apache.commons.cli.HelpFormatter$OptionComparatorAt HelpFormatter.java:[lines 962-981]","1"
"org.apache.commons.cli.Options.getRequiredOptions() may expose internal representation by returning Options.requiredOpts","return requiredOpts;","Bug type EI_EXPOSE_REP (click for details)
In class org.apache.commons.cli.OptionsIn method org.apache.commons.cli.Options.getRequiredOptions()Field org.apache.commons.cli.Options.requiredOptsAt Options.java:[line 212]","1"
"new org.apache.commons.cli2.commandline.PreferencesCommandLine(Option, Preferences, char) may expose internal representation by storing an externally mutable object into PreferencesCommandLine.root","this.root = root;","Bug type EI_EXPOSE_REP2 (click for details)
In class org.apache.commons.cli2.commandline.PreferencesCommandLineIn method new org.apache.commons.cli2.commandline.PreferencesCommandLine(Option, Preferences, char)Field org.apache.commons.cli2.commandline.PreferencesCommandLine.rootLocal variable named rootAt PreferencesCommandLine.java:[line 76]","1"
"org.apache.commons.cli2.option.ReverseStringComparator.compare(Object, Object) negates the return value of String.compareTo(String)","return -s1.compareTo(s2);","Bug type RV_NEGATING_RESULT_OF_COMPARETO (click for details)
In class org.apache.commons.cli2.option.ReverseStringComparatorIn method org.apache.commons.cli2.option.ReverseStringComparator.compare(Object, Object)Called method String.compareTo(String)Return value of String.compareTo(String) of type intAt GroupImpl.java:[line 515]","0"
"org.apache.commons.cli2.util.HelpFormatter.setDisplaySettings(Set) may expose internal representation by storing an externally mutable object into HelpFormatter.displaySettings","this.displaySettings = displaySettings;","Bug type EI_EXPOSE_REP2 (click for details)
In class org.apache.commons.cli2.util.HelpFormatterIn method org.apache.commons.cli2.util.HelpFormatter.setDisplaySettings(Set)Field org.apache.commons.cli2.util.HelpFormatter.displaySettingsLocal variable named displaySettingsAt HelpFormatter.java:[line 456]","1"
"org.apache.commons.cli.Options.getRequiredOptions() may expose internal representation by returning Options.requiredOpts","return requiredOpts;","Bug type EI_EXPOSE_REP (click for details)
In class org.apache.commons.cli.OptionsIn method org.apache.commons.cli.Options.getRequiredOptions()Field org.apache.commons.cli.Options.requiredOptsAt Options.java:[line 215]","1"
"org.apache.commons.cli.Option.getValuesList() may expose internal representation by returning Option.values","return this.values;","Bug type EI_EXPOSE_REP (click for details)
In class org.apache.commons.cli.OptionIn method org.apache.commons.cli.Option.getValuesList()Field org.apache.commons.cli.Option.valuesAt Option.java:[line 553]","0"
"org.apache.commons.cli2.util.Comparators$CommandFirst implements Comparator but not Serializable","private static class CommandFirst implements Comparator {
public int compare(final Object left, final Object right) {
final boolean l = left instanceof Command;
final boolean r = right instanceof Command;

if (l ^ r) {
if (l) {
return -1;
}
return 1;
}","Bug type SE_COMPARATOR_SHOULD_BE_SERIALIZABLE (click for details)
In class org.apache.commons.cli2.util.Comparators$CommandFirstAt Comparators.java:[lines 287-298]","0"
"new org.apache.commons.cli.AlreadySelectedException(OptionGroup, Option) may expose internal representation by storing an externally mutable object into AlreadySelectedException.group","this.group = group;","Bug type EI_EXPOSE_REP2 (click for details)
In class org.apache.commons.cli.AlreadySelectedExceptionIn method new org.apache.commons.cli.AlreadySelectedException(OptionGroup, Option)Field org.apache.commons.cli.AlreadySelectedException.groupLocal variable named groupAt AlreadySelectedException.java:[line 60]","1"
"org.apache.commons.cli2.commandline.Parser.parse(String[]) invokes inefficient new String(String) constructor","argumentList.add(new String(argument));","Bug type DM_STRING_CTOR (click for details)
In class org.apache.commons.cli2.commandline.ParserIn method org.apache.commons.cli2.commandline.Parser.parse(String[])At Parser.java:[line 66]","1"
"Load of known null value in org.apache.commons.cli2.commandline.WriteableCommandLineImpl.setDefaultSwitch(Option, Boolean)","defaultSwitches.remove(defaultSwitch);","Bug type NP_LOAD_OF_KNOWN_NULL_VALUE (click for details)
In class org.apache.commons.cli2.commandline.WriteableCommandLineImplIn method org.apache.commons.cli2.commandline.WriteableCommandLineImpl.setDefaultSwitch(Option, Boolean)Value loaded from defaultSwitchAt WriteableCommandLineImpl.java:[line 217]","1"
"org.apache.commons.cli.MissingArgumentException.getOption() may expose internal representation by returning MissingArgumentException.option","return option;","Bug type EI_EXPOSE_REP (click for details)
In class org.apache.commons.cli.MissingArgumentExceptionIn method org.apache.commons.cli.MissingArgumentException.getOption()Field org.apache.commons.cli.MissingArgumentException.optionAt MissingArgumentException.java:[line 65]","0"
"Found reliance on default encoding in org.apache.commons.cli.HelpFormatter.printHelp(int, String, String, Options, String, boolean): new java.io.PrintWriter(OutputStream)","PrintWriter pw = new PrintWriter(System.out);","Bug type DM_DEFAULT_ENCODING (click for details)
In class org.apache.commons.cli.HelpFormatterIn method org.apache.commons.cli.HelpFormatter.printHelp(int, String, String, Options, String, boolean)Called method new java.io.PrintWriter(OutputStream)At HelpFormatter.java:[line 490]","1"
"org.apache.commons.cli.Option.getValuesList() may expose internal representation by returning Option.values","return values;","Bug type EI_EXPOSE_REP (click for details)
In class org.apache.commons.cli.OptionIn method org.apache.commons.cli.Option.getValuesList()Field org.apache.commons.cli.Option.valuesAt Option.java:[line 541]","0"
"org.apache.commons.cli2.util.HelpFormatter.setFullUsageSettings(Set) may expose internal representation by storing an externally mutable object into HelpFormatter.fullUsageSettings","this.fullUsageSettings = fullUsageSettings;","Bug type EI_EXPOSE_REP2 (click for details)
In class org.apache.commons.cli2.util.HelpFormatterIn method org.apache.commons.cli2.util.HelpFormatter.setFullUsageSettings(Set)Field org.apache.commons.cli2.util.HelpFormatter.fullUsageSettingsLocal variable named fullUsageSettingsAt HelpFormatter.java:[line 490]","1"
"org.apache.commons.cli.Option.getValuesList() may expose internal representation by returning Option.values","return values;","Bug type EI_EXPOSE_REP (click for details)
In class org.apache.commons.cli.OptionIn method org.apache.commons.cli.Option.getValuesList()Field org.apache.commons.cli.Option.valuesAt Option.java:[line 570]","0"
"new org.apache.commons.cli.MissingOptionException(List) may expose internal representation by storing an externally mutable object into MissingOptionException.missingOptions","this.missingOptions = missingOptions;","Bug type EI_EXPOSE_REP2 (click for details)
In class org.apache.commons.cli.MissingOptionExceptionIn method new org.apache.commons.cli.MissingOptionException(List)Field org.apache.commons.cli.MissingOptionException.missingOptionsLocal variable named missingOptionsAt MissingOptionException.java:[line 57]","1"
"org.apache.commons.cli.CommandLine.getArgList() may expose internal representation by returning CommandLine.args","return args;","Bug type EI_EXPOSE_REP (click for details)
In class org.apache.commons.cli.CommandLineIn method org.apache.commons.cli.CommandLine.getArgList()Field org.apache.commons.cli.CommandLine.argsAt CommandLine.java:[line 234]","1"
"org.apache.commons.cli2.commandline.Parser.setHelpFormatter(HelpFormatter) may expose internal representation by storing an externally mutable object into Parser.helpFormatter","this.helpFormatter = helpFormatter;","Bug type EI_EXPOSE_REP2 (click for details)
In class org.apache.commons.cli2.commandline.ParserIn method org.apache.commons.cli2.commandline.Parser.setHelpFormatter(HelpFormatter)Field org.apache.commons.cli2.commandline.Parser.helpFormatterLocal variable named helpFormatterAt Parser.java:[line 154]","1"
"org.apache.commons.cli.HelpFormatter$OptionComparator implements Comparator but not Serializable","private static class OptionComparator implements Comparator
{

/**
* Compares its two arguments for order. Returns a negative
* integer, zero, or a positive integer as the first argument
* is less than, equal to, or greater than the second.
*
* @param o1 The first Option to be compared.
* @param o2 The second Option to be compared.
* @return a negative integer, zero, or a positive integer as
*         the first argument is less than, equal to, or greater than the
*         second.
*/
public int compare(Object o1, Object o2)
{
Option opt1 = (Option) o1;
Option opt2 = (Option) o2;
","Bug type SE_COMPARATOR_SHOULD_BE_SERIALIZABLE (click for details)
In class org.apache.commons.cli.HelpFormatter$OptionComparatorAt HelpFormatter.java:[lines 991-1010]","1"
"new org.apache.commons.cli2.commandline.WriteableCommandLineImpl(Option, List) may expose internal representation by storing an externally mutable object into WriteableCommandLineImpl.normalised","this.normalised = arguments;","Bug type EI_EXPOSE_REP2 (click for details)
In class org.apache.commons.cli2.commandline.WriteableCommandLineImplIn method new org.apache.commons.cli2.commandline.WriteableCommandLineImpl(Option, List)Field org.apache.commons.cli2.commandline.WriteableCommandLineImpl.normalisedLocal variable named argumentsAt WriteableCommandLineImpl.java:[line 62]","1"
"org.apache.commons.cli2.option.ArgumentImpl.getDefaultValues() may expose internal representation by returning ArgumentImpl.defaultValues","return this.defaultValues;","Bug type EI_EXPOSE_REP (click for details)
In class org.apache.commons.cli2.option.ArgumentImplIn method org.apache.commons.cli2.option.ArgumentImpl.getDefaultValues()Field org.apache.commons.cli2.option.ArgumentImpl.defaultValuesAt ArgumentImpl.java:[line 222]","1"
"org.apache.commons.cli2.validation.DateValidator.getMinimum() may expose internal representation by returning DateValidator.minimum","return minimum;","Bug type EI_EXPOSE_REP (click for details)
In class org.apache.commons.cli2.validation.DateValidatorIn method org.apache.commons.cli2.validation.DateValidator.getMinimum()Field org.apache.commons.cli2.validation.DateValidator.minimumAt DateValidator.java:[line 230]","0"
"org.apache.commons.cli2.util.Comparators$Required implements Comparator but not Serializable","private static class Required implements Comparator {
public int compare(final Object oleft, final Object oright) {
final Option left = (Option)oleft;
final Option right = (Option)oright;

final boolean l = left.isRequired();
final boolean r = right.isRequired();

if (l ^ r) {
if (l) {
return -1;
}
return 1;
}","Bug type SE_COMPARATOR_SHOULD_BE_SERIALIZABLE (click for details)
In class org.apache.commons.cli2.util.Comparators$RequiredAt Comparators.java:[lines 439-453]","0"
"new org.apache.commons.cli2.commandline.PropertiesCommandLine(Option, Properties, char) may expose internal representation by storing an externally mutable object into PropertiesCommandLine.root","this.root = root;","Bug type EI_EXPOSE_REP2 (click for details)
In class org.apache.commons.cli2.commandline.PropertiesCommandLineIn method new org.apache.commons.cli2.commandline.PropertiesCommandLine(Option, Properties, char)Field org.apache.commons.cli2.commandline.PropertiesCommandLine.rootLocal variable named rootAt PropertiesCommandLine.java:[line 72]","1"
"org.apache.commons.cli.DefaultParser.parse(Options, String[], boolean) may expose internal representation by returning DefaultParser.cmd","return cmd;","Bug type EI_EXPOSE_REP (click for details)
In class org.apache.commons.cli.DefaultParserIn method org.apache.commons.cli.DefaultParser.parse(Options, String[], boolean)Field org.apache.commons.cli.DefaultParser.cmdAt DefaultParser.java:[line 90]","1"
"new org.apache.commons.cli.MissingArgumentException(Option) may expose internal representation by storing an externally mutable object into MissingArgumentException.option","this.option = option;","Bug type EI_EXPOSE_REP2 (click for details)
In class org.apache.commons.cli.MissingArgumentExceptionIn method new org.apache.commons.cli.MissingArgumentException(Option)Field org.apache.commons.cli.MissingArgumentException.optionLocal variable named optionAt MissingArgumentException.java:[line 53]","0"
"org.apache.commons.cli.MissingOptionException.getMissingOptions() may expose internal representation by returning MissingOptionException.missingOptions","return missingOptions;","Bug type EI_EXPOSE_REP (click for details)
In class org.apache.commons.cli.MissingOptionExceptionIn method org.apache.commons.cli.MissingOptionException.getMissingOptions()Field org.apache.commons.cli.MissingOptionException.missingOptionsAt MissingOptionException.java:[line 67]","1"
"org.apache.commons.cli.MissingOptionException.getMissingOptions() may expose internal representation by returning MissingOptionException.missingOptions","return missingOptions;","Bug type EI_EXPOSE_REP (click for details)
In class org.apache.commons.cli.MissingOptionExceptionIn method org.apache.commons.cli.MissingOptionException.getMissingOptions()Field org.apache.commons.cli.MissingOptionException.missingOptionsAt MissingOptionException.java:[line 65]","1"
