"Bug Id","Warning Type","Code","Warning"
"Gson/15_buggy","Bad practice Warning","NP","com.google.gson.internal.bind.TypeAdapters$7.read(JsonReader) has Boolean return type and returns explicit null"
"Gson/15_buggy","Bad practice Warning","NP","com.google.gson.internal.bind.TypeAdapters$8.read(JsonReader) has Boolean return type and returns explicit null"
"Gson/15_buggy","Bad practice Warning","Se","Class com.google.gson.internal.LinkedHashTreeMap defines non-transient non-serializable instance field entrySet"
"Gson/15_buggy","Bad practice Warning","Se","Class com.google.gson.internal.LinkedHashTreeMap defines non-transient non-serializable instance field header"
"Gson/15_buggy","Bad practice Warning","Se","Class com.google.gson.internal.LinkedHashTreeMap defines non-transient non-serializable instance field keySet"
"Gson/15_buggy","Bad practice Warning","Se","Class com.google.gson.internal.LinkedHashTreeMap defines non-transient non-serializable instance field table"
"Gson/15_buggy","Bad practice Warning","Se","Class com.google.gson.internal.LinkedTreeMap defines non-transient non-serializable instance field header"
"Gson/15_buggy","Bad practice Warning","Se","Class com.google.gson.internal.LinkedTreeMap defines non-transient non-serializable instance field keySet"
"Gson/15_buggy","Bad practice Warning","Se","Class com.google.gson.internal.LinkedTreeMap defines non-transient non-serializable instance field root"
"Gson/15_buggy","Bad practice Warning","Se","Class com.google.gson.internal.LinkedTreeMap defines non-transient non-serializable instance field entrySet"
"Gson/15_buggy","Correctness Warning","SA","Self assignment of field LinkedHashTreeMap$Node.parent in com.google.gson.internal.LinkedHashTreeMap$AvlBuilder.add(LinkedHashTreeMap$Node)"
"Gson/15_buggy","Correctness Warning","SA","Self assignment of field JsonReader.pos in com.google.gson.stream.JsonReader.nextNonWhitespace(boolean)"
"Gson/15_buggy","Dodgy code Warning","EI2","new com.google.gson.FieldAttributes(Field) may expose internal representation by storing an externally mutable object into FieldAttributes.field"
"Gson/15_buggy","Dodgy code Warning","EI2","new com.google.gson.internal.ConstructorConstructor(Map) may expose internal representation by storing an externally mutable object into ConstructorConstructor.instanceCreators"
"Gson/15_buggy","Dodgy code Warning","EI2","new com.google.gson.stream.JsonWriter(Writer) may expose internal representation by storing an externally mutable object into JsonWriter.out"
"Gson/15_buggy","Dodgy code Warning","MS","com.google.gson.internal.JsonReaderInternalAccess.INSTANCE isn't final and cannot be protected from malicious code"
"Gson/15_buggy","Malicious code vulnerability Warning","NP","Load of known null value in com.google.gson.internal.LinkedHashTreeMap.find(Object, boolean)"
"Gson/15_buggy","Malicious code vulnerability Warning","NP","Load of known null value in com.google.gson.internal.LinkedTreeMap.find(Object, boolean)"
"Gson/15_buggy","Malicious code vulnerability Warning","REC","Exception is caught when Exception is not thrown in com.google.gson.internal.UnsafeAllocator.create()"
"Gson/15_buggy","Malicious code vulnerability Warning","SF","Switch statement found in com.google.gson.stream.JsonReader.doPeek() where one case falls through to the next case"
"Gson/15_buggy","Malicious code vulnerability Warning","SF","Switch statement found in com.google.gson.stream.JsonReader.isLiteral(char) where one case falls through to the next case"
"Gson/15_buggy","Malicious code vulnerability Warning","SF","Switch statement found in com.google.gson.stream.JsonReader.nextUnquotedValue() where one case falls through to the next case"
"Gson/15_buggy","Malicious code vulnerability Warning","SF","Switch statement found in com.google.gson.stream.JsonReader.readEscapeCharacter() where one case falls through to the next case"
"Gson/15_buggy","Malicious code vulnerability Warning","SF","Switch statement found in com.google.gson.stream.JsonReader.skipUnquotedValue() where one case falls through to the next case"
