Bug Id,Modified Classes
Gson/1_buggy,com.google.gson.TypeInfoFactory
Gson/2_buggy,com.google.gson.internal.bind.TypeAdapters
Gson/3_buggy,com.google.gson.internal.ConstructorConstructor
Gson/4_buggy,com.google.gson.stream.JsonWriter
Gson/5_buggy,com.google.gson.internal.bind.util.ISO8601Utils
Gson/6_buggy,com.google.gson.internal.bind.JsonAdapterAnnotationTypeAdapterFactory
Gson/7_buggy,com.google.gson.stream.JsonReader
Gson/8_buggy,com.google.gson.internal.UnsafeAllocator
Gson/9_buggy,com.google.gson.stream.JsonWriter
Gson/10_buggy,com.google.gson.internal.bind.ReflectiveTypeAdapterFactory
Gson/11_buggy,com.google.gson.internal.bind.TypeAdapters
Gson/12_buggy,com.google.gson.internal.bind.JsonTreeReader
Gson/13_buggy,com.google.gson.stream.JsonReader
Gson/14_buggy,com.google.gson.internal.$Gson$Types
Gson/15_buggy,com.google.gson.stream.JsonWriter
Gson/16_buggy,com.google.gson.internal.$Gson$Types
Gson/17_buggy,com.google.gson.DefaultDateTypeAdapter
Gson/18_buggy,com.google.gson.internal.$Gson$Types
